ISO-10303-21;
HEADER;
/* Generated by software containing ST-Developer
 * from STEP Tools, Inc. (www.steptools.com) 
 */

FILE_DESCRIPTION(
/* description */ (''),
/* implementation_level */ '2;1');

FILE_NAME(
/* name */ 
'Stealthburner_CW2_Assembly_Stealthburner Assembly - Release v1.step',
/* time_stamp */ '2023-10-23T09:17:53+08:00',
/* author */ (''),
/* organization */ (''),
/* preprocessor_version */ 'ST-DEVELOPER v20',
/* originating_system */ 'Autodesk Translation Framework v12.14.0.127',

/* authorisation */ '');

FILE_SCHEMA (('AUTOMOTIVE_DESIGN { 1 0 10303 214 3 1 1 }'));
ENDSEC;

DATA;
#10=MECHANICAL_DESIGN_GEOMETRIC_PRESENTATION_REPRESENTATION('',(#21,#22),
#3901);
#11=ITEM_DEFINED_TRANSFORMATION($,$,#2326,#2512);
#12=ITEM_DEFINED_TRANSFORMATION($,$,#2325,#2513);
#13=(
REPRESENTATION_RELATIONSHIP($,$,#3916,#3915)
REPRESENTATION_RELATIONSHIP_WITH_TRANSFORMATION(#11)
SHAPE_REPRESENTATION_RELATIONSHIP()
);
#14=(
REPRESENTATION_RELATIONSHIP($,$,#3915,#3914)
REPRESENTATION_RELATIONSHIP_WITH_TRANSFORMATION(#12)
SHAPE_REPRESENTATION_RELATIONSHIP()
);
#15=CONTEXT_DEPENDENT_SHAPE_REPRESENTATION(#13,#3912);
#16=CONTEXT_DEPENDENT_SHAPE_REPRESENTATION(#14,#3913);
#17=NEXT_ASSEMBLY_USAGE_OCCURRENCE('led_carrier (1):1',
'led_carrier (1):1','led_carrier (1):1',#3919,#3920,'led_carrier (1):1');
#18=NEXT_ASSEMBLY_USAGE_OCCURRENCE('RB_Barf_diffuser:1',
'RB_Barf_diffuser:1','RB_Barf_diffuser:1',#3918,#3919,
'RB_Barf_diffuser:1');
#19=SHAPE_REPRESENTATION_RELATIONSHIP('SRR','None',#3916,#20);
#20=ADVANCED_BREP_SHAPE_REPRESENTATION('',(#23,#24),#3900);
#21=STYLED_ITEM('',(#3934),#23);
#22=STYLED_ITEM('',(#3935),#24);
#23=MANIFOLD_SOLID_BREP('\X2\5B9E4F53\X0\1',#2310);
#24=MANIFOLD_SOLID_BREP('\X2\5B9E4F53\X0\4',#2311);
#25=FACE_BOUND('',#296,.T.);
#26=B_SPLINE_CURVE_WITH_KNOTS('',3,(#3432,#3433,#3434,#3435,#3436,#3437,
#3438,#3439,#3440,#3441),.UNSPECIFIED.,.F.,.F.,(4,2,2,2,4),(0.165004251465975,
0.242684174103918,0.323578898805224,0.369752172583398,0.387703687565042),
 .UNSPECIFIED.);
#27=B_SPLINE_CURVE_WITH_KNOTS('',3,(#3460,#3461,#3462,#3463,#3464,#3465,
#3466,#3467),.UNSPECIFIED.,.F.,.F.,(4,2,2,4),(0.00362095272438328,0.0371460399056434,
0.0742920798112867,0.0965734389202092),.UNSPECIFIED.);
#28=B_SPLINE_CURVE_WITH_KNOTS('',3,(#3615,#3616,#3617,#3618,#3619,#3620,
#3621,#3622),.UNSPECIFIED.,.F.,.F.,(4,2,2,4),(1.25724654087573,1.30471408782021,
1.42494428842567,1.45250032384125),.UNSPECIFIED.);
#29=B_SPLINE_CURVE_WITH_KNOTS('',3,(#3724,#3725,#3726,#3727,#3728,#3729,
#3730,#3731,#3732,#3733,#3734,#3735,#3736,#3737,#3738,#3739,#3740,#3741,
#3742),.UNSPECIFIED.,.F.,.F.,(4,3,3,3,3,3,4),(9.99999798151029E-7,0.015389293457358,
0.017778209945859,0.021235782028692,0.0353504891398007,0.0379894607792896,
0.0432722393222816),.UNSPECIFIED.);
#30=(
BOUNDED_SURFACE()
B_SPLINE_SURFACE(1,2,((#3423,#3424,#3425),(#3426,#3427,#3428)),
 .UNSPECIFIED.,.F.,.F.,.F.)
B_SPLINE_SURFACE_WITH_KNOTS((2,2),(3,3),(0.659230167218036,2.25947609552542),
(-0.291066742018464,0.572428747977328),.UNSPECIFIED.)
GEOMETRIC_REPRESENTATION_ITEM()
RATIONAL_B_SPLINE_SURFACE(((1.,0.908235777917342,1.),(1.,0.908235777917342,
1.)))
REPRESENTATION_ITEM('')
SURFACE()
);
#31=(
BOUNDED_SURFACE()
B_SPLINE_SURFACE(2,1,((#3705,#3706),(#3707,#3708),(#3709,#3710),(#3711,
#3712),(#3713,#3714),(#3715,#3716),(#3717,#3718)),.UNSPECIFIED.,.F.,.F.,
 .F.)
B_SPLINE_SURFACE_WITH_KNOTS((3,2,2,3),(2,2),(-1.60267527890696,-0.57479232550047,
0.19628930668633,0.397842739188076),(0.,0.13418293881888),.UNSPECIFIED.)
GEOMETRIC_REPRESENTATION_ITEM()
RATIONAL_B_SPLINE_SURFACE(((1.,1.),(1.,1.),(1.,1.),(0.926595188721961,0.926595188721961),
(1.,1.),(1.,1.),(1.,1.)))
REPRESENTATION_ITEM('')
SURFACE()
);
#32=CYLINDRICAL_SURFACE('',#2365,1.00000000000001);
#33=CYLINDRICAL_SURFACE('',#2368,0.3);
#34=CYLINDRICAL_SURFACE('',#2377,0.3);
#35=CYLINDRICAL_SURFACE('',#2380,2.);
#36=CYLINDRICAL_SURFACE('',#2386,1.);
#37=CYLINDRICAL_SURFACE('',#2394,2.);
#38=CYLINDRICAL_SURFACE('',#2396,2.);
#39=CYLINDRICAL_SURFACE('',#2397,2.);
#40=CYLINDRICAL_SURFACE('',#2401,0.9);
#41=CYLINDRICAL_SURFACE('',#2403,2.);
#42=CYLINDRICAL_SURFACE('',#2420,6.);
#43=CYLINDRICAL_SURFACE('',#2421,6.);
#44=CYLINDRICAL_SURFACE('',#2424,4.);
#45=CYLINDRICAL_SURFACE('',#2430,2.);
#46=CYLINDRICAL_SURFACE('',#2442,1.);
#47=CYLINDRICAL_SURFACE('',#2456,1.01367507380535);
#48=CYLINDRICAL_SURFACE('',#2466,2.58589687451587);
#49=CYLINDRICAL_SURFACE('',#2481,4.15358983848613);
#50=CYLINDRICAL_SURFACE('',#2483,4.15358983848613);
#51=CYLINDRICAL_SURFACE('',#2484,1.50156539231219);
#52=CYLINDRICAL_SURFACE('',#2487,1.5);
#53=CYLINDRICAL_SURFACE('',#2492,1.50000000000001);
#54=CYLINDRICAL_SURFACE('',#2497,1.4);
#55=CYLINDRICAL_SURFACE('',#2501,1.49999999999999);
#56=CYLINDRICAL_SURFACE('',#2507,1.5);
#57=CONICAL_SURFACE('',#2362,4.5,0.523598775598299);
#58=(
BOUNDED_CURVE()
B_SPLINE_CURVE(2,(#3240,#3241,#3242),.UNSPECIFIED.,.F.,.F.)
B_SPLINE_CURVE_WITH_KNOTS((3,3),(0.755958748156407,2.50347048611336),
 .UNSPECIFIED.)
CURVE()
GEOMETRIC_REPRESENTATION_ITEM()
RATIONAL_B_SPLINE_CURVE((1.84082333848019,2.50653599035719,1.75690966556655))
REPRESENTATION_ITEM('')
);
#59=(
BOUNDED_CURVE()
B_SPLINE_CURVE(2,(#3256,#3257,#3258),.UNSPECIFIED.,.F.,.F.)
B_SPLINE_CURVE_WITH_KNOTS((3,3),(0.652698204611868,2.39895501963484),
 .UNSPECIFIED.)
CURVE()
GEOMETRIC_REPRESENTATION_ITEM()
RATIONAL_B_SPLINE_CURVE((1.75675775351741,2.50506987090102,1.84064652659879))
REPRESENTATION_ITEM('')
);
#60=(
BOUNDED_CURVE()
B_SPLINE_CURVE(2,(#3365,#3366,#3367),.UNSPECIFIED.,.F.,.F.)
B_SPLINE_CURVE_WITH_KNOTS((3,3),(0.,0.230050648562797),.UNSPECIFIED.)
CURVE()
GEOMETRIC_REPRESENTATION_ITEM()
RATIONAL_B_SPLINE_CURVE((1.,1.03839758942126,1.))
REPRESENTATION_ITEM('')
);
#61=ELLIPSE('',#2338,4.06065278014985,4.);
#62=ELLIPSE('',#2353,6.91841347750038,2.34454170898864);
#63=ELLIPSE('',#2354,4.39521889732981,4.);
#64=ELLIPSE('',#2361,3.10366002138353,2.);
#65=ELLIPSE('',#2369,0.424264068711925,0.3);
#66=ELLIPSE('',#2370,0.424264068711927,0.3);
#67=ELLIPSE('',#2374,2.82842712474616,2.);
#68=ELLIPSE('',#2375,2.82842712474616,2.);
#69=ELLIPSE('',#2376,0.424264068711925,0.3);
#70=ELLIPSE('',#2378,0.424264068711927,0.3);
#71=ELLIPSE('',#2383,6.94299023624536,2.20323722169528);
#72=ELLIPSE('',#2387,1.99999999999998,1.);
#73=ELLIPSE('',#2391,11.9999999999999,6.);
#74=ELLIPSE('',#2392,4.00000000000012,2.);
#75=ELLIPSE('',#2393,11.9999999999999,6.);
#76=ELLIPSE('',#2395,2.82842712474623,2.);
#77=ELLIPSE('',#2404,2.82842712474623,2.);
#78=ELLIPSE('',#2418,2.88606181492177,2.);
#79=ELLIPSE('',#2425,109.96156047286,4.);
#80=ELLIPSE('',#2426,4.20383496129945,4.);
#81=ELLIPSE('',#2427,7.42102216725684,4.);
#82=ELLIPSE('',#2431,3.20276772977628,2.);
#83=ELLIPSE('',#2432,2.88606181492177,2.);
#84=ELLIPSE('',#2443,2.,1.);
#85=ELLIPSE('',#2444,2.00000000000004,1.);
#86=ELLIPSE('',#2452,4.54404663646507,2.304186186941);
#87=ELLIPSE('',#2453,1.43355303721507,1.01367507380535);
#88=ELLIPSE('',#2454,2.88606181492177,2.);
#89=ELLIPSE('',#2455,2.88606181492177,2.);
#90=ELLIPSE('',#2462,3.65701043083854,2.58589687451587);
#91=ELLIPSE('',#2467,3.65701043083843,2.58589687451587);
#92=ELLIPSE('',#2468,3.65701043083842,2.58589687451587);
#93=CIRCLE('',#2330,2.);
#94=CIRCLE('',#2331,0.3);
#95=CIRCLE('',#2333,2.);
#96=CIRCLE('',#2334,0.9);
#97=CIRCLE('',#2335,2.);
#98=CIRCLE('',#2343,4.5);
#99=CIRCLE('',#2344,2.);
#100=CIRCLE('',#2345,6.);
#101=CIRCLE('',#2346,0.9);
#102=CIRCLE('',#2347,2.);
#103=CIRCLE('',#2348,2.);
#104=CIRCLE('',#2349,2.);
#105=CIRCLE('',#2350,2.);
#106=CIRCLE('',#2356,4.15358983848638);
#107=CIRCLE('',#2357,4.15358983848613);
#108=CIRCLE('',#2358,1.00000000000001);
#109=CIRCLE('',#2359,1.01367507380535);
#110=CIRCLE('',#2360,1.);
#111=CIRCLE('',#2363,4.15358983848638);
#112=CIRCLE('',#2364,4.15358983848624);
#113=CIRCLE('',#2366,1.00000000000001);
#114=CIRCLE('',#2379,0.3);
#115=CIRCLE('',#2381,2.);
#116=CIRCLE('',#2398,2.);
#117=CIRCLE('',#2402,0.9);
#118=CIRCLE('',#2405,2.);
#119=CIRCLE('',#2417,1.01367507380535);
#120=CIRCLE('',#2419,6.);
#121=CIRCLE('',#2485,1.50156539231219);
#122=CIRCLE('',#2486,1.50156539231219);
#123=CIRCLE('',#2488,1.5);
#124=CIRCLE('',#2489,1.5);
#125=CIRCLE('',#2493,1.50000000000001);
#126=CIRCLE('',#2494,1.50000000000001);
#127=CIRCLE('',#2498,1.4);
#128=CIRCLE('',#2499,1.4);
#129=CIRCLE('',#2502,1.49999999999999);
#130=CIRCLE('',#2503,1.49999999999999);
#131=CIRCLE('',#2508,1.5);
#132=CIRCLE('',#2509,1.5);
#133=FACE_OUTER_BOUND('',#248,.T.);
#134=FACE_OUTER_BOUND('',#249,.T.);
#135=FACE_OUTER_BOUND('',#250,.T.);
#136=FACE_OUTER_BOUND('',#251,.T.);
#137=FACE_OUTER_BOUND('',#252,.T.);
#138=FACE_OUTER_BOUND('',#253,.T.);
#139=FACE_OUTER_BOUND('',#254,.T.);
#140=FACE_OUTER_BOUND('',#255,.T.);
#141=FACE_OUTER_BOUND('',#256,.T.);
#142=FACE_OUTER_BOUND('',#257,.T.);
#143=FACE_OUTER_BOUND('',#258,.T.);
#144=FACE_OUTER_BOUND('',#259,.T.);
#145=FACE_OUTER_BOUND('',#260,.T.);
#146=FACE_OUTER_BOUND('',#261,.T.);
#147=FACE_OUTER_BOUND('',#262,.T.);
#148=FACE_OUTER_BOUND('',#263,.T.);
#149=FACE_OUTER_BOUND('',#264,.T.);
#150=FACE_OUTER_BOUND('',#265,.T.);
#151=FACE_OUTER_BOUND('',#266,.T.);
#152=FACE_OUTER_BOUND('',#267,.T.);
#153=FACE_OUTER_BOUND('',#268,.T.);
#154=FACE_OUTER_BOUND('',#269,.T.);
#155=FACE_OUTER_BOUND('',#270,.T.);
#156=FACE_OUTER_BOUND('',#271,.T.);
#157=FACE_OUTER_BOUND('',#272,.T.);
#158=FACE_OUTER_BOUND('',#273,.T.);
#159=FACE_OUTER_BOUND('',#274,.T.);
#160=FACE_OUTER_BOUND('',#275,.T.);
#161=FACE_OUTER_BOUND('',#276,.T.);
#162=FACE_OUTER_BOUND('',#277,.T.);
#163=FACE_OUTER_BOUND('',#278,.T.);
#164=FACE_OUTER_BOUND('',#279,.T.);
#165=FACE_OUTER_BOUND('',#280,.T.);
#166=FACE_OUTER_BOUND('',#281,.T.);
#167=FACE_OUTER_BOUND('',#282,.T.);
#168=FACE_OUTER_BOUND('',#283,.T.);
#169=FACE_OUTER_BOUND('',#284,.T.);
#170=FACE_OUTER_BOUND('',#285,.T.);
#171=FACE_OUTER_BOUND('',#286,.T.);
#172=FACE_OUTER_BOUND('',#287,.T.);
#173=FACE_OUTER_BOUND('',#288,.T.);
#174=FACE_OUTER_BOUND('',#289,.T.);
#175=FACE_OUTER_BOUND('',#290,.T.);
#176=FACE_OUTER_BOUND('',#291,.T.);
#177=FACE_OUTER_BOUND('',#292,.T.);
#178=FACE_OUTER_BOUND('',#293,.T.);
#179=FACE_OUTER_BOUND('',#294,.T.);
#180=FACE_OUTER_BOUND('',#295,.T.);
#181=FACE_OUTER_BOUND('',#297,.T.);
#182=FACE_OUTER_BOUND('',#298,.T.);
#183=FACE_OUTER_BOUND('',#299,.T.);
#184=FACE_OUTER_BOUND('',#300,.T.);
#185=FACE_OUTER_BOUND('',#301,.T.);
#186=FACE_OUTER_BOUND('',#302,.T.);
#187=FACE_OUTER_BOUND('',#303,.T.);
#188=FACE_OUTER_BOUND('',#304,.T.);
#189=FACE_OUTER_BOUND('',#305,.T.);
#190=FACE_OUTER_BOUND('',#306,.T.);
#191=FACE_OUTER_BOUND('',#307,.T.);
#192=FACE_OUTER_BOUND('',#308,.T.);
#193=FACE_OUTER_BOUND('',#309,.T.);
#194=FACE_OUTER_BOUND('',#310,.T.);
#195=FACE_OUTER_BOUND('',#311,.T.);
#196=FACE_OUTER_BOUND('',#312,.T.);
#197=FACE_OUTER_BOUND('',#313,.T.);
#198=FACE_OUTER_BOUND('',#314,.T.);
#199=FACE_OUTER_BOUND('',#315,.T.);
#200=FACE_OUTER_BOUND('',#316,.T.);
#201=FACE_OUTER_BOUND('',#317,.T.);
#202=FACE_OUTER_BOUND('',#318,.T.);
#203=FACE_OUTER_BOUND('',#319,.T.);
#204=FACE_OUTER_BOUND('',#320,.T.);
#205=FACE_OUTER_BOUND('',#321,.T.);
#206=FACE_OUTER_BOUND('',#322,.T.);
#207=FACE_OUTER_BOUND('',#323,.T.);
#208=FACE_OUTER_BOUND('',#324,.T.);
#209=FACE_OUTER_BOUND('',#325,.T.);
#210=FACE_OUTER_BOUND('',#326,.T.);
#211=FACE_OUTER_BOUND('',#327,.T.);
#212=FACE_OUTER_BOUND('',#328,.T.);
#213=FACE_OUTER_BOUND('',#329,.T.);
#214=FACE_OUTER_BOUND('',#330,.T.);
#215=FACE_OUTER_BOUND('',#331,.T.);
#216=FACE_OUTER_BOUND('',#332,.T.);
#217=FACE_OUTER_BOUND('',#333,.T.);
#218=FACE_OUTER_BOUND('',#334,.T.);
#219=FACE_OUTER_BOUND('',#335,.T.);
#220=FACE_OUTER_BOUND('',#336,.T.);
#221=FACE_OUTER_BOUND('',#337,.T.);
#222=FACE_OUTER_BOUND('',#338,.T.);
#223=FACE_OUTER_BOUND('',#339,.T.);
#224=FACE_OUTER_BOUND('',#340,.T.);
#225=FACE_OUTER_BOUND('',#341,.T.);
#226=FACE_OUTER_BOUND('',#342,.T.);
#227=FACE_OUTER_BOUND('',#343,.T.);
#228=FACE_OUTER_BOUND('',#344,.T.);
#229=FACE_OUTER_BOUND('',#345,.T.);
#230=FACE_OUTER_BOUND('',#346,.T.);
#231=FACE_OUTER_BOUND('',#347,.T.);
#232=FACE_OUTER_BOUND('',#348,.T.);
#233=FACE_OUTER_BOUND('',#349,.T.);
#234=FACE_OUTER_BOUND('',#350,.T.);
#235=FACE_OUTER_BOUND('',#351,.T.);
#236=FACE_OUTER_BOUND('',#352,.T.);
#237=FACE_OUTER_BOUND('',#353,.T.);
#238=FACE_OUTER_BOUND('',#354,.T.);
#239=FACE_OUTER_BOUND('',#355,.T.);
#240=FACE_OUTER_BOUND('',#356,.T.);
#241=FACE_OUTER_BOUND('',#357,.T.);
#242=FACE_OUTER_BOUND('',#358,.T.);
#243=FACE_OUTER_BOUND('',#359,.T.);
#244=FACE_OUTER_BOUND('',#360,.T.);
#245=FACE_OUTER_BOUND('',#361,.T.);
#246=FACE_OUTER_BOUND('',#362,.T.);
#247=FACE_OUTER_BOUND('',#363,.T.);
#248=EDGE_LOOP('',(#1436,#1437,#1438,#1439,#1440));
#249=EDGE_LOOP('',(#1441,#1442,#1443,#1444));
#250=EDGE_LOOP('',(#1445,#1446,#1447,#1448,#1449,#1450,#1451));
#251=EDGE_LOOP('',(#1452,#1453,#1454,#1455,#1456,#1457,#1458,#1459,#1460,
#1461,#1462,#1463,#1464,#1465,#1466,#1467));
#252=EDGE_LOOP('',(#1468,#1469,#1470,#1471,#1472));
#253=EDGE_LOOP('',(#1473,#1474,#1475,#1476,#1477));
#254=EDGE_LOOP('',(#1478,#1479,#1480,#1481,#1482,#1483,#1484,#1485,#1486));
#255=EDGE_LOOP('',(#1487,#1488,#1489,#1490));
#256=EDGE_LOOP('',(#1491,#1492,#1493,#1494,#1495,#1496,#1497,#1498,#1499));
#257=EDGE_LOOP('',(#1500,#1501,#1502,#1503,#1504,#1505,#1506,#1507,#1508,
#1509,#1510,#1511,#1512,#1513,#1514,#1515,#1516,#1517,#1518,#1519,#1520,
#1521,#1522));
#258=EDGE_LOOP('',(#1523,#1524,#1525,#1526,#1527,#1528));
#259=EDGE_LOOP('',(#1529,#1530,#1531,#1532,#1533,#1534,#1535,#1536));
#260=EDGE_LOOP('',(#1537,#1538,#1539,#1540,#1541,#1542,#1543,#1544,#1545,
#1546,#1547,#1548,#1549,#1550,#1551,#1552,#1553,#1554,#1555,#1556,#1557,
#1558,#1559));
#261=EDGE_LOOP('',(#1560,#1561,#1562,#1563,#1564,#1565));
#262=EDGE_LOOP('',(#1566,#1567,#1568,#1569));
#263=EDGE_LOOP('',(#1570,#1571,#1572,#1573));
#264=EDGE_LOOP('',(#1574,#1575,#1576,#1577,#1578));
#265=EDGE_LOOP('',(#1579,#1580,#1581,#1582));
#266=EDGE_LOOP('',(#1583,#1584,#1585,#1586));
#267=EDGE_LOOP('',(#1587,#1588,#1589,#1590,#1591,#1592,#1593,#1594,#1595,
#1596,#1597,#1598));
#268=EDGE_LOOP('',(#1599,#1600,#1601,#1602,#1603));
#269=EDGE_LOOP('',(#1604,#1605,#1606,#1607,#1608));
#270=EDGE_LOOP('',(#1609,#1610,#1611,#1612));
#271=EDGE_LOOP('',(#1613,#1614,#1615,#1616,#1617,#1618));
#272=EDGE_LOOP('',(#1619,#1620,#1621));
#273=EDGE_LOOP('',(#1622,#1623,#1624,#1625));
#274=EDGE_LOOP('',(#1626,#1627,#1628,#1629,#1630,#1631));
#275=EDGE_LOOP('',(#1632,#1633,#1634,#1635,#1636,#1637,#1638,#1639));
#276=EDGE_LOOP('',(#1640,#1641,#1642,#1643));
#277=EDGE_LOOP('',(#1644,#1645,#1646,#1647,#1648,#1649,#1650,#1651));
#278=EDGE_LOOP('',(#1652,#1653,#1654,#1655,#1656));
#279=EDGE_LOOP('',(#1657,#1658,#1659,#1660,#1661));
#280=EDGE_LOOP('',(#1662,#1663,#1664,#1665,#1666,#1667,#1668));
#281=EDGE_LOOP('',(#1669,#1670,#1671,#1672));
#282=EDGE_LOOP('',(#1673,#1674,#1675,#1676));
#283=EDGE_LOOP('',(#1677,#1678,#1679,#1680,#1681,#1682));
#284=EDGE_LOOP('',(#1683,#1684,#1685,#1686,#1687));
#285=EDGE_LOOP('',(#1688,#1689,#1690,#1691));
#286=EDGE_LOOP('',(#1692,#1693,#1694,#1695));
#287=EDGE_LOOP('',(#1696,#1697,#1698,#1699));
#288=EDGE_LOOP('',(#1700,#1701,#1702,#1703));
#289=EDGE_LOOP('',(#1704,#1705,#1706,#1707));
#290=EDGE_LOOP('',(#1708,#1709,#1710,#1711));
#291=EDGE_LOOP('',(#1712,#1713,#1714,#1715));
#292=EDGE_LOOP('',(#1716,#1717,#1718,#1719,#1720,#1721,#1722,#1723,#1724,
#1725,#1726,#1727));
#293=EDGE_LOOP('',(#1728,#1729,#1730,#1731));
#294=EDGE_LOOP('',(#1732,#1733,#1734,#1735));
#295=EDGE_LOOP('',(#1736,#1737,#1738,#1739,#1740,#1741,#1742,#1743,#1744,
#1745,#1746,#1747,#1748,#1749,#1750));
#296=EDGE_LOOP('',(#1751,#1752,#1753,#1754));
#297=EDGE_LOOP('',(#1755,#1756,#1757));
#298=EDGE_LOOP('',(#1758,#1759,#1760,#1761));
#299=EDGE_LOOP('',(#1762,#1763,#1764,#1765));
#300=EDGE_LOOP('',(#1766,#1767,#1768,#1769,#1770));
#301=EDGE_LOOP('',(#1771,#1772,#1773,#1774,#1775,#1776,#1777,#1778,#1779));
#302=EDGE_LOOP('',(#1780,#1781,#1782,#1783,#1784,#1785));
#303=EDGE_LOOP('',(#1786,#1787,#1788,#1789));
#304=EDGE_LOOP('',(#1790,#1791,#1792,#1793,#1794,#1795));
#305=EDGE_LOOP('',(#1796,#1797,#1798,#1799));
#306=EDGE_LOOP('',(#1800,#1801,#1802,#1803,#1804));
#307=EDGE_LOOP('',(#1805,#1806,#1807,#1808,#1809,#1810,#1811));
#308=EDGE_LOOP('',(#1812,#1813,#1814,#1815));
#309=EDGE_LOOP('',(#1816,#1817,#1818,#1819,#1820,#1821));
#310=EDGE_LOOP('',(#1822,#1823,#1824,#1825));
#311=EDGE_LOOP('',(#1826,#1827,#1828,#1829,#1830,#1831,#1832,#1833));
#312=EDGE_LOOP('',(#1834,#1835,#1836,#1837,#1838,#1839));
#313=EDGE_LOOP('',(#1840,#1841,#1842,#1843,#1844,#1845));
#314=EDGE_LOOP('',(#1846,#1847,#1848,#1849));
#315=EDGE_LOOP('',(#1850,#1851,#1852,#1853));
#316=EDGE_LOOP('',(#1854,#1855,#1856,#1857,#1858));
#317=EDGE_LOOP('',(#1859,#1860,#1861,#1862,#1863,#1864,#1865));
#318=EDGE_LOOP('',(#1866,#1867,#1868,#1869));
#319=EDGE_LOOP('',(#1870,#1871,#1872,#1873));
#320=EDGE_LOOP('',(#1874,#1875,#1876,#1877));
#321=EDGE_LOOP('',(#1878,#1879,#1880,#1881,#1882,#1883));
#322=EDGE_LOOP('',(#1884,#1885,#1886,#1887,#1888,#1889,#1890));
#323=EDGE_LOOP('',(#1891,#1892,#1893,#1894,#1895,#1896,#1897,#1898));
#324=EDGE_LOOP('',(#1899,#1900,#1901,#1902,#1903));
#325=EDGE_LOOP('',(#1904,#1905,#1906,#1907,#1908,#1909,#1910,#1911,#1912,
#1913));
#326=EDGE_LOOP('',(#1914,#1915,#1916));
#327=EDGE_LOOP('',(#1917,#1918,#1919,#1920,#1921,#1922,#1923,#1924,#1925,
#1926));
#328=EDGE_LOOP('',(#1927,#1928,#1929,#1930,#1931,#1932,#1933,#1934));
#329=EDGE_LOOP('',(#1935,#1936,#1937,#1938));
#330=EDGE_LOOP('',(#1939,#1940,#1941,#1942,#1943));
#331=EDGE_LOOP('',(#1944,#1945,#1946,#1947,#1948));
#332=EDGE_LOOP('',(#1949,#1950,#1951,#1952,#1953,#1954));
#333=EDGE_LOOP('',(#1955,#1956,#1957,#1958,#1959,#1960,#1961));
#334=EDGE_LOOP('',(#1962,#1963,#1964,#1965));
#335=EDGE_LOOP('',(#1966,#1967,#1968,#1969));
#336=EDGE_LOOP('',(#1970,#1971,#1972,#1973));
#337=EDGE_LOOP('',(#1974,#1975,#1976,#1977));
#338=EDGE_LOOP('',(#1978,#1979,#1980,#1981,#1982));
#339=EDGE_LOOP('',(#1983,#1984,#1985,#1986,#1987,#1988,#1989));
#340=EDGE_LOOP('',(#1990,#1991,#1992,#1993));
#341=EDGE_LOOP('',(#1994,#1995,#1996,#1997,#1998));
#342=EDGE_LOOP('',(#1999,#2000,#2001));
#343=EDGE_LOOP('',(#2002,#2003,#2004,#2005,#2006,#2007));
#344=EDGE_LOOP('',(#2008,#2009,#2010,#2011));
#345=EDGE_LOOP('',(#2012,#2013,#2014,#2015));
#346=EDGE_LOOP('',(#2016,#2017,#2018,#2019));
#347=EDGE_LOOP('',(#2020,#2021,#2022,#2023));
#348=EDGE_LOOP('',(#2024,#2025,#2026,#2027));
#349=EDGE_LOOP('',(#2028,#2029,#2030,#2031));
#350=EDGE_LOOP('',(#2032,#2033,#2034,#2035));
#351=EDGE_LOOP('',(#2036,#2037,#2038,#2039));
#352=EDGE_LOOP('',(#2040,#2041,#2042,#2043));
#353=EDGE_LOOP('',(#2044,#2045,#2046,#2047));
#354=EDGE_LOOP('',(#2048,#2049,#2050,#2051));
#355=EDGE_LOOP('',(#2052,#2053,#2054,#2055));
#356=EDGE_LOOP('',(#2056,#2057,#2058,#2059));
#357=EDGE_LOOP('',(#2060,#2061,#2062,#2063));
#358=EDGE_LOOP('',(#2064,#2065,#2066,#2067));
#359=EDGE_LOOP('',(#2068,#2069,#2070,#2071));
#360=EDGE_LOOP('',(#2072,#2073,#2074,#2075));
#361=EDGE_LOOP('',(#2076,#2077,#2078,#2079));
#362=EDGE_LOOP('',(#2080,#2081,#2082,#2083,#2084,#2085,#2086,#2087,#2088,
#2089,#2090,#2091,#2092,#2093));
#363=EDGE_LOOP('',(#2094,#2095,#2096,#2097,#2098,#2099,#2100,#2101,#2102,
#2103,#2104,#2105,#2106,#2107));
#364=LINE('',#3157,#621);
#365=LINE('',#3159,#622);
#366=LINE('',#3161,#623);
#367=LINE('',#3163,#624);
#368=LINE('',#3164,#625);
#369=LINE('',#3167,#626);
#370=LINE('',#3169,#627);
#371=LINE('',#3170,#628);
#372=LINE('',#3173,#629);
#373=LINE('',#3175,#630);
#374=LINE('',#3177,#631);
#375=LINE('',#3182,#632);
#376=LINE('',#3186,#633);
#377=LINE('',#3188,#634);
#378=LINE('',#3190,#635);
#379=LINE('',#3192,#636);
#380=LINE('',#3194,#637);
#381=LINE('',#3196,#638);
#382=LINE('',#3200,#639);
#383=LINE('',#3202,#640);
#384=LINE('',#3204,#641);
#385=LINE('',#3208,#642);
#386=LINE('',#3210,#643);
#387=LINE('',#3214,#644);
#388=LINE('',#3215,#645);
#389=LINE('',#3218,#646);
#390=LINE('',#3220,#647);
#391=LINE('',#3222,#648);
#392=LINE('',#3223,#649);
#393=LINE('',#3226,#650);
#394=LINE('',#3228,#651);
#395=LINE('',#3231,#652);
#396=LINE('',#3234,#653);
#397=LINE('',#3236,#654);
#398=LINE('',#3238,#655);
#399=LINE('',#3244,#656);
#400=LINE('',#3245,#657);
#401=LINE('',#3248,#658);
#402=LINE('',#3250,#659);
#403=LINE('',#3251,#660);
#404=LINE('',#3254,#661);
#405=LINE('',#3260,#662);
#406=LINE('',#3262,#663);
#407=LINE('',#3263,#664);
#408=LINE('',#3267,#665);
#409=LINE('',#3271,#666);
#410=LINE('',#3275,#667);
#411=LINE('',#3279,#668);
#412=LINE('',#3281,#669);
#413=LINE('',#3283,#670);
#414=LINE('',#3287,#671);
#415=LINE('',#3291,#672);
#416=LINE('',#3293,#673);
#417=LINE('',#3297,#674);
#418=LINE('',#3301,#675);
#419=LINE('',#3302,#676);
#420=LINE('',#3305,#677);
#421=LINE('',#3307,#678);
#422=LINE('',#3309,#679);
#423=LINE('',#3310,#680);
#424=LINE('',#3313,#681);
#425=LINE('',#3317,#682);
#426=LINE('',#3319,#683);
#427=LINE('',#3321,#684);
#428=LINE('',#3327,#685);
#429=LINE('',#3330,#686);
#430=LINE('',#3332,#687);
#431=LINE('',#3334,#688);
#432=LINE('',#3336,#689);
#433=LINE('',#3338,#690);
#434=LINE('',#3340,#691);
#435=LINE('',#3342,#692);
#436=LINE('',#3344,#693);
#437=LINE('',#3346,#694);
#438=LINE('',#3352,#695);
#439=LINE('',#3354,#696);
#440=LINE('',#3356,#697);
#441=LINE('',#3372,#698);
#442=LINE('',#3373,#699);
#443=LINE('',#3376,#700);
#444=LINE('',#3378,#701);
#445=LINE('',#3380,#702);
#446=LINE('',#3381,#703);
#447=LINE('',#3387,#704);
#448=LINE('',#3389,#705);
#449=LINE('',#3391,#706);
#450=LINE('',#3393,#707);
#451=LINE('',#3401,#708);
#452=LINE('',#3403,#709);
#453=LINE('',#3405,#710);
#454=LINE('',#3406,#711);
#455=LINE('',#3411,#712);
#456=LINE('',#3413,#713);
#457=LINE('',#3417,#714);
#458=LINE('',#3421,#715);
#459=LINE('',#3422,#716);
#460=LINE('',#3430,#717);
#461=LINE('',#3444,#718);
#462=LINE('',#3447,#719);
#463=LINE('',#3448,#720);
#464=LINE('',#3451,#721);
#465=LINE('',#3453,#722);
#466=LINE('',#3454,#723);
#467=LINE('',#3459,#724);
#468=LINE('',#3470,#725);
#469=LINE('',#3472,#726);
#470=LINE('',#3473,#727);
#471=LINE('',#3475,#728);
#472=LINE('',#3476,#729);
#473=LINE('',#3479,#730);
#474=LINE('',#3480,#731);
#475=LINE('',#3487,#732);
#476=LINE('',#3490,#733);
#477=LINE('',#3491,#734);
#478=LINE('',#3494,#735);
#479=LINE('',#3496,#736);
#480=LINE('',#3498,#737);
#481=LINE('',#3501,#738);
#482=LINE('',#3504,#739);
#483=LINE('',#3505,#740);
#484=LINE('',#3508,#741);
#485=LINE('',#3509,#742);
#486=LINE('',#3512,#743);
#487=LINE('',#3515,#744);
#488=LINE('',#3520,#745);
#489=LINE('',#3523,#746);
#490=LINE('',#3524,#747);
#491=LINE('',#3526,#748);
#492=LINE('',#3528,#749);
#493=LINE('',#3531,#750);
#494=LINE('',#3533,#751);
#495=LINE('',#3537,#752);
#496=LINE('',#3539,#753);
#497=LINE('',#3541,#754);
#498=LINE('',#3543,#755);
#499=LINE('',#3545,#756);
#500=LINE('',#3547,#757);
#501=LINE('',#3549,#758);
#502=LINE('',#3551,#759);
#503=LINE('',#3552,#760);
#504=LINE('',#3554,#761);
#505=LINE('',#3557,#762);
#506=LINE('',#3558,#763);
#507=LINE('',#3563,#764);
#508=LINE('',#3565,#765);
#509=LINE('',#3569,#766);
#510=LINE('',#3571,#767);
#511=LINE('',#3573,#768);
#512=LINE('',#3575,#769);
#513=LINE('',#3579,#770);
#514=LINE('',#3581,#771);
#515=LINE('',#3583,#772);
#516=LINE('',#3584,#773);
#517=LINE('',#3587,#774);
#518=LINE('',#3589,#775);
#519=LINE('',#3591,#776);
#520=LINE('',#3598,#777);
#521=LINE('',#3602,#778);
#522=LINE('',#3604,#779);
#523=LINE('',#3606,#780);
#524=LINE('',#3607,#781);
#525=LINE('',#3609,#782);
#526=LINE('',#3613,#783);
#527=LINE('',#3625,#784);
#528=LINE('',#3629,#785);
#529=LINE('',#3630,#786);
#530=LINE('',#3633,#787);
#531=LINE('',#3634,#788);
#532=LINE('',#3635,#789);
#533=LINE('',#3638,#790);
#534=LINE('',#3639,#791);
#535=LINE('',#3642,#792);
#536=LINE('',#3643,#793);
#537=LINE('',#3645,#794);
#538=LINE('',#3647,#795);
#539=LINE('',#3648,#796);
#540=LINE('',#3650,#797);
#541=LINE('',#3653,#798);
#542=LINE('',#3657,#799);
#543=LINE('',#3659,#800);
#544=LINE('',#3661,#801);
#545=LINE('',#3662,#802);
#546=LINE('',#3663,#803);
#547=LINE('',#3668,#804);
#548=LINE('',#3672,#805);
#549=LINE('',#3674,#806);
#550=LINE('',#3675,#807);
#551=LINE('',#3678,#808);
#552=LINE('',#3680,#809);
#553=LINE('',#3681,#810);
#554=LINE('',#3684,#811);
#555=LINE('',#3686,#812);
#556=LINE('',#3687,#813);
#557=LINE('',#3688,#814);
#558=LINE('',#3690,#815);
#559=LINE('',#3693,#816);
#560=LINE('',#3694,#817);
#561=LINE('',#3697,#818);
#562=LINE('',#3698,#819);
#563=LINE('',#3701,#820);
#564=LINE('',#3721,#821);
#565=LINE('',#3744,#822);
#566=LINE('',#3746,#823);
#567=LINE('',#3749,#824);
#568=LINE('',#3750,#825);
#569=LINE('',#3752,#826);
#570=LINE('',#3755,#827);
#571=LINE('',#3756,#828);
#572=LINE('',#3758,#829);
#573=LINE('',#3760,#830);
#574=LINE('',#3762,#831);
#575=LINE('',#3763,#832);
#576=LINE('',#3766,#833);
#577=LINE('',#3767,#834);
#578=LINE('',#3769,#835);
#579=LINE('',#3772,#836);
#580=LINE('',#3774,#837);
#581=LINE('',#3777,#838);
#582=LINE('',#3778,#839);
#583=LINE('',#3784,#840);
#584=LINE('',#3786,#841);
#585=LINE('',#3788,#842);
#586=LINE('',#3790,#843);
#587=LINE('',#3793,#844);
#588=LINE('',#3797,#845);
#589=LINE('',#3801,#846);
#590=LINE('',#3802,#847);
#591=LINE('',#3811,#848);
#592=LINE('',#3814,#849);
#593=LINE('',#3819,#850);
#594=LINE('',#3823,#851);
#595=LINE('',#3825,#852);
#596=LINE('',#3826,#853);
#597=LINE('',#3829,#854);
#598=LINE('',#3831,#855);
#599=LINE('',#3832,#856);
#600=LINE('',#3837,#857);
#601=LINE('',#3841,#858);
#602=LINE('',#3843,#859);
#603=LINE('',#3844,#860);
#604=LINE('',#3847,#861);
#605=LINE('',#3849,#862);
#606=LINE('',#3850,#863);
#607=LINE('',#3855,#864);
#608=LINE('',#3859,#865);
#609=LINE('',#3861,#866);
#610=LINE('',#3862,#867);
#611=LINE('',#3867,#868);
#612=LINE('',#3871,#869);
#613=LINE('',#3873,#870);
#614=LINE('',#3874,#871);
#615=LINE('',#3877,#872);
#616=LINE('',#3879,#873);
#617=LINE('',#3880,#874);
#618=LINE('',#3883,#875);
#619=LINE('',#3885,#876);
#620=LINE('',#3886,#877);
#621=VECTOR('',#2522,10.);
#622=VECTOR('',#2523,10.);
#623=VECTOR('',#2524,10.);
#624=VECTOR('',#2525,10.);
#625=VECTOR('',#2526,10.);
#626=VECTOR('',#2529,10.);
#627=VECTOR('',#2530,10.);
#628=VECTOR('',#2531,10.);
#629=VECTOR('',#2534,10.);
#630=VECTOR('',#2535,10.);
#631=VECTOR('',#2536,10.);
#632=VECTOR('',#2541,10.);
#633=VECTOR('',#2544,10.);
#634=VECTOR('',#2545,10.);
#635=VECTOR('',#2546,10.);
#636=VECTOR('',#2547,10.);
#637=VECTOR('',#2548,10.);
#638=VECTOR('',#2549,10.);
#639=VECTOR('',#2552,10.);
#640=VECTOR('',#2553,10.);
#641=VECTOR('',#2554,10.);
#642=VECTOR('',#2557,10.);
#643=VECTOR('',#2558,10.);
#644=VECTOR('',#2561,10.);
#645=VECTOR('',#2562,10.);
#646=VECTOR('',#2565,10.);
#647=VECTOR('',#2566,10.);
#648=VECTOR('',#2567,10.);
#649=VECTOR('',#2568,10.);
#650=VECTOR('',#2571,10.);
#651=VECTOR('',#2572,10.);
#652=VECTOR('',#2575,10.);
#653=VECTOR('',#2578,10.);
#654=VECTOR('',#2579,10.);
#655=VECTOR('',#2580,10.);
#656=VECTOR('',#2581,10.);
#657=VECTOR('',#2582,10.);
#658=VECTOR('',#2585,10.);
#659=VECTOR('',#2586,10.);
#660=VECTOR('',#2587,10.);
#661=VECTOR('',#2590,10.);
#662=VECTOR('',#2591,10.);
#663=VECTOR('',#2592,10.);
#664=VECTOR('',#2593,10.);
#665=VECTOR('',#2598,10.);
#666=VECTOR('',#2601,10.);
#667=VECTOR('',#2604,10.);
#668=VECTOR('',#2607,10.);
#669=VECTOR('',#2608,10.);
#670=VECTOR('',#2609,10.);
#671=VECTOR('',#2612,10.);
#672=VECTOR('',#2615,10.);
#673=VECTOR('',#2616,10.);
#674=VECTOR('',#2619,10.);
#675=VECTOR('',#2622,10.);
#676=VECTOR('',#2623,10.);
#677=VECTOR('',#2626,10.);
#678=VECTOR('',#2627,10.);
#679=VECTOR('',#2628,10.);
#680=VECTOR('',#2629,10.);
#681=VECTOR('',#2632,10.);
#682=VECTOR('',#2635,10.);
#683=VECTOR('',#2636,10.);
#684=VECTOR('',#2637,10.);
#685=VECTOR('',#2644,10.);
#686=VECTOR('',#2647,10.);
#687=VECTOR('',#2648,10.);
#688=VECTOR('',#2649,10.);
#689=VECTOR('',#2650,10.);
#690=VECTOR('',#2651,9.99999999999999);
#691=VECTOR('',#2652,10.);
#692=VECTOR('',#2653,10.);
#693=VECTOR('',#2654,10.);
#694=VECTOR('',#2655,10.);
#695=VECTOR('',#2660,10.);
#696=VECTOR('',#2661,10.);
#697=VECTOR('',#2662,10.);
#698=VECTOR('',#2677,10.);
#699=VECTOR('',#2678,10.);
#700=VECTOR('',#2681,10.);
#701=VECTOR('',#2682,10.);
#702=VECTOR('',#2683,10.);
#703=VECTOR('',#2684,10.);
#704=VECTOR('',#2689,10.);
#705=VECTOR('',#2692,10.);
#706=VECTOR('',#2695,10.);
#707=VECTOR('',#2698,10.);
#708=VECTOR('',#2707,10.);
#709=VECTOR('',#2708,10.);
#710=VECTOR('',#2709,10.);
#711=VECTOR('',#2710,10.);
#712=VECTOR('',#2715,10.);
#713=VECTOR('',#2716,10.);
#714=VECTOR('',#2721,10.);
#715=VECTOR('',#2726,10.);
#716=VECTOR('',#2727,10.);
#717=VECTOR('',#2728,10.);
#718=VECTOR('',#2731,10.);
#719=VECTOR('',#2734,10.);
#720=VECTOR('',#2735,10.);
#721=VECTOR('',#2738,10.);
#722=VECTOR('',#2739,10.);
#723=VECTOR('',#2740,10.);
#724=VECTOR('',#2745,10.);
#725=VECTOR('',#2748,10.);
#726=VECTOR('',#2749,10.);
#727=VECTOR('',#2750,10.);
#728=VECTOR('',#2751,10.);
#729=VECTOR('',#2752,10.);
#730=VECTOR('',#2755,10.);
#731=VECTOR('',#2756,10.);
#732=VECTOR('',#2765,10.);
#733=VECTOR('',#2768,10.);
#734=VECTOR('',#2769,10.);
#735=VECTOR('',#2774,10.);
#736=VECTOR('',#2777,10.);
#737=VECTOR('',#2778,10.);
#738=VECTOR('',#2781,10.);
#739=VECTOR('',#2784,10.);
#740=VECTOR('',#2785,10.);
#741=VECTOR('',#2788,10.);
#742=VECTOR('',#2789,10.);
#743=VECTOR('',#2794,10.);
#744=VECTOR('',#2797,10.);
#745=VECTOR('',#2802,10.);
#746=VECTOR('',#2805,10.);
#747=VECTOR('',#2806,10.);
#748=VECTOR('',#2809,10.);
#749=VECTOR('',#2812,10.);
#750=VECTOR('',#2817,10.);
#751=VECTOR('',#2820,10.);
#752=VECTOR('',#2825,10.);
#753=VECTOR('',#2826,10.);
#754=VECTOR('',#2827,10.);
#755=VECTOR('',#2828,10.);
#756=VECTOR('',#2829,10.);
#757=VECTOR('',#2830,10.);
#758=VECTOR('',#2831,10.);
#759=VECTOR('',#2832,10.);
#760=VECTOR('',#2833,10.);
#761=VECTOR('',#2836,10.);
#762=VECTOR('',#2839,10.);
#763=VECTOR('',#2840,10.);
#764=VECTOR('',#2845,10.);
#765=VECTOR('',#2846,10.);
#766=VECTOR('',#2849,10.);
#767=VECTOR('',#2850,10.);
#768=VECTOR('',#2851,10.);
#769=VECTOR('',#2852,10.);
#770=VECTOR('',#2855,10.);
#771=VECTOR('',#2856,10.);
#772=VECTOR('',#2857,10.);
#773=VECTOR('',#2858,10.);
#774=VECTOR('',#2863,10.);
#775=VECTOR('',#2866,10.);
#776=VECTOR('',#2869,10.);
#777=VECTOR('',#2876,10.);
#778=VECTOR('',#2881,10.);
#779=VECTOR('',#2882,10.);
#780=VECTOR('',#2883,10.);
#781=VECTOR('',#2884,10.);
#782=VECTOR('',#2887,10.);
#783=VECTOR('',#2890,10.);
#784=VECTOR('',#2893,10.);
#785=VECTOR('',#2898,9.99999999999998);
#786=VECTOR('',#2899,10.);
#787=VECTOR('',#2902,10.);
#788=VECTOR('',#2903,10.);
#789=VECTOR('',#2904,10.);
#790=VECTOR('',#2907,10.);
#791=VECTOR('',#2908,10.);
#792=VECTOR('',#2911,10.);
#793=VECTOR('',#2912,10.);
#794=VECTOR('',#2915,10.);
#795=VECTOR('',#2916,10.);
#796=VECTOR('',#2917,10.);
#797=VECTOR('',#2920,10.);
#798=VECTOR('',#2925,10.);
#799=VECTOR('',#2928,10.);
#800=VECTOR('',#2929,10.);
#801=VECTOR('',#2930,10.);
#802=VECTOR('',#2931,10.);
#803=VECTOR('',#2932,10.);
#804=VECTOR('',#2937,10.);
#805=VECTOR('',#2942,10.);
#806=VECTOR('',#2943,10.);
#807=VECTOR('',#2944,10.);
#808=VECTOR('',#2947,10.);
#809=VECTOR('',#2948,10.);
#810=VECTOR('',#2949,10.);
#811=VECTOR('',#2952,10.);
#812=VECTOR('',#2953,10.);
#813=VECTOR('',#2954,10.);
#814=VECTOR('',#2955,10.);
#815=VECTOR('',#2958,10.);
#816=VECTOR('',#2961,10.);
#817=VECTOR('',#2962,10.);
#818=VECTOR('',#2965,10.);
#819=VECTOR('',#2966,10.);
#820=VECTOR('',#2969,10.);
#821=VECTOR('',#2976,10.);
#822=VECTOR('',#2981,10.);
#823=VECTOR('',#2984,10.);
#824=VECTOR('',#2987,10.);
#825=VECTOR('',#2988,10.);
#826=VECTOR('',#2991,10.);
#827=VECTOR('',#2994,10.);
#828=VECTOR('',#2995,10.);
#829=VECTOR('',#2996,10.);
#830=VECTOR('',#2997,10.);
#831=VECTOR('',#2998,10.);
#832=VECTOR('',#2999,10.);
#833=VECTOR('',#3002,10.);
#834=VECTOR('',#3003,10.);
#835=VECTOR('',#3004,10.);
#836=VECTOR('',#3009,10.);
#837=VECTOR('',#3012,10.);
#838=VECTOR('',#3015,10.);
#839=VECTOR('',#3016,10.);
#840=VECTOR('',#3025,10.);
#841=VECTOR('',#3028,10.);
#842=VECTOR('',#3031,10.);
#843=VECTOR('',#3034,10.);
#844=VECTOR('',#3039,10.);
#845=VECTOR('',#3046,10.);
#846=VECTOR('',#3053,10.);
#847=VECTOR('',#3054,10.);
#848=VECTOR('',#3065,10.);
#849=VECTOR('',#3068,10.);
#850=VECTOR('',#3073,10.);
#851=VECTOR('',#3078,10.);
#852=VECTOR('',#3079,10.);
#853=VECTOR('',#3080,10.);
#854=VECTOR('',#3083,10.);
#855=VECTOR('',#3084,10.);
#856=VECTOR('',#3085,10.);
#857=VECTOR('',#3090,10.);
#858=VECTOR('',#3095,10.);
#859=VECTOR('',#3096,10.);
#860=VECTOR('',#3097,10.);
#861=VECTOR('',#3100,10.);
#862=VECTOR('',#3101,10.);
#863=VECTOR('',#3102,10.);
#864=VECTOR('',#3107,10.);
#865=VECTOR('',#3112,10.);
#866=VECTOR('',#3113,10.);
#867=VECTOR('',#3114,10.);
#868=VECTOR('',#3119,10.);
#869=VECTOR('',#3124,10.);
#870=VECTOR('',#3125,10.);
#871=VECTOR('',#3126,10.);
#872=VECTOR('',#3129,10.);
#873=VECTOR('',#3130,10.);
#874=VECTOR('',#3131,10.);
#875=VECTOR('',#3134,10.);
#876=VECTOR('',#3135,10.);
#877=VECTOR('',#3136,10.);
#878=VERTEX_POINT('',#3155);
#879=VERTEX_POINT('',#3156);
#880=VERTEX_POINT('',#3158);
#881=VERTEX_POINT('',#3160);
#882=VERTEX_POINT('',#3162);
#883=VERTEX_POINT('',#3166);
#884=VERTEX_POINT('',#3168);
#885=VERTEX_POINT('',#3172);
#886=VERTEX_POINT('',#3174);
#887=VERTEX_POINT('',#3176);
#888=VERTEX_POINT('',#3178);
#889=VERTEX_POINT('',#3180);
#890=VERTEX_POINT('',#3184);
#891=VERTEX_POINT('',#3185);
#892=VERTEX_POINT('',#3187);
#893=VERTEX_POINT('',#3189);
#894=VERTEX_POINT('',#3191);
#895=VERTEX_POINT('',#3193);
#896=VERTEX_POINT('',#3195);
#897=VERTEX_POINT('',#3197);
#898=VERTEX_POINT('',#3199);
#899=VERTEX_POINT('',#3201);
#900=VERTEX_POINT('',#3203);
#901=VERTEX_POINT('',#3205);
#902=VERTEX_POINT('',#3207);
#903=VERTEX_POINT('',#3209);
#904=VERTEX_POINT('',#3211);
#905=VERTEX_POINT('',#3213);
#906=VERTEX_POINT('',#3217);
#907=VERTEX_POINT('',#3219);
#908=VERTEX_POINT('',#3221);
#909=VERTEX_POINT('',#3225);
#910=VERTEX_POINT('',#3227);
#911=VERTEX_POINT('',#3229);
#912=VERTEX_POINT('',#3233);
#913=VERTEX_POINT('',#3235);
#914=VERTEX_POINT('',#3237);
#915=VERTEX_POINT('',#3239);
#916=VERTEX_POINT('',#3243);
#917=VERTEX_POINT('',#3247);
#918=VERTEX_POINT('',#3249);
#919=VERTEX_POINT('',#3253);
#920=VERTEX_POINT('',#3255);
#921=VERTEX_POINT('',#3259);
#922=VERTEX_POINT('',#3261);
#923=VERTEX_POINT('',#3266);
#924=VERTEX_POINT('',#3268);
#925=VERTEX_POINT('',#3270);
#926=VERTEX_POINT('',#3272);
#927=VERTEX_POINT('',#3274);
#928=VERTEX_POINT('',#3276);
#929=VERTEX_POINT('',#3278);
#930=VERTEX_POINT('',#3280);
#931=VERTEX_POINT('',#3282);
#932=VERTEX_POINT('',#3284);
#933=VERTEX_POINT('',#3286);
#934=VERTEX_POINT('',#3288);
#935=VERTEX_POINT('',#3290);
#936=VERTEX_POINT('',#3292);
#937=VERTEX_POINT('',#3294);
#938=VERTEX_POINT('',#3296);
#939=VERTEX_POINT('',#3298);
#940=VERTEX_POINT('',#3300);
#941=VERTEX_POINT('',#3304);
#942=VERTEX_POINT('',#3306);
#943=VERTEX_POINT('',#3308);
#944=VERTEX_POINT('',#3312);
#945=VERTEX_POINT('',#3314);
#946=VERTEX_POINT('',#3316);
#947=VERTEX_POINT('',#3318);
#948=VERTEX_POINT('',#3320);
#949=VERTEX_POINT('',#3324);
#950=VERTEX_POINT('',#3326);
#951=VERTEX_POINT('',#3329);
#952=VERTEX_POINT('',#3331);
#953=VERTEX_POINT('',#3333);
#954=VERTEX_POINT('',#3335);
#955=VERTEX_POINT('',#3337);
#956=VERTEX_POINT('',#3339);
#957=VERTEX_POINT('',#3341);
#958=VERTEX_POINT('',#3343);
#959=VERTEX_POINT('',#3345);
#960=VERTEX_POINT('',#3347);
#961=VERTEX_POINT('',#3349);
#962=VERTEX_POINT('',#3351);
#963=VERTEX_POINT('',#3353);
#964=VERTEX_POINT('',#3355);
#965=VERTEX_POINT('',#3357);
#966=VERTEX_POINT('',#3361);
#967=VERTEX_POINT('',#3363);
#968=VERTEX_POINT('',#3369);
#969=VERTEX_POINT('',#3370);
#970=VERTEX_POINT('',#3375);
#971=VERTEX_POINT('',#3377);
#972=VERTEX_POINT('',#3379);
#973=VERTEX_POINT('',#3383);
#974=VERTEX_POINT('',#3384);
#975=VERTEX_POINT('',#3386);
#976=VERTEX_POINT('',#3396);
#977=VERTEX_POINT('',#3398);
#978=VERTEX_POINT('',#3400);
#979=VERTEX_POINT('',#3402);
#980=VERTEX_POINT('',#3404);
#981=VERTEX_POINT('',#3408);
#982=VERTEX_POINT('',#3409);
#983=VERTEX_POINT('',#3412);
#984=VERTEX_POINT('',#3416);
#985=VERTEX_POINT('',#3420);
#986=VERTEX_POINT('',#3429);
#987=VERTEX_POINT('',#3431);
#988=VERTEX_POINT('',#3442);
#989=VERTEX_POINT('',#3446);
#990=VERTEX_POINT('',#3450);
#991=VERTEX_POINT('',#3452);
#992=VERTEX_POINT('',#3456);
#993=VERTEX_POINT('',#3458);
#994=VERTEX_POINT('',#3469);
#995=VERTEX_POINT('',#3471);
#996=VERTEX_POINT('',#3474);
#997=VERTEX_POINT('',#3478);
#998=VERTEX_POINT('',#3483);
#999=VERTEX_POINT('',#3485);
#1000=VERTEX_POINT('',#3489);
#1001=VERTEX_POINT('',#3497);
#1002=VERTEX_POINT('',#3499);
#1003=VERTEX_POINT('',#3503);
#1004=VERTEX_POINT('',#3507);
#1005=VERTEX_POINT('',#3514);
#1006=VERTEX_POINT('',#3516);
#1007=VERTEX_POINT('',#3518);
#1008=VERTEX_POINT('',#3522);
#1009=VERTEX_POINT('',#3536);
#1010=VERTEX_POINT('',#3538);
#1011=VERTEX_POINT('',#3540);
#1012=VERTEX_POINT('',#3542);
#1013=VERTEX_POINT('',#3544);
#1014=VERTEX_POINT('',#3546);
#1015=VERTEX_POINT('',#3548);
#1016=VERTEX_POINT('',#3550);
#1017=VERTEX_POINT('',#3556);
#1018=VERTEX_POINT('',#3560);
#1019=VERTEX_POINT('',#3562);
#1020=VERTEX_POINT('',#3564);
#1021=VERTEX_POINT('',#3566);
#1022=VERTEX_POINT('',#3568);
#1023=VERTEX_POINT('',#3570);
#1024=VERTEX_POINT('',#3572);
#1025=VERTEX_POINT('',#3574);
#1026=VERTEX_POINT('',#3577);
#1027=VERTEX_POINT('',#3578);
#1028=VERTEX_POINT('',#3580);
#1029=VERTEX_POINT('',#3582);
#1030=VERTEX_POINT('',#3593);
#1031=VERTEX_POINT('',#3595);
#1032=VERTEX_POINT('',#3597);
#1033=VERTEX_POINT('',#3601);
#1034=VERTEX_POINT('',#3603);
#1035=VERTEX_POINT('',#3605);
#1036=VERTEX_POINT('',#3611);
#1037=VERTEX_POINT('',#3612);
#1038=VERTEX_POINT('',#3614);
#1039=VERTEX_POINT('',#3623);
#1040=VERTEX_POINT('',#3628);
#1041=VERTEX_POINT('',#3632);
#1042=VERTEX_POINT('',#3637);
#1043=VERTEX_POINT('',#3641);
#1044=VERTEX_POINT('',#3646);
#1045=VERTEX_POINT('',#3655);
#1046=VERTEX_POINT('',#3656);
#1047=VERTEX_POINT('',#3658);
#1048=VERTEX_POINT('',#3660);
#1049=VERTEX_POINT('',#3665);
#1050=VERTEX_POINT('',#3667);
#1051=VERTEX_POINT('',#3671);
#1052=VERTEX_POINT('',#3673);
#1053=VERTEX_POINT('',#3677);
#1054=VERTEX_POINT('',#3679);
#1055=VERTEX_POINT('',#3683);
#1056=VERTEX_POINT('',#3685);
#1057=VERTEX_POINT('',#3692);
#1058=VERTEX_POINT('',#3696);
#1059=VERTEX_POINT('',#3700);
#1060=VERTEX_POINT('',#3702);
#1061=VERTEX_POINT('',#3719);
#1062=VERTEX_POINT('',#3722);
#1063=VERTEX_POINT('',#3748);
#1064=VERTEX_POINT('',#3754);
#1065=VERTEX_POINT('',#3757);
#1066=VERTEX_POINT('',#3759);
#1067=VERTEX_POINT('',#3761);
#1068=VERTEX_POINT('',#3765);
#1069=VERTEX_POINT('',#3768);
#1070=VERTEX_POINT('',#3776);
#1071=VERTEX_POINT('',#3780);
#1072=VERTEX_POINT('',#3807);
#1073=VERTEX_POINT('',#3808);
#1074=VERTEX_POINT('',#3810);
#1075=VERTEX_POINT('',#3812);
#1076=VERTEX_POINT('',#3816);
#1077=VERTEX_POINT('',#3818);
#1078=VERTEX_POINT('',#3822);
#1079=VERTEX_POINT('',#3824);
#1080=VERTEX_POINT('',#3828);
#1081=VERTEX_POINT('',#3830);
#1082=VERTEX_POINT('',#3834);
#1083=VERTEX_POINT('',#3836);
#1084=VERTEX_POINT('',#3840);
#1085=VERTEX_POINT('',#3842);
#1086=VERTEX_POINT('',#3846);
#1087=VERTEX_POINT('',#3848);
#1088=VERTEX_POINT('',#3852);
#1089=VERTEX_POINT('',#3854);
#1090=VERTEX_POINT('',#3858);
#1091=VERTEX_POINT('',#3860);
#1092=VERTEX_POINT('',#3864);
#1093=VERTEX_POINT('',#3866);
#1094=VERTEX_POINT('',#3870);
#1095=VERTEX_POINT('',#3872);
#1096=VERTEX_POINT('',#3876);
#1097=VERTEX_POINT('',#3878);
#1098=VERTEX_POINT('',#3882);
#1099=VERTEX_POINT('',#3884);
#1100=EDGE_CURVE('',#878,#879,#364,.F.);
#1101=EDGE_CURVE('',#880,#878,#365,.T.);
#1102=EDGE_CURVE('',#881,#880,#366,.T.);
#1103=EDGE_CURVE('',#882,#881,#367,.T.);
#1104=EDGE_CURVE('',#882,#879,#368,.T.);
#1105=EDGE_CURVE('',#883,#878,#369,.F.);
#1106=EDGE_CURVE('',#883,#884,#370,.T.);
#1107=EDGE_CURVE('',#884,#880,#371,.T.);
#1108=EDGE_CURVE('',#885,#883,#372,.F.);
#1109=EDGE_CURVE('',#885,#886,#373,.T.);
#1110=EDGE_CURVE('',#886,#887,#374,.T.);
#1111=EDGE_CURVE('',#887,#888,#93,.T.);
#1112=EDGE_CURVE('',#889,#888,#94,.T.);
#1113=EDGE_CURVE('',#884,#889,#375,.T.);
#1114=EDGE_CURVE('',#890,#891,#376,.F.);
#1115=EDGE_CURVE('',#892,#890,#377,.T.);
#1116=EDGE_CURVE('',#893,#892,#378,.T.);
#1117=EDGE_CURVE('',#894,#893,#379,.T.);
#1118=EDGE_CURVE('',#895,#894,#380,.T.);
#1119=EDGE_CURVE('',#896,#895,#381,.T.);
#1120=EDGE_CURVE('',#896,#897,#95,.T.);
#1121=EDGE_CURVE('',#897,#898,#382,.T.);
#1122=EDGE_CURVE('',#898,#899,#383,.T.);
#1123=EDGE_CURVE('',#899,#900,#384,.T.);
#1124=EDGE_CURVE('',#900,#901,#96,.T.);
#1125=EDGE_CURVE('',#901,#902,#385,.T.);
#1126=EDGE_CURVE('',#902,#903,#386,.T.);
#1127=EDGE_CURVE('',#903,#904,#97,.T.);
#1128=EDGE_CURVE('',#904,#905,#387,.T.);
#1129=EDGE_CURVE('',#905,#891,#388,.T.);
#1130=EDGE_CURVE('',#906,#890,#389,.F.);
#1131=EDGE_CURVE('',#906,#907,#390,.T.);
#1132=EDGE_CURVE('',#908,#907,#391,.T.);
#1133=EDGE_CURVE('',#892,#908,#392,.T.);
#1134=EDGE_CURVE('',#909,#906,#393,.F.);
#1135=EDGE_CURVE('',#909,#910,#394,.T.);
#1136=EDGE_CURVE('',#911,#910,#61,.T.);
#1137=EDGE_CURVE('',#907,#911,#395,.T.);
#1138=EDGE_CURVE('',#912,#879,#396,.F.);
#1139=EDGE_CURVE('',#913,#912,#397,.F.);
#1140=EDGE_CURVE('',#913,#914,#398,.T.);
#1141=EDGE_CURVE('',#915,#914,#58,.F.);
#1142=EDGE_CURVE('',#916,#915,#399,.T.);
#1143=EDGE_CURVE('',#885,#916,#400,.F.);
#1144=EDGE_CURVE('',#891,#917,#401,.T.);
#1145=EDGE_CURVE('',#905,#918,#402,.T.);
#1146=EDGE_CURVE('',#918,#917,#403,.T.);
#1147=EDGE_CURVE('',#919,#917,#404,.T.);
#1148=EDGE_CURVE('',#920,#919,#59,.F.);
#1149=EDGE_CURVE('',#921,#920,#405,.F.);
#1150=EDGE_CURVE('',#922,#921,#406,.F.);
#1151=EDGE_CURVE('',#909,#922,#407,.F.);
#1152=EDGE_CURVE('',#915,#919,#98,.T.);
#1153=EDGE_CURVE('',#923,#918,#408,.T.);
#1154=EDGE_CURVE('',#924,#923,#99,.T.);
#1155=EDGE_CURVE('',#925,#924,#409,.T.);
#1156=EDGE_CURVE('',#926,#925,#100,.T.);
#1157=EDGE_CURVE('',#927,#926,#410,.T.);
#1158=EDGE_CURVE('',#928,#927,#101,.T.);
#1159=EDGE_CURVE('',#929,#928,#411,.T.);
#1160=EDGE_CURVE('',#930,#929,#412,.T.);
#1161=EDGE_CURVE('',#931,#930,#413,.T.);
#1162=EDGE_CURVE('',#932,#931,#102,.T.);
#1163=EDGE_CURVE('',#933,#932,#414,.T.);
#1164=EDGE_CURVE('',#934,#933,#103,.T.);
#1165=EDGE_CURVE('',#935,#934,#415,.T.);
#1166=EDGE_CURVE('',#936,#935,#416,.T.);
#1167=EDGE_CURVE('',#937,#936,#104,.T.);
#1168=EDGE_CURVE('',#938,#937,#417,.T.);
#1169=EDGE_CURVE('',#939,#938,#105,.T.);
#1170=EDGE_CURVE('',#940,#939,#418,.T.);
#1171=EDGE_CURVE('',#916,#940,#419,.T.);
#1172=EDGE_CURVE('',#941,#882,#420,.F.);
#1173=EDGE_CURVE('',#942,#941,#421,.T.);
#1174=EDGE_CURVE('',#943,#942,#422,.T.);
#1175=EDGE_CURVE('',#943,#912,#423,.T.);
#1176=EDGE_CURVE('',#922,#944,#424,.T.);
#1177=EDGE_CURVE('',#944,#945,#62,.T.);
#1178=EDGE_CURVE('',#945,#946,#425,.T.);
#1179=EDGE_CURVE('',#946,#947,#426,.T.);
#1180=EDGE_CURVE('',#947,#948,#427,.F.);
#1181=EDGE_CURVE('',#948,#910,#63,.F.);
#1182=EDGE_CURVE('',#921,#949,#106,.T.);
#1183=EDGE_CURVE('',#949,#950,#428,.T.);
#1184=EDGE_CURVE('',#950,#913,#107,.T.);
#1185=EDGE_CURVE('',#951,#943,#429,.T.);
#1186=EDGE_CURVE('',#951,#952,#430,.F.);
#1187=EDGE_CURVE('',#953,#952,#431,.T.);
#1188=EDGE_CURVE('',#954,#953,#432,.F.);
#1189=EDGE_CURVE('',#955,#954,#433,.F.);
#1190=EDGE_CURVE('',#955,#956,#434,.T.);
#1191=EDGE_CURVE('',#957,#956,#435,.T.);
#1192=EDGE_CURVE('',#958,#957,#436,.T.);
#1193=EDGE_CURVE('',#959,#958,#437,.T.);
#1194=EDGE_CURVE('',#960,#959,#108,.T.);
#1195=EDGE_CURVE('',#961,#960,#109,.T.);
#1196=EDGE_CURVE('',#962,#961,#438,.T.);
#1197=EDGE_CURVE('',#963,#962,#439,.T.);
#1198=EDGE_CURVE('',#964,#963,#440,.T.);
#1199=EDGE_CURVE('',#965,#964,#110,.T.);
#1200=EDGE_CURVE('',#944,#965,#64,.T.);
#1201=EDGE_CURVE('',#966,#920,#111,.T.);
#1202=EDGE_CURVE('',#914,#967,#112,.T.);
#1203=EDGE_CURVE('',#967,#966,#60,.T.);
#1204=EDGE_CURVE('',#968,#969,#113,.F.);
#1205=EDGE_CURVE('',#968,#960,#441,.T.);
#1206=EDGE_CURVE('',#959,#969,#442,.T.);
#1207=EDGE_CURVE('',#968,#970,#443,.T.);
#1208=EDGE_CURVE('',#971,#970,#444,.T.);
#1209=EDGE_CURVE('',#972,#971,#445,.T.);
#1210=EDGE_CURVE('',#972,#968,#446,.T.);
#1211=EDGE_CURVE('',#973,#974,#65,.T.);
#1212=EDGE_CURVE('',#974,#975,#447,.T.);
#1213=EDGE_CURVE('',#975,#889,#66,.T.);
#1214=EDGE_CURVE('',#888,#973,#448,.T.);
#1215=EDGE_CURVE('',#975,#880,#449,.T.);
#1216=EDGE_CURVE('',#974,#881,#450,.F.);
#1217=EDGE_CURVE('',#973,#938,#67,.T.);
#1218=EDGE_CURVE('',#937,#976,#68,.T.);
#1219=EDGE_CURVE('',#977,#976,#69,.T.);
#1220=EDGE_CURVE('',#978,#977,#451,.F.);
#1221=EDGE_CURVE('',#978,#979,#452,.T.);
#1222=EDGE_CURVE('',#979,#980,#453,.T.);
#1223=EDGE_CURVE('',#980,#941,#454,.F.);
#1224=EDGE_CURVE('',#981,#982,#70,.T.);
#1225=EDGE_CURVE('',#982,#977,#455,.T.);
#1226=EDGE_CURVE('',#976,#983,#456,.T.);
#1227=EDGE_CURVE('',#983,#981,#114,.T.);
#1228=EDGE_CURVE('',#984,#936,#457,.T.);
#1229=EDGE_CURVE('',#983,#984,#115,.T.);
#1230=EDGE_CURVE('',#985,#982,#458,.T.);
#1231=EDGE_CURVE('',#985,#978,#459,.T.);
#1232=EDGE_CURVE('',#986,#965,#460,.T.);
#1233=EDGE_CURVE('',#987,#986,#26,.T.);
#1234=EDGE_CURVE('',#988,#987,#71,.T.);
#1235=EDGE_CURVE('',#988,#945,#461,.T.);
#1236=EDGE_CURVE('',#989,#946,#462,.T.);
#1237=EDGE_CURVE('',#989,#947,#463,.T.);
#1238=EDGE_CURVE('',#990,#963,#464,.T.);
#1239=EDGE_CURVE('',#991,#990,#465,.T.);
#1240=EDGE_CURVE('',#991,#964,#466,.T.);
#1241=EDGE_CURVE('',#991,#992,#72,.F.);
#1242=EDGE_CURVE('',#992,#993,#467,.T.);
#1243=EDGE_CURVE('',#993,#986,#27,.T.);
#1244=EDGE_CURVE('',#962,#994,#468,.T.);
#1245=EDGE_CURVE('',#995,#994,#469,.T.);
#1246=EDGE_CURVE('',#995,#927,#470,.T.);
#1247=EDGE_CURVE('',#996,#926,#471,.T.);
#1248=EDGE_CURVE('',#996,#990,#472,.T.);
#1249=EDGE_CURVE('',#997,#961,#473,.T.);
#1250=EDGE_CURVE('',#994,#997,#474,.T.);
#1251=EDGE_CURVE('',#925,#996,#73,.T.);
#1252=EDGE_CURVE('',#924,#998,#74,.T.);
#1253=EDGE_CURVE('',#999,#998,#75,.T.);
#1254=EDGE_CURVE('',#992,#999,#475,.T.);
#1255=EDGE_CURVE('',#932,#1000,#476,.T.);
#1256=EDGE_CURVE('',#897,#931,#477,.T.);
#1257=EDGE_CURVE('',#1000,#896,#76,.T.);
#1258=EDGE_CURVE('',#887,#939,#478,.T.);
#1259=EDGE_CURVE('',#904,#923,#479,.T.);
#1260=EDGE_CURVE('',#903,#1001,#480,.T.);
#1261=EDGE_CURVE('',#1002,#1001,#116,.T.);
#1262=EDGE_CURVE('',#998,#1002,#481,.T.);
#1263=EDGE_CURVE('',#1001,#1003,#482,.T.);
#1264=EDGE_CURVE('',#902,#1003,#483,.T.);
#1265=EDGE_CURVE('',#1003,#1004,#484,.T.);
#1266=EDGE_CURVE('',#901,#1004,#485,.T.);
#1267=EDGE_CURVE('',#1004,#995,#117,.T.);
#1268=EDGE_CURVE('',#900,#928,#486,.T.);
#1269=EDGE_CURVE('',#1005,#933,#487,.T.);
#1270=EDGE_CURVE('',#1006,#1005,#77,.T.);
#1271=EDGE_CURVE('',#1007,#1006,#118,.T.);
#1272=EDGE_CURVE('',#1007,#934,#488,.T.);
#1273=EDGE_CURVE('',#1008,#1007,#489,.T.);
#1274=EDGE_CURVE('',#1008,#935,#490,.T.);
#1275=EDGE_CURVE('',#984,#1008,#491,.T.);
#1276=EDGE_CURVE('',#886,#940,#492,.T.);
#1277=EDGE_CURVE('',#899,#929,#493,.T.);
#1278=EDGE_CURVE('',#898,#930,#494,.T.);
#1279=EDGE_CURVE('',#1009,#1000,#495,.T.);
#1280=EDGE_CURVE('',#1010,#1009,#496,.T.);
#1281=EDGE_CURVE('',#1011,#1010,#497,.T.);
#1282=EDGE_CURVE('',#1012,#1011,#498,.T.);
#1283=EDGE_CURVE('',#1012,#1013,#499,.F.);
#1284=EDGE_CURVE('',#1013,#1014,#500,.F.);
#1285=EDGE_CURVE('',#1014,#1015,#501,.F.);
#1286=EDGE_CURVE('',#1015,#1016,#502,.F.);
#1287=EDGE_CURVE('',#1005,#1016,#503,.T.);
#1288=EDGE_CURVE('',#895,#1009,#504,.T.);
#1289=EDGE_CURVE('',#981,#1017,#505,.T.);
#1290=EDGE_CURVE('',#1017,#985,#506,.T.);
#1291=EDGE_CURVE('',#997,#1018,#119,.T.);
#1292=EDGE_CURVE('',#1018,#1019,#507,.T.);
#1293=EDGE_CURVE('',#1020,#1019,#508,.T.);
#1294=EDGE_CURVE('',#1020,#1021,#78,.T.);
#1295=EDGE_CURVE('',#1021,#1022,#509,.T.);
#1296=EDGE_CURVE('',#1023,#1022,#510,.T.);
#1297=EDGE_CURVE('',#1023,#1024,#511,.T.);
#1298=EDGE_CURVE('',#1024,#1025,#512,.T.);
#1299=EDGE_CURVE('',#1025,#1002,#120,.T.);
#1300=EDGE_CURVE('',#1026,#1027,#513,.T.);
#1301=EDGE_CURVE('',#1027,#1028,#514,.T.);
#1302=EDGE_CURVE('',#1028,#1029,#515,.T.);
#1303=EDGE_CURVE('',#1029,#1026,#516,.T.);
#1304=EDGE_CURVE('',#999,#1025,#517,.T.);
#1305=EDGE_CURVE('',#989,#988,#518,.T.);
#1306=EDGE_CURVE('',#948,#987,#519,.T.);
#1307=EDGE_CURVE('',#1030,#993,#79,.T.);
#1308=EDGE_CURVE('',#1031,#1030,#80,.T.);
#1309=EDGE_CURVE('',#1031,#1032,#520,.T.);
#1310=EDGE_CURVE('',#1032,#911,#81,.T.);
#1311=EDGE_CURVE('',#969,#1033,#521,.T.);
#1312=EDGE_CURVE('',#1034,#1033,#522,.T.);
#1313=EDGE_CURVE('',#1035,#1034,#523,.T.);
#1314=EDGE_CURVE('',#970,#1035,#524,.T.);
#1315=EDGE_CURVE('',#1033,#958,#525,.T.);
#1316=EDGE_CURVE('',#1036,#1037,#526,.T.);
#1317=EDGE_CURVE('',#1037,#1038,#28,.T.);
#1318=EDGE_CURVE('',#1038,#1039,#82,.F.);
#1319=EDGE_CURVE('',#1039,#1021,#527,.T.);
#1320=EDGE_CURVE('',#1036,#1020,#83,.T.);
#1321=EDGE_CURVE('',#1035,#1040,#528,.T.);
#1322=EDGE_CURVE('',#971,#1040,#529,.T.);
#1323=EDGE_CURVE('',#980,#1041,#530,.T.);
#1324=EDGE_CURVE('',#1015,#979,#531,.T.);
#1325=EDGE_CURVE('',#1041,#1014,#532,.T.);
#1326=EDGE_CURVE('',#1042,#1017,#533,.T.);
#1327=EDGE_CURVE('',#1016,#1042,#534,.T.);
#1328=EDGE_CURVE('',#1043,#1013,#535,.F.);
#1329=EDGE_CURVE('',#1041,#1043,#536,.T.);
#1330=EDGE_CURVE('',#952,#1012,#537,.T.);
#1331=EDGE_CURVE('',#1044,#951,#538,.T.);
#1332=EDGE_CURVE('',#1043,#1044,#539,.T.);
#1333=EDGE_CURVE('',#1042,#1006,#540,.T.);
#1334=EDGE_CURVE('',#1044,#942,#541,.T.);
#1335=EDGE_CURVE('',#1045,#1046,#542,.T.);
#1336=EDGE_CURVE('',#1045,#1047,#543,.T.);
#1337=EDGE_CURVE('',#1048,#1047,#544,.T.);
#1338=EDGE_CURVE('',#956,#1048,#545,.T.);
#1339=EDGE_CURVE('',#1046,#955,#546,.T.);
#1340=EDGE_CURVE('',#1049,#1010,#84,.T.);
#1341=EDGE_CURVE('',#1050,#1049,#547,.T.);
#1342=EDGE_CURVE('',#1011,#1050,#85,.T.);
#1343=EDGE_CURVE('',#1051,#1045,#548,.F.);
#1344=EDGE_CURVE('',#1052,#1051,#549,.T.);
#1345=EDGE_CURVE('',#1047,#1052,#550,.F.);
#1346=EDGE_CURVE('',#1053,#1009,#551,.T.);
#1347=EDGE_CURVE('',#1053,#1054,#552,.F.);
#1348=EDGE_CURVE('',#1054,#1049,#553,.F.);
#1349=EDGE_CURVE('',#1055,#1048,#554,.T.);
#1350=EDGE_CURVE('',#1056,#1055,#555,.F.);
#1351=EDGE_CURVE('',#1056,#1028,#556,.T.);
#1352=EDGE_CURVE('',#957,#1027,#557,.T.);
#1353=EDGE_CURVE('',#1055,#1052,#558,.F.);
#1354=EDGE_CURVE('',#908,#1057,#559,.T.);
#1355=EDGE_CURVE('',#1057,#893,#560,.T.);
#1356=EDGE_CURVE('',#1034,#1058,#561,.T.);
#1357=EDGE_CURVE('',#1040,#1058,#562,.T.);
#1358=EDGE_CURVE('',#1058,#1059,#563,.T.);
#1359=EDGE_CURVE('',#1060,#1059,#86,.T.);
#1360=EDGE_CURVE('',#972,#1060,#87,.T.);
#1361=EDGE_CURVE('',#1061,#1059,#88,.T.);
#1362=EDGE_CURVE('',#1036,#1061,#564,.T.);
#1363=EDGE_CURVE('',#1019,#1062,#89,.T.);
#1364=EDGE_CURVE('',#1060,#1062,#29,.F.);
#1365=EDGE_CURVE('',#1062,#1018,#565,.T.);
#1366=EDGE_CURVE('',#1050,#953,#566,.F.);
#1367=EDGE_CURVE('',#1026,#1063,#567,.T.);
#1368=EDGE_CURVE('',#1063,#1061,#568,.T.);
#1369=EDGE_CURVE('',#1022,#1039,#569,.F.);
#1370=EDGE_CURVE('',#1038,#1064,#570,.F.);
#1371=EDGE_CURVE('',#1054,#1064,#571,.T.);
#1372=EDGE_CURVE('',#1065,#1053,#572,.T.);
#1373=EDGE_CURVE('',#1066,#1065,#573,.T.);
#1374=EDGE_CURVE('',#1066,#1067,#574,.T.);
#1375=EDGE_CURVE('',#1067,#1023,#575,.F.);
#1376=EDGE_CURVE('',#1036,#1068,#576,.T.);
#1377=EDGE_CURVE('',#1068,#1056,#577,.T.);
#1378=EDGE_CURVE('',#1069,#1051,#578,.T.);
#1379=EDGE_CURVE('',#1069,#1037,#90,.T.);
#1380=EDGE_CURVE('',#1053,#894,#579,.T.);
#1381=EDGE_CURVE('',#1065,#1057,#580,.T.);
#1382=EDGE_CURVE('',#1070,#1046,#581,.T.);
#1383=EDGE_CURVE('',#1070,#1069,#582,.F.);
#1384=EDGE_CURVE('',#1064,#1071,#91,.F.);
#1385=EDGE_CURVE('',#1071,#1070,#92,.F.);
#1386=EDGE_CURVE('',#1032,#1066,#583,.T.);
#1387=EDGE_CURVE('',#1067,#1031,#584,.T.);
#1388=EDGE_CURVE('',#1068,#1029,#585,.T.);
#1389=EDGE_CURVE('',#1068,#1063,#586,.T.);
#1390=EDGE_CURVE('',#1071,#954,#587,.T.);
#1391=EDGE_CURVE('',#1024,#1030,#588,.T.);
#1392=EDGE_CURVE('',#949,#966,#589,.T.);
#1393=EDGE_CURVE('',#967,#950,#590,.T.);
#1394=EDGE_CURVE('',#1072,#1073,#121,.T.);
#1395=EDGE_CURVE('',#1074,#1073,#591,.T.);
#1396=EDGE_CURVE('',#1074,#1075,#122,.T.);
#1397=EDGE_CURVE('',#1075,#1072,#592,.T.);
#1398=EDGE_CURVE('',#1073,#1076,#123,.T.);
#1399=EDGE_CURVE('',#1077,#1076,#593,.T.);
#1400=EDGE_CURVE('',#1077,#1074,#124,.T.);
#1401=EDGE_CURVE('',#1076,#1078,#594,.T.);
#1402=EDGE_CURVE('',#1079,#1078,#595,.T.);
#1403=EDGE_CURVE('',#1079,#1077,#596,.T.);
#1404=EDGE_CURVE('',#1078,#1080,#597,.T.);
#1405=EDGE_CURVE('',#1081,#1080,#598,.T.);
#1406=EDGE_CURVE('',#1081,#1079,#599,.T.);
#1407=EDGE_CURVE('',#1080,#1082,#125,.T.);
#1408=EDGE_CURVE('',#1083,#1082,#600,.T.);
#1409=EDGE_CURVE('',#1083,#1081,#126,.T.);
#1410=EDGE_CURVE('',#1082,#1084,#601,.T.);
#1411=EDGE_CURVE('',#1085,#1084,#602,.T.);
#1412=EDGE_CURVE('',#1085,#1083,#603,.T.);
#1413=EDGE_CURVE('',#1084,#1086,#604,.T.);
#1414=EDGE_CURVE('',#1087,#1086,#605,.T.);
#1415=EDGE_CURVE('',#1087,#1085,#606,.T.);
#1416=EDGE_CURVE('',#1086,#1088,#127,.T.);
#1417=EDGE_CURVE('',#1089,#1088,#607,.T.);
#1418=EDGE_CURVE('',#1087,#1089,#128,.T.);
#1419=EDGE_CURVE('',#1088,#1090,#608,.T.);
#1420=EDGE_CURVE('',#1091,#1090,#609,.T.);
#1421=EDGE_CURVE('',#1091,#1089,#610,.T.);
#1422=EDGE_CURVE('',#1090,#1092,#129,.T.);
#1423=EDGE_CURVE('',#1093,#1092,#611,.T.);
#1424=EDGE_CURVE('',#1093,#1091,#130,.T.);
#1425=EDGE_CURVE('',#1092,#1094,#612,.T.);
#1426=EDGE_CURVE('',#1095,#1094,#613,.T.);
#1427=EDGE_CURVE('',#1095,#1093,#614,.T.);
#1428=EDGE_CURVE('',#1094,#1096,#615,.T.);
#1429=EDGE_CURVE('',#1097,#1096,#616,.T.);
#1430=EDGE_CURVE('',#1097,#1095,#617,.T.);
#1431=EDGE_CURVE('',#1096,#1098,#618,.T.);
#1432=EDGE_CURVE('',#1099,#1098,#619,.T.);
#1433=EDGE_CURVE('',#1099,#1097,#620,.T.);
#1434=EDGE_CURVE('',#1098,#1072,#131,.T.);
#1435=EDGE_CURVE('',#1075,#1099,#132,.T.);
#1436=ORIENTED_EDGE('',*,*,#1100,.F.);
#1437=ORIENTED_EDGE('',*,*,#1101,.F.);
#1438=ORIENTED_EDGE('',*,*,#1102,.F.);
#1439=ORIENTED_EDGE('',*,*,#1103,.F.);
#1440=ORIENTED_EDGE('',*,*,#1104,.T.);
#1441=ORIENTED_EDGE('',*,*,#1105,.F.);
#1442=ORIENTED_EDGE('',*,*,#1106,.T.);
#1443=ORIENTED_EDGE('',*,*,#1107,.T.);
#1444=ORIENTED_EDGE('',*,*,#1101,.T.);
#1445=ORIENTED_EDGE('',*,*,#1108,.F.);
#1446=ORIENTED_EDGE('',*,*,#1109,.T.);
#1447=ORIENTED_EDGE('',*,*,#1110,.T.);
#1448=ORIENTED_EDGE('',*,*,#1111,.T.);
#1449=ORIENTED_EDGE('',*,*,#1112,.F.);
#1450=ORIENTED_EDGE('',*,*,#1113,.F.);
#1451=ORIENTED_EDGE('',*,*,#1106,.F.);
#1452=ORIENTED_EDGE('',*,*,#1114,.F.);
#1453=ORIENTED_EDGE('',*,*,#1115,.F.);
#1454=ORIENTED_EDGE('',*,*,#1116,.F.);
#1455=ORIENTED_EDGE('',*,*,#1117,.F.);
#1456=ORIENTED_EDGE('',*,*,#1118,.F.);
#1457=ORIENTED_EDGE('',*,*,#1119,.F.);
#1458=ORIENTED_EDGE('',*,*,#1120,.T.);
#1459=ORIENTED_EDGE('',*,*,#1121,.T.);
#1460=ORIENTED_EDGE('',*,*,#1122,.T.);
#1461=ORIENTED_EDGE('',*,*,#1123,.T.);
#1462=ORIENTED_EDGE('',*,*,#1124,.T.);
#1463=ORIENTED_EDGE('',*,*,#1125,.T.);
#1464=ORIENTED_EDGE('',*,*,#1126,.T.);
#1465=ORIENTED_EDGE('',*,*,#1127,.T.);
#1466=ORIENTED_EDGE('',*,*,#1128,.T.);
#1467=ORIENTED_EDGE('',*,*,#1129,.T.);
#1468=ORIENTED_EDGE('',*,*,#1130,.F.);
#1469=ORIENTED_EDGE('',*,*,#1131,.T.);
#1470=ORIENTED_EDGE('',*,*,#1132,.F.);
#1471=ORIENTED_EDGE('',*,*,#1133,.F.);
#1472=ORIENTED_EDGE('',*,*,#1115,.T.);
#1473=ORIENTED_EDGE('',*,*,#1134,.F.);
#1474=ORIENTED_EDGE('',*,*,#1135,.T.);
#1475=ORIENTED_EDGE('',*,*,#1136,.F.);
#1476=ORIENTED_EDGE('',*,*,#1137,.F.);
#1477=ORIENTED_EDGE('',*,*,#1131,.F.);
#1478=ORIENTED_EDGE('',*,*,#1100,.T.);
#1479=ORIENTED_EDGE('',*,*,#1138,.F.);
#1480=ORIENTED_EDGE('',*,*,#1139,.F.);
#1481=ORIENTED_EDGE('',*,*,#1140,.T.);
#1482=ORIENTED_EDGE('',*,*,#1141,.F.);
#1483=ORIENTED_EDGE('',*,*,#1142,.F.);
#1484=ORIENTED_EDGE('',*,*,#1143,.F.);
#1485=ORIENTED_EDGE('',*,*,#1108,.T.);
#1486=ORIENTED_EDGE('',*,*,#1105,.T.);
#1487=ORIENTED_EDGE('',*,*,#1144,.F.);
#1488=ORIENTED_EDGE('',*,*,#1129,.F.);
#1489=ORIENTED_EDGE('',*,*,#1145,.T.);
#1490=ORIENTED_EDGE('',*,*,#1146,.T.);
#1491=ORIENTED_EDGE('',*,*,#1114,.T.);
#1492=ORIENTED_EDGE('',*,*,#1144,.T.);
#1493=ORIENTED_EDGE('',*,*,#1147,.F.);
#1494=ORIENTED_EDGE('',*,*,#1148,.F.);
#1495=ORIENTED_EDGE('',*,*,#1149,.F.);
#1496=ORIENTED_EDGE('',*,*,#1150,.F.);
#1497=ORIENTED_EDGE('',*,*,#1151,.F.);
#1498=ORIENTED_EDGE('',*,*,#1134,.T.);
#1499=ORIENTED_EDGE('',*,*,#1130,.T.);
#1500=ORIENTED_EDGE('',*,*,#1142,.T.);
#1501=ORIENTED_EDGE('',*,*,#1152,.T.);
#1502=ORIENTED_EDGE('',*,*,#1147,.T.);
#1503=ORIENTED_EDGE('',*,*,#1146,.F.);
#1504=ORIENTED_EDGE('',*,*,#1153,.F.);
#1505=ORIENTED_EDGE('',*,*,#1154,.F.);
#1506=ORIENTED_EDGE('',*,*,#1155,.F.);
#1507=ORIENTED_EDGE('',*,*,#1156,.F.);
#1508=ORIENTED_EDGE('',*,*,#1157,.F.);
#1509=ORIENTED_EDGE('',*,*,#1158,.F.);
#1510=ORIENTED_EDGE('',*,*,#1159,.F.);
#1511=ORIENTED_EDGE('',*,*,#1160,.F.);
#1512=ORIENTED_EDGE('',*,*,#1161,.F.);
#1513=ORIENTED_EDGE('',*,*,#1162,.F.);
#1514=ORIENTED_EDGE('',*,*,#1163,.F.);
#1515=ORIENTED_EDGE('',*,*,#1164,.F.);
#1516=ORIENTED_EDGE('',*,*,#1165,.F.);
#1517=ORIENTED_EDGE('',*,*,#1166,.F.);
#1518=ORIENTED_EDGE('',*,*,#1167,.F.);
#1519=ORIENTED_EDGE('',*,*,#1168,.F.);
#1520=ORIENTED_EDGE('',*,*,#1169,.F.);
#1521=ORIENTED_EDGE('',*,*,#1170,.F.);
#1522=ORIENTED_EDGE('',*,*,#1171,.F.);
#1523=ORIENTED_EDGE('',*,*,#1138,.T.);
#1524=ORIENTED_EDGE('',*,*,#1104,.F.);
#1525=ORIENTED_EDGE('',*,*,#1172,.F.);
#1526=ORIENTED_EDGE('',*,*,#1173,.F.);
#1527=ORIENTED_EDGE('',*,*,#1174,.F.);
#1528=ORIENTED_EDGE('',*,*,#1175,.T.);
#1529=ORIENTED_EDGE('',*,*,#1135,.F.);
#1530=ORIENTED_EDGE('',*,*,#1151,.T.);
#1531=ORIENTED_EDGE('',*,*,#1176,.T.);
#1532=ORIENTED_EDGE('',*,*,#1177,.T.);
#1533=ORIENTED_EDGE('',*,*,#1178,.T.);
#1534=ORIENTED_EDGE('',*,*,#1179,.T.);
#1535=ORIENTED_EDGE('',*,*,#1180,.T.);
#1536=ORIENTED_EDGE('',*,*,#1181,.T.);
#1537=ORIENTED_EDGE('',*,*,#1150,.T.);
#1538=ORIENTED_EDGE('',*,*,#1182,.T.);
#1539=ORIENTED_EDGE('',*,*,#1183,.T.);
#1540=ORIENTED_EDGE('',*,*,#1184,.T.);
#1541=ORIENTED_EDGE('',*,*,#1139,.T.);
#1542=ORIENTED_EDGE('',*,*,#1175,.F.);
#1543=ORIENTED_EDGE('',*,*,#1185,.F.);
#1544=ORIENTED_EDGE('',*,*,#1186,.T.);
#1545=ORIENTED_EDGE('',*,*,#1187,.F.);
#1546=ORIENTED_EDGE('',*,*,#1188,.F.);
#1547=ORIENTED_EDGE('',*,*,#1189,.F.);
#1548=ORIENTED_EDGE('',*,*,#1190,.T.);
#1549=ORIENTED_EDGE('',*,*,#1191,.F.);
#1550=ORIENTED_EDGE('',*,*,#1192,.F.);
#1551=ORIENTED_EDGE('',*,*,#1193,.F.);
#1552=ORIENTED_EDGE('',*,*,#1194,.F.);
#1553=ORIENTED_EDGE('',*,*,#1195,.F.);
#1554=ORIENTED_EDGE('',*,*,#1196,.F.);
#1555=ORIENTED_EDGE('',*,*,#1197,.F.);
#1556=ORIENTED_EDGE('',*,*,#1198,.F.);
#1557=ORIENTED_EDGE('',*,*,#1199,.F.);
#1558=ORIENTED_EDGE('',*,*,#1200,.F.);
#1559=ORIENTED_EDGE('',*,*,#1176,.F.);
#1560=ORIENTED_EDGE('',*,*,#1201,.T.);
#1561=ORIENTED_EDGE('',*,*,#1148,.T.);
#1562=ORIENTED_EDGE('',*,*,#1152,.F.);
#1563=ORIENTED_EDGE('',*,*,#1141,.T.);
#1564=ORIENTED_EDGE('',*,*,#1202,.T.);
#1565=ORIENTED_EDGE('',*,*,#1203,.T.);
#1566=ORIENTED_EDGE('',*,*,#1204,.F.);
#1567=ORIENTED_EDGE('',*,*,#1205,.T.);
#1568=ORIENTED_EDGE('',*,*,#1194,.T.);
#1569=ORIENTED_EDGE('',*,*,#1206,.T.);
#1570=ORIENTED_EDGE('',*,*,#1207,.T.);
#1571=ORIENTED_EDGE('',*,*,#1208,.F.);
#1572=ORIENTED_EDGE('',*,*,#1209,.F.);
#1573=ORIENTED_EDGE('',*,*,#1210,.T.);
#1574=ORIENTED_EDGE('',*,*,#1211,.T.);
#1575=ORIENTED_EDGE('',*,*,#1212,.T.);
#1576=ORIENTED_EDGE('',*,*,#1213,.T.);
#1577=ORIENTED_EDGE('',*,*,#1112,.T.);
#1578=ORIENTED_EDGE('',*,*,#1214,.T.);
#1579=ORIENTED_EDGE('',*,*,#1213,.F.);
#1580=ORIENTED_EDGE('',*,*,#1215,.T.);
#1581=ORIENTED_EDGE('',*,*,#1107,.F.);
#1582=ORIENTED_EDGE('',*,*,#1113,.T.);
#1583=ORIENTED_EDGE('',*,*,#1212,.F.);
#1584=ORIENTED_EDGE('',*,*,#1216,.T.);
#1585=ORIENTED_EDGE('',*,*,#1102,.T.);
#1586=ORIENTED_EDGE('',*,*,#1215,.F.);
#1587=ORIENTED_EDGE('',*,*,#1211,.F.);
#1588=ORIENTED_EDGE('',*,*,#1217,.T.);
#1589=ORIENTED_EDGE('',*,*,#1168,.T.);
#1590=ORIENTED_EDGE('',*,*,#1218,.T.);
#1591=ORIENTED_EDGE('',*,*,#1219,.F.);
#1592=ORIENTED_EDGE('',*,*,#1220,.F.);
#1593=ORIENTED_EDGE('',*,*,#1221,.T.);
#1594=ORIENTED_EDGE('',*,*,#1222,.T.);
#1595=ORIENTED_EDGE('',*,*,#1223,.T.);
#1596=ORIENTED_EDGE('',*,*,#1172,.T.);
#1597=ORIENTED_EDGE('',*,*,#1103,.T.);
#1598=ORIENTED_EDGE('',*,*,#1216,.F.);
#1599=ORIENTED_EDGE('',*,*,#1224,.T.);
#1600=ORIENTED_EDGE('',*,*,#1225,.T.);
#1601=ORIENTED_EDGE('',*,*,#1219,.T.);
#1602=ORIENTED_EDGE('',*,*,#1226,.T.);
#1603=ORIENTED_EDGE('',*,*,#1227,.T.);
#1604=ORIENTED_EDGE('',*,*,#1226,.F.);
#1605=ORIENTED_EDGE('',*,*,#1218,.F.);
#1606=ORIENTED_EDGE('',*,*,#1167,.T.);
#1607=ORIENTED_EDGE('',*,*,#1228,.F.);
#1608=ORIENTED_EDGE('',*,*,#1229,.F.);
#1609=ORIENTED_EDGE('',*,*,#1225,.F.);
#1610=ORIENTED_EDGE('',*,*,#1230,.F.);
#1611=ORIENTED_EDGE('',*,*,#1231,.T.);
#1612=ORIENTED_EDGE('',*,*,#1220,.T.);
#1613=ORIENTED_EDGE('',*,*,#1177,.F.);
#1614=ORIENTED_EDGE('',*,*,#1200,.T.);
#1615=ORIENTED_EDGE('',*,*,#1232,.F.);
#1616=ORIENTED_EDGE('',*,*,#1233,.F.);
#1617=ORIENTED_EDGE('',*,*,#1234,.F.);
#1618=ORIENTED_EDGE('',*,*,#1235,.T.);
#1619=ORIENTED_EDGE('',*,*,#1179,.F.);
#1620=ORIENTED_EDGE('',*,*,#1236,.F.);
#1621=ORIENTED_EDGE('',*,*,#1237,.T.);
#1622=ORIENTED_EDGE('',*,*,#1198,.T.);
#1623=ORIENTED_EDGE('',*,*,#1238,.F.);
#1624=ORIENTED_EDGE('',*,*,#1239,.F.);
#1625=ORIENTED_EDGE('',*,*,#1240,.T.);
#1626=ORIENTED_EDGE('',*,*,#1232,.T.);
#1627=ORIENTED_EDGE('',*,*,#1199,.T.);
#1628=ORIENTED_EDGE('',*,*,#1240,.F.);
#1629=ORIENTED_EDGE('',*,*,#1241,.T.);
#1630=ORIENTED_EDGE('',*,*,#1242,.T.);
#1631=ORIENTED_EDGE('',*,*,#1243,.T.);
#1632=ORIENTED_EDGE('',*,*,#1244,.T.);
#1633=ORIENTED_EDGE('',*,*,#1245,.F.);
#1634=ORIENTED_EDGE('',*,*,#1246,.T.);
#1635=ORIENTED_EDGE('',*,*,#1157,.T.);
#1636=ORIENTED_EDGE('',*,*,#1247,.F.);
#1637=ORIENTED_EDGE('',*,*,#1248,.T.);
#1638=ORIENTED_EDGE('',*,*,#1238,.T.);
#1639=ORIENTED_EDGE('',*,*,#1197,.T.);
#1640=ORIENTED_EDGE('',*,*,#1249,.F.);
#1641=ORIENTED_EDGE('',*,*,#1250,.F.);
#1642=ORIENTED_EDGE('',*,*,#1244,.F.);
#1643=ORIENTED_EDGE('',*,*,#1196,.T.);
#1644=ORIENTED_EDGE('',*,*,#1239,.T.);
#1645=ORIENTED_EDGE('',*,*,#1248,.F.);
#1646=ORIENTED_EDGE('',*,*,#1251,.F.);
#1647=ORIENTED_EDGE('',*,*,#1155,.T.);
#1648=ORIENTED_EDGE('',*,*,#1252,.T.);
#1649=ORIENTED_EDGE('',*,*,#1253,.F.);
#1650=ORIENTED_EDGE('',*,*,#1254,.F.);
#1651=ORIENTED_EDGE('',*,*,#1241,.F.);
#1652=ORIENTED_EDGE('',*,*,#1255,.F.);
#1653=ORIENTED_EDGE('',*,*,#1162,.T.);
#1654=ORIENTED_EDGE('',*,*,#1256,.F.);
#1655=ORIENTED_EDGE('',*,*,#1120,.F.);
#1656=ORIENTED_EDGE('',*,*,#1257,.F.);
#1657=ORIENTED_EDGE('',*,*,#1214,.F.);
#1658=ORIENTED_EDGE('',*,*,#1111,.F.);
#1659=ORIENTED_EDGE('',*,*,#1258,.T.);
#1660=ORIENTED_EDGE('',*,*,#1169,.T.);
#1661=ORIENTED_EDGE('',*,*,#1217,.F.);
#1662=ORIENTED_EDGE('',*,*,#1252,.F.);
#1663=ORIENTED_EDGE('',*,*,#1154,.T.);
#1664=ORIENTED_EDGE('',*,*,#1259,.F.);
#1665=ORIENTED_EDGE('',*,*,#1127,.F.);
#1666=ORIENTED_EDGE('',*,*,#1260,.T.);
#1667=ORIENTED_EDGE('',*,*,#1261,.F.);
#1668=ORIENTED_EDGE('',*,*,#1262,.F.);
#1669=ORIENTED_EDGE('',*,*,#1263,.F.);
#1670=ORIENTED_EDGE('',*,*,#1260,.F.);
#1671=ORIENTED_EDGE('',*,*,#1126,.F.);
#1672=ORIENTED_EDGE('',*,*,#1264,.T.);
#1673=ORIENTED_EDGE('',*,*,#1265,.F.);
#1674=ORIENTED_EDGE('',*,*,#1264,.F.);
#1675=ORIENTED_EDGE('',*,*,#1125,.F.);
#1676=ORIENTED_EDGE('',*,*,#1266,.T.);
#1677=ORIENTED_EDGE('',*,*,#1267,.F.);
#1678=ORIENTED_EDGE('',*,*,#1266,.F.);
#1679=ORIENTED_EDGE('',*,*,#1124,.F.);
#1680=ORIENTED_EDGE('',*,*,#1268,.T.);
#1681=ORIENTED_EDGE('',*,*,#1158,.T.);
#1682=ORIENTED_EDGE('',*,*,#1246,.F.);
#1683=ORIENTED_EDGE('',*,*,#1269,.F.);
#1684=ORIENTED_EDGE('',*,*,#1270,.F.);
#1685=ORIENTED_EDGE('',*,*,#1271,.F.);
#1686=ORIENTED_EDGE('',*,*,#1272,.T.);
#1687=ORIENTED_EDGE('',*,*,#1164,.T.);
#1688=ORIENTED_EDGE('',*,*,#1273,.F.);
#1689=ORIENTED_EDGE('',*,*,#1274,.T.);
#1690=ORIENTED_EDGE('',*,*,#1165,.T.);
#1691=ORIENTED_EDGE('',*,*,#1272,.F.);
#1692=ORIENTED_EDGE('',*,*,#1275,.F.);
#1693=ORIENTED_EDGE('',*,*,#1228,.T.);
#1694=ORIENTED_EDGE('',*,*,#1166,.T.);
#1695=ORIENTED_EDGE('',*,*,#1274,.F.);
#1696=ORIENTED_EDGE('',*,*,#1110,.F.);
#1697=ORIENTED_EDGE('',*,*,#1276,.T.);
#1698=ORIENTED_EDGE('',*,*,#1170,.T.);
#1699=ORIENTED_EDGE('',*,*,#1258,.F.);
#1700=ORIENTED_EDGE('',*,*,#1128,.F.);
#1701=ORIENTED_EDGE('',*,*,#1259,.T.);
#1702=ORIENTED_EDGE('',*,*,#1153,.T.);
#1703=ORIENTED_EDGE('',*,*,#1145,.F.);
#1704=ORIENTED_EDGE('',*,*,#1123,.F.);
#1705=ORIENTED_EDGE('',*,*,#1277,.T.);
#1706=ORIENTED_EDGE('',*,*,#1159,.T.);
#1707=ORIENTED_EDGE('',*,*,#1268,.F.);
#1708=ORIENTED_EDGE('',*,*,#1122,.F.);
#1709=ORIENTED_EDGE('',*,*,#1278,.T.);
#1710=ORIENTED_EDGE('',*,*,#1160,.T.);
#1711=ORIENTED_EDGE('',*,*,#1277,.F.);
#1712=ORIENTED_EDGE('',*,*,#1121,.F.);
#1713=ORIENTED_EDGE('',*,*,#1256,.T.);
#1714=ORIENTED_EDGE('',*,*,#1161,.T.);
#1715=ORIENTED_EDGE('',*,*,#1278,.F.);
#1716=ORIENTED_EDGE('',*,*,#1269,.T.);
#1717=ORIENTED_EDGE('',*,*,#1163,.T.);
#1718=ORIENTED_EDGE('',*,*,#1255,.T.);
#1719=ORIENTED_EDGE('',*,*,#1279,.F.);
#1720=ORIENTED_EDGE('',*,*,#1280,.F.);
#1721=ORIENTED_EDGE('',*,*,#1281,.F.);
#1722=ORIENTED_EDGE('',*,*,#1282,.F.);
#1723=ORIENTED_EDGE('',*,*,#1283,.T.);
#1724=ORIENTED_EDGE('',*,*,#1284,.T.);
#1725=ORIENTED_EDGE('',*,*,#1285,.T.);
#1726=ORIENTED_EDGE('',*,*,#1286,.T.);
#1727=ORIENTED_EDGE('',*,*,#1287,.F.);
#1728=ORIENTED_EDGE('',*,*,#1257,.T.);
#1729=ORIENTED_EDGE('',*,*,#1119,.T.);
#1730=ORIENTED_EDGE('',*,*,#1288,.T.);
#1731=ORIENTED_EDGE('',*,*,#1279,.T.);
#1732=ORIENTED_EDGE('',*,*,#1224,.F.);
#1733=ORIENTED_EDGE('',*,*,#1289,.T.);
#1734=ORIENTED_EDGE('',*,*,#1290,.T.);
#1735=ORIENTED_EDGE('',*,*,#1230,.T.);
#1736=ORIENTED_EDGE('',*,*,#1261,.T.);
#1737=ORIENTED_EDGE('',*,*,#1263,.T.);
#1738=ORIENTED_EDGE('',*,*,#1265,.T.);
#1739=ORIENTED_EDGE('',*,*,#1267,.T.);
#1740=ORIENTED_EDGE('',*,*,#1245,.T.);
#1741=ORIENTED_EDGE('',*,*,#1250,.T.);
#1742=ORIENTED_EDGE('',*,*,#1291,.T.);
#1743=ORIENTED_EDGE('',*,*,#1292,.T.);
#1744=ORIENTED_EDGE('',*,*,#1293,.F.);
#1745=ORIENTED_EDGE('',*,*,#1294,.T.);
#1746=ORIENTED_EDGE('',*,*,#1295,.T.);
#1747=ORIENTED_EDGE('',*,*,#1296,.F.);
#1748=ORIENTED_EDGE('',*,*,#1297,.T.);
#1749=ORIENTED_EDGE('',*,*,#1298,.T.);
#1750=ORIENTED_EDGE('',*,*,#1299,.T.);
#1751=ORIENTED_EDGE('',*,*,#1300,.T.);
#1752=ORIENTED_EDGE('',*,*,#1301,.T.);
#1753=ORIENTED_EDGE('',*,*,#1302,.T.);
#1754=ORIENTED_EDGE('',*,*,#1303,.T.);
#1755=ORIENTED_EDGE('',*,*,#1156,.T.);
#1756=ORIENTED_EDGE('',*,*,#1251,.T.);
#1757=ORIENTED_EDGE('',*,*,#1247,.T.);
#1758=ORIENTED_EDGE('',*,*,#1262,.T.);
#1759=ORIENTED_EDGE('',*,*,#1299,.F.);
#1760=ORIENTED_EDGE('',*,*,#1304,.F.);
#1761=ORIENTED_EDGE('',*,*,#1253,.T.);
#1762=ORIENTED_EDGE('',*,*,#1178,.F.);
#1763=ORIENTED_EDGE('',*,*,#1235,.F.);
#1764=ORIENTED_EDGE('',*,*,#1305,.F.);
#1765=ORIENTED_EDGE('',*,*,#1236,.T.);
#1766=ORIENTED_EDGE('',*,*,#1305,.T.);
#1767=ORIENTED_EDGE('',*,*,#1234,.T.);
#1768=ORIENTED_EDGE('',*,*,#1306,.F.);
#1769=ORIENTED_EDGE('',*,*,#1180,.F.);
#1770=ORIENTED_EDGE('',*,*,#1237,.F.);
#1771=ORIENTED_EDGE('',*,*,#1233,.T.);
#1772=ORIENTED_EDGE('',*,*,#1243,.F.);
#1773=ORIENTED_EDGE('',*,*,#1307,.F.);
#1774=ORIENTED_EDGE('',*,*,#1308,.F.);
#1775=ORIENTED_EDGE('',*,*,#1309,.T.);
#1776=ORIENTED_EDGE('',*,*,#1310,.T.);
#1777=ORIENTED_EDGE('',*,*,#1136,.T.);
#1778=ORIENTED_EDGE('',*,*,#1181,.F.);
#1779=ORIENTED_EDGE('',*,*,#1306,.T.);
#1780=ORIENTED_EDGE('',*,*,#1311,.T.);
#1781=ORIENTED_EDGE('',*,*,#1312,.F.);
#1782=ORIENTED_EDGE('',*,*,#1313,.F.);
#1783=ORIENTED_EDGE('',*,*,#1314,.F.);
#1784=ORIENTED_EDGE('',*,*,#1207,.F.);
#1785=ORIENTED_EDGE('',*,*,#1204,.T.);
#1786=ORIENTED_EDGE('',*,*,#1311,.F.);
#1787=ORIENTED_EDGE('',*,*,#1206,.F.);
#1788=ORIENTED_EDGE('',*,*,#1193,.T.);
#1789=ORIENTED_EDGE('',*,*,#1315,.F.);
#1790=ORIENTED_EDGE('',*,*,#1316,.T.);
#1791=ORIENTED_EDGE('',*,*,#1317,.T.);
#1792=ORIENTED_EDGE('',*,*,#1318,.T.);
#1793=ORIENTED_EDGE('',*,*,#1319,.T.);
#1794=ORIENTED_EDGE('',*,*,#1294,.F.);
#1795=ORIENTED_EDGE('',*,*,#1320,.F.);
#1796=ORIENTED_EDGE('',*,*,#1314,.T.);
#1797=ORIENTED_EDGE('',*,*,#1321,.T.);
#1798=ORIENTED_EDGE('',*,*,#1322,.F.);
#1799=ORIENTED_EDGE('',*,*,#1208,.T.);
#1800=ORIENTED_EDGE('',*,*,#1323,.F.);
#1801=ORIENTED_EDGE('',*,*,#1222,.F.);
#1802=ORIENTED_EDGE('',*,*,#1324,.F.);
#1803=ORIENTED_EDGE('',*,*,#1285,.F.);
#1804=ORIENTED_EDGE('',*,*,#1325,.F.);
#1805=ORIENTED_EDGE('',*,*,#1221,.F.);
#1806=ORIENTED_EDGE('',*,*,#1231,.F.);
#1807=ORIENTED_EDGE('',*,*,#1290,.F.);
#1808=ORIENTED_EDGE('',*,*,#1326,.F.);
#1809=ORIENTED_EDGE('',*,*,#1327,.F.);
#1810=ORIENTED_EDGE('',*,*,#1286,.F.);
#1811=ORIENTED_EDGE('',*,*,#1324,.T.);
#1812=ORIENTED_EDGE('',*,*,#1328,.F.);
#1813=ORIENTED_EDGE('',*,*,#1329,.F.);
#1814=ORIENTED_EDGE('',*,*,#1325,.T.);
#1815=ORIENTED_EDGE('',*,*,#1284,.F.);
#1816=ORIENTED_EDGE('',*,*,#1328,.T.);
#1817=ORIENTED_EDGE('',*,*,#1283,.F.);
#1818=ORIENTED_EDGE('',*,*,#1330,.F.);
#1819=ORIENTED_EDGE('',*,*,#1186,.F.);
#1820=ORIENTED_EDGE('',*,*,#1331,.F.);
#1821=ORIENTED_EDGE('',*,*,#1332,.F.);
#1822=ORIENTED_EDGE('',*,*,#1270,.T.);
#1823=ORIENTED_EDGE('',*,*,#1287,.T.);
#1824=ORIENTED_EDGE('',*,*,#1327,.T.);
#1825=ORIENTED_EDGE('',*,*,#1333,.T.);
#1826=ORIENTED_EDGE('',*,*,#1227,.F.);
#1827=ORIENTED_EDGE('',*,*,#1229,.T.);
#1828=ORIENTED_EDGE('',*,*,#1275,.T.);
#1829=ORIENTED_EDGE('',*,*,#1273,.T.);
#1830=ORIENTED_EDGE('',*,*,#1271,.T.);
#1831=ORIENTED_EDGE('',*,*,#1333,.F.);
#1832=ORIENTED_EDGE('',*,*,#1326,.T.);
#1833=ORIENTED_EDGE('',*,*,#1289,.F.);
#1834=ORIENTED_EDGE('',*,*,#1329,.T.);
#1835=ORIENTED_EDGE('',*,*,#1332,.T.);
#1836=ORIENTED_EDGE('',*,*,#1334,.T.);
#1837=ORIENTED_EDGE('',*,*,#1173,.T.);
#1838=ORIENTED_EDGE('',*,*,#1223,.F.);
#1839=ORIENTED_EDGE('',*,*,#1323,.T.);
#1840=ORIENTED_EDGE('',*,*,#1335,.F.);
#1841=ORIENTED_EDGE('',*,*,#1336,.T.);
#1842=ORIENTED_EDGE('',*,*,#1337,.F.);
#1843=ORIENTED_EDGE('',*,*,#1338,.F.);
#1844=ORIENTED_EDGE('',*,*,#1190,.F.);
#1845=ORIENTED_EDGE('',*,*,#1339,.F.);
#1846=ORIENTED_EDGE('',*,*,#1340,.F.);
#1847=ORIENTED_EDGE('',*,*,#1341,.F.);
#1848=ORIENTED_EDGE('',*,*,#1342,.F.);
#1849=ORIENTED_EDGE('',*,*,#1281,.T.);
#1850=ORIENTED_EDGE('',*,*,#1343,.F.);
#1851=ORIENTED_EDGE('',*,*,#1344,.F.);
#1852=ORIENTED_EDGE('',*,*,#1345,.F.);
#1853=ORIENTED_EDGE('',*,*,#1336,.F.);
#1854=ORIENTED_EDGE('',*,*,#1340,.T.);
#1855=ORIENTED_EDGE('',*,*,#1280,.T.);
#1856=ORIENTED_EDGE('',*,*,#1346,.F.);
#1857=ORIENTED_EDGE('',*,*,#1347,.T.);
#1858=ORIENTED_EDGE('',*,*,#1348,.T.);
#1859=ORIENTED_EDGE('',*,*,#1338,.T.);
#1860=ORIENTED_EDGE('',*,*,#1349,.F.);
#1861=ORIENTED_EDGE('',*,*,#1350,.F.);
#1862=ORIENTED_EDGE('',*,*,#1351,.T.);
#1863=ORIENTED_EDGE('',*,*,#1301,.F.);
#1864=ORIENTED_EDGE('',*,*,#1352,.F.);
#1865=ORIENTED_EDGE('',*,*,#1191,.T.);
#1866=ORIENTED_EDGE('',*,*,#1337,.T.);
#1867=ORIENTED_EDGE('',*,*,#1345,.T.);
#1868=ORIENTED_EDGE('',*,*,#1353,.F.);
#1869=ORIENTED_EDGE('',*,*,#1349,.T.);
#1870=ORIENTED_EDGE('',*,*,#1133,.T.);
#1871=ORIENTED_EDGE('',*,*,#1354,.T.);
#1872=ORIENTED_EDGE('',*,*,#1355,.T.);
#1873=ORIENTED_EDGE('',*,*,#1116,.T.);
#1874=ORIENTED_EDGE('',*,*,#1313,.T.);
#1875=ORIENTED_EDGE('',*,*,#1356,.T.);
#1876=ORIENTED_EDGE('',*,*,#1357,.F.);
#1877=ORIENTED_EDGE('',*,*,#1321,.F.);
#1878=ORIENTED_EDGE('',*,*,#1209,.T.);
#1879=ORIENTED_EDGE('',*,*,#1322,.T.);
#1880=ORIENTED_EDGE('',*,*,#1357,.T.);
#1881=ORIENTED_EDGE('',*,*,#1358,.T.);
#1882=ORIENTED_EDGE('',*,*,#1359,.F.);
#1883=ORIENTED_EDGE('',*,*,#1360,.F.);
#1884=ORIENTED_EDGE('',*,*,#1361,.F.);
#1885=ORIENTED_EDGE('',*,*,#1362,.F.);
#1886=ORIENTED_EDGE('',*,*,#1320,.T.);
#1887=ORIENTED_EDGE('',*,*,#1293,.T.);
#1888=ORIENTED_EDGE('',*,*,#1363,.T.);
#1889=ORIENTED_EDGE('',*,*,#1364,.F.);
#1890=ORIENTED_EDGE('',*,*,#1359,.T.);
#1891=ORIENTED_EDGE('',*,*,#1360,.T.);
#1892=ORIENTED_EDGE('',*,*,#1364,.T.);
#1893=ORIENTED_EDGE('',*,*,#1365,.T.);
#1894=ORIENTED_EDGE('',*,*,#1291,.F.);
#1895=ORIENTED_EDGE('',*,*,#1249,.T.);
#1896=ORIENTED_EDGE('',*,*,#1195,.T.);
#1897=ORIENTED_EDGE('',*,*,#1205,.F.);
#1898=ORIENTED_EDGE('',*,*,#1210,.F.);
#1899=ORIENTED_EDGE('',*,*,#1342,.T.);
#1900=ORIENTED_EDGE('',*,*,#1366,.T.);
#1901=ORIENTED_EDGE('',*,*,#1187,.T.);
#1902=ORIENTED_EDGE('',*,*,#1330,.T.);
#1903=ORIENTED_EDGE('',*,*,#1282,.T.);
#1904=ORIENTED_EDGE('',*,*,#1352,.T.);
#1905=ORIENTED_EDGE('',*,*,#1300,.F.);
#1906=ORIENTED_EDGE('',*,*,#1367,.T.);
#1907=ORIENTED_EDGE('',*,*,#1368,.T.);
#1908=ORIENTED_EDGE('',*,*,#1361,.T.);
#1909=ORIENTED_EDGE('',*,*,#1358,.F.);
#1910=ORIENTED_EDGE('',*,*,#1356,.F.);
#1911=ORIENTED_EDGE('',*,*,#1312,.T.);
#1912=ORIENTED_EDGE('',*,*,#1315,.T.);
#1913=ORIENTED_EDGE('',*,*,#1192,.T.);
#1914=ORIENTED_EDGE('',*,*,#1319,.F.);
#1915=ORIENTED_EDGE('',*,*,#1369,.F.);
#1916=ORIENTED_EDGE('',*,*,#1295,.F.);
#1917=ORIENTED_EDGE('',*,*,#1318,.F.);
#1918=ORIENTED_EDGE('',*,*,#1370,.T.);
#1919=ORIENTED_EDGE('',*,*,#1371,.F.);
#1920=ORIENTED_EDGE('',*,*,#1347,.F.);
#1921=ORIENTED_EDGE('',*,*,#1372,.F.);
#1922=ORIENTED_EDGE('',*,*,#1373,.F.);
#1923=ORIENTED_EDGE('',*,*,#1374,.T.);
#1924=ORIENTED_EDGE('',*,*,#1375,.T.);
#1925=ORIENTED_EDGE('',*,*,#1296,.T.);
#1926=ORIENTED_EDGE('',*,*,#1369,.T.);
#1927=ORIENTED_EDGE('',*,*,#1316,.F.);
#1928=ORIENTED_EDGE('',*,*,#1376,.T.);
#1929=ORIENTED_EDGE('',*,*,#1377,.T.);
#1930=ORIENTED_EDGE('',*,*,#1350,.T.);
#1931=ORIENTED_EDGE('',*,*,#1353,.T.);
#1932=ORIENTED_EDGE('',*,*,#1344,.T.);
#1933=ORIENTED_EDGE('',*,*,#1378,.F.);
#1934=ORIENTED_EDGE('',*,*,#1379,.T.);
#1935=ORIENTED_EDGE('',*,*,#1380,.F.);
#1936=ORIENTED_EDGE('',*,*,#1346,.T.);
#1937=ORIENTED_EDGE('',*,*,#1288,.F.);
#1938=ORIENTED_EDGE('',*,*,#1118,.T.);
#1939=ORIENTED_EDGE('',*,*,#1355,.F.);
#1940=ORIENTED_EDGE('',*,*,#1381,.F.);
#1941=ORIENTED_EDGE('',*,*,#1372,.T.);
#1942=ORIENTED_EDGE('',*,*,#1380,.T.);
#1943=ORIENTED_EDGE('',*,*,#1117,.T.);
#1944=ORIENTED_EDGE('',*,*,#1335,.T.);
#1945=ORIENTED_EDGE('',*,*,#1382,.F.);
#1946=ORIENTED_EDGE('',*,*,#1383,.T.);
#1947=ORIENTED_EDGE('',*,*,#1378,.T.);
#1948=ORIENTED_EDGE('',*,*,#1343,.T.);
#1949=ORIENTED_EDGE('',*,*,#1384,.F.);
#1950=ORIENTED_EDGE('',*,*,#1370,.F.);
#1951=ORIENTED_EDGE('',*,*,#1317,.F.);
#1952=ORIENTED_EDGE('',*,*,#1379,.F.);
#1953=ORIENTED_EDGE('',*,*,#1383,.F.);
#1954=ORIENTED_EDGE('',*,*,#1385,.F.);
#1955=ORIENTED_EDGE('',*,*,#1354,.F.);
#1956=ORIENTED_EDGE('',*,*,#1132,.T.);
#1957=ORIENTED_EDGE('',*,*,#1137,.T.);
#1958=ORIENTED_EDGE('',*,*,#1310,.F.);
#1959=ORIENTED_EDGE('',*,*,#1386,.T.);
#1960=ORIENTED_EDGE('',*,*,#1373,.T.);
#1961=ORIENTED_EDGE('',*,*,#1381,.T.);
#1962=ORIENTED_EDGE('',*,*,#1386,.F.);
#1963=ORIENTED_EDGE('',*,*,#1309,.F.);
#1964=ORIENTED_EDGE('',*,*,#1387,.F.);
#1965=ORIENTED_EDGE('',*,*,#1374,.F.);
#1966=ORIENTED_EDGE('',*,*,#1388,.T.);
#1967=ORIENTED_EDGE('',*,*,#1302,.F.);
#1968=ORIENTED_EDGE('',*,*,#1351,.F.);
#1969=ORIENTED_EDGE('',*,*,#1377,.F.);
#1970=ORIENTED_EDGE('',*,*,#1367,.F.);
#1971=ORIENTED_EDGE('',*,*,#1303,.F.);
#1972=ORIENTED_EDGE('',*,*,#1388,.F.);
#1973=ORIENTED_EDGE('',*,*,#1389,.T.);
#1974=ORIENTED_EDGE('',*,*,#1368,.F.);
#1975=ORIENTED_EDGE('',*,*,#1389,.F.);
#1976=ORIENTED_EDGE('',*,*,#1376,.F.);
#1977=ORIENTED_EDGE('',*,*,#1362,.T.);
#1978=ORIENTED_EDGE('',*,*,#1339,.T.);
#1979=ORIENTED_EDGE('',*,*,#1189,.T.);
#1980=ORIENTED_EDGE('',*,*,#1390,.F.);
#1981=ORIENTED_EDGE('',*,*,#1385,.T.);
#1982=ORIENTED_EDGE('',*,*,#1382,.T.);
#1983=ORIENTED_EDGE('',*,*,#1341,.T.);
#1984=ORIENTED_EDGE('',*,*,#1348,.F.);
#1985=ORIENTED_EDGE('',*,*,#1371,.T.);
#1986=ORIENTED_EDGE('',*,*,#1384,.T.);
#1987=ORIENTED_EDGE('',*,*,#1390,.T.);
#1988=ORIENTED_EDGE('',*,*,#1188,.T.);
#1989=ORIENTED_EDGE('',*,*,#1366,.F.);
#1990=ORIENTED_EDGE('',*,*,#1331,.T.);
#1991=ORIENTED_EDGE('',*,*,#1185,.T.);
#1992=ORIENTED_EDGE('',*,*,#1174,.T.);
#1993=ORIENTED_EDGE('',*,*,#1334,.F.);
#1994=ORIENTED_EDGE('',*,*,#1297,.F.);
#1995=ORIENTED_EDGE('',*,*,#1375,.F.);
#1996=ORIENTED_EDGE('',*,*,#1387,.T.);
#1997=ORIENTED_EDGE('',*,*,#1308,.T.);
#1998=ORIENTED_EDGE('',*,*,#1391,.F.);
#1999=ORIENTED_EDGE('',*,*,#1365,.F.);
#2000=ORIENTED_EDGE('',*,*,#1363,.F.);
#2001=ORIENTED_EDGE('',*,*,#1292,.F.);
#2002=ORIENTED_EDGE('',*,*,#1242,.F.);
#2003=ORIENTED_EDGE('',*,*,#1254,.T.);
#2004=ORIENTED_EDGE('',*,*,#1304,.T.);
#2005=ORIENTED_EDGE('',*,*,#1298,.F.);
#2006=ORIENTED_EDGE('',*,*,#1391,.T.);
#2007=ORIENTED_EDGE('',*,*,#1307,.T.);
#2008=ORIENTED_EDGE('',*,*,#1392,.T.);
#2009=ORIENTED_EDGE('',*,*,#1203,.F.);
#2010=ORIENTED_EDGE('',*,*,#1393,.T.);
#2011=ORIENTED_EDGE('',*,*,#1183,.F.);
#2012=ORIENTED_EDGE('',*,*,#1201,.F.);
#2013=ORIENTED_EDGE('',*,*,#1392,.F.);
#2014=ORIENTED_EDGE('',*,*,#1182,.F.);
#2015=ORIENTED_EDGE('',*,*,#1149,.T.);
#2016=ORIENTED_EDGE('',*,*,#1143,.T.);
#2017=ORIENTED_EDGE('',*,*,#1171,.T.);
#2018=ORIENTED_EDGE('',*,*,#1276,.F.);
#2019=ORIENTED_EDGE('',*,*,#1109,.F.);
#2020=ORIENTED_EDGE('',*,*,#1393,.F.);
#2021=ORIENTED_EDGE('',*,*,#1202,.F.);
#2022=ORIENTED_EDGE('',*,*,#1140,.F.);
#2023=ORIENTED_EDGE('',*,*,#1184,.F.);
#2024=ORIENTED_EDGE('',*,*,#1394,.T.);
#2025=ORIENTED_EDGE('',*,*,#1395,.F.);
#2026=ORIENTED_EDGE('',*,*,#1396,.T.);
#2027=ORIENTED_EDGE('',*,*,#1397,.T.);
#2028=ORIENTED_EDGE('',*,*,#1398,.T.);
#2029=ORIENTED_EDGE('',*,*,#1399,.F.);
#2030=ORIENTED_EDGE('',*,*,#1400,.T.);
#2031=ORIENTED_EDGE('',*,*,#1395,.T.);
#2032=ORIENTED_EDGE('',*,*,#1401,.T.);
#2033=ORIENTED_EDGE('',*,*,#1402,.F.);
#2034=ORIENTED_EDGE('',*,*,#1403,.T.);
#2035=ORIENTED_EDGE('',*,*,#1399,.T.);
#2036=ORIENTED_EDGE('',*,*,#1404,.T.);
#2037=ORIENTED_EDGE('',*,*,#1405,.F.);
#2038=ORIENTED_EDGE('',*,*,#1406,.T.);
#2039=ORIENTED_EDGE('',*,*,#1402,.T.);
#2040=ORIENTED_EDGE('',*,*,#1407,.T.);
#2041=ORIENTED_EDGE('',*,*,#1408,.F.);
#2042=ORIENTED_EDGE('',*,*,#1409,.T.);
#2043=ORIENTED_EDGE('',*,*,#1405,.T.);
#2044=ORIENTED_EDGE('',*,*,#1410,.T.);
#2045=ORIENTED_EDGE('',*,*,#1411,.F.);
#2046=ORIENTED_EDGE('',*,*,#1412,.T.);
#2047=ORIENTED_EDGE('',*,*,#1408,.T.);
#2048=ORIENTED_EDGE('',*,*,#1413,.T.);
#2049=ORIENTED_EDGE('',*,*,#1414,.F.);
#2050=ORIENTED_EDGE('',*,*,#1415,.T.);
#2051=ORIENTED_EDGE('',*,*,#1411,.T.);
#2052=ORIENTED_EDGE('',*,*,#1416,.T.);
#2053=ORIENTED_EDGE('',*,*,#1417,.F.);
#2054=ORIENTED_EDGE('',*,*,#1418,.F.);
#2055=ORIENTED_EDGE('',*,*,#1414,.T.);
#2056=ORIENTED_EDGE('',*,*,#1419,.T.);
#2057=ORIENTED_EDGE('',*,*,#1420,.F.);
#2058=ORIENTED_EDGE('',*,*,#1421,.T.);
#2059=ORIENTED_EDGE('',*,*,#1417,.T.);
#2060=ORIENTED_EDGE('',*,*,#1422,.T.);
#2061=ORIENTED_EDGE('',*,*,#1423,.F.);
#2062=ORIENTED_EDGE('',*,*,#1424,.T.);
#2063=ORIENTED_EDGE('',*,*,#1420,.T.);
#2064=ORIENTED_EDGE('',*,*,#1425,.T.);
#2065=ORIENTED_EDGE('',*,*,#1426,.F.);
#2066=ORIENTED_EDGE('',*,*,#1427,.T.);
#2067=ORIENTED_EDGE('',*,*,#1423,.T.);
#2068=ORIENTED_EDGE('',*,*,#1428,.T.);
#2069=ORIENTED_EDGE('',*,*,#1429,.F.);
#2070=ORIENTED_EDGE('',*,*,#1430,.T.);
#2071=ORIENTED_EDGE('',*,*,#1426,.T.);
#2072=ORIENTED_EDGE('',*,*,#1431,.T.);
#2073=ORIENTED_EDGE('',*,*,#1432,.F.);
#2074=ORIENTED_EDGE('',*,*,#1433,.T.);
#2075=ORIENTED_EDGE('',*,*,#1429,.T.);
#2076=ORIENTED_EDGE('',*,*,#1434,.T.);
#2077=ORIENTED_EDGE('',*,*,#1397,.F.);
#2078=ORIENTED_EDGE('',*,*,#1435,.T.);
#2079=ORIENTED_EDGE('',*,*,#1432,.T.);
#2080=ORIENTED_EDGE('',*,*,#1415,.F.);
#2081=ORIENTED_EDGE('',*,*,#1418,.T.);
#2082=ORIENTED_EDGE('',*,*,#1421,.F.);
#2083=ORIENTED_EDGE('',*,*,#1424,.F.);
#2084=ORIENTED_EDGE('',*,*,#1427,.F.);
#2085=ORIENTED_EDGE('',*,*,#1430,.F.);
#2086=ORIENTED_EDGE('',*,*,#1433,.F.);
#2087=ORIENTED_EDGE('',*,*,#1435,.F.);
#2088=ORIENTED_EDGE('',*,*,#1396,.F.);
#2089=ORIENTED_EDGE('',*,*,#1400,.F.);
#2090=ORIENTED_EDGE('',*,*,#1403,.F.);
#2091=ORIENTED_EDGE('',*,*,#1406,.F.);
#2092=ORIENTED_EDGE('',*,*,#1409,.F.);
#2093=ORIENTED_EDGE('',*,*,#1412,.F.);
#2094=ORIENTED_EDGE('',*,*,#1416,.F.);
#2095=ORIENTED_EDGE('',*,*,#1413,.F.);
#2096=ORIENTED_EDGE('',*,*,#1410,.F.);
#2097=ORIENTED_EDGE('',*,*,#1407,.F.);
#2098=ORIENTED_EDGE('',*,*,#1404,.F.);
#2099=ORIENTED_EDGE('',*,*,#1401,.F.);
#2100=ORIENTED_EDGE('',*,*,#1398,.F.);
#2101=ORIENTED_EDGE('',*,*,#1394,.F.);
#2102=ORIENTED_EDGE('',*,*,#1434,.F.);
#2103=ORIENTED_EDGE('',*,*,#1431,.F.);
#2104=ORIENTED_EDGE('',*,*,#1428,.F.);
#2105=ORIENTED_EDGE('',*,*,#1425,.F.);
#2106=ORIENTED_EDGE('',*,*,#1422,.F.);
#2107=ORIENTED_EDGE('',*,*,#1419,.F.);
#2108=PLANE('',#2327);
#2109=PLANE('',#2328);
#2110=PLANE('',#2329);
#2111=PLANE('',#2332);
#2112=PLANE('',#2336);
#2113=PLANE('',#2337);
#2114=PLANE('',#2339);
#2115=PLANE('',#2340);
#2116=PLANE('',#2341);
#2117=PLANE('',#2342);
#2118=PLANE('',#2351);
#2119=PLANE('',#2352);
#2120=PLANE('',#2355);
#2121=PLANE('',#2367);
#2122=PLANE('',#2371);
#2123=PLANE('',#2372);
#2124=PLANE('',#2373);
#2125=PLANE('',#2382);
#2126=PLANE('',#2384);
#2127=PLANE('',#2385);
#2128=PLANE('',#2388);
#2129=PLANE('',#2389);
#2130=PLANE('',#2390);
#2131=PLANE('',#2399);
#2132=PLANE('',#2400);
#2133=PLANE('',#2406);
#2134=PLANE('',#2407);
#2135=PLANE('',#2408);
#2136=PLANE('',#2409);
#2137=PLANE('',#2410);
#2138=PLANE('',#2411);
#2139=PLANE('',#2412);
#2140=PLANE('',#2413);
#2141=PLANE('',#2414);
#2142=PLANE('',#2415);
#2143=PLANE('',#2416);
#2144=PLANE('',#2422);
#2145=PLANE('',#2423);
#2146=PLANE('',#2428);
#2147=PLANE('',#2429);
#2148=PLANE('',#2433);
#2149=PLANE('',#2434);
#2150=PLANE('',#2435);
#2151=PLANE('',#2436);
#2152=PLANE('',#2437);
#2153=PLANE('',#2438);
#2154=PLANE('',#2439);
#2155=PLANE('',#2440);
#2156=PLANE('',#2441);
#2157=PLANE('',#2445);
#2158=PLANE('',#2446);
#2159=PLANE('',#2447);
#2160=PLANE('',#2448);
#2161=PLANE('',#2449);
#2162=PLANE('',#2450);
#2163=PLANE('',#2451);
#2164=PLANE('',#2457);
#2165=PLANE('',#2458);
#2166=PLANE('',#2459);
#2167=PLANE('',#2460);
#2168=PLANE('',#2461);
#2169=PLANE('',#2463);
#2170=PLANE('',#2464);
#2171=PLANE('',#2465);
#2172=PLANE('',#2469);
#2173=PLANE('',#2470);
#2174=PLANE('',#2471);
#2175=PLANE('',#2472);
#2176=PLANE('',#2473);
#2177=PLANE('',#2474);
#2178=PLANE('',#2475);
#2179=PLANE('',#2476);
#2180=PLANE('',#2477);
#2181=PLANE('',#2478);
#2182=PLANE('',#2479);
#2183=PLANE('',#2480);
#2184=PLANE('',#2482);
#2185=PLANE('',#2490);
#2186=PLANE('',#2491);
#2187=PLANE('',#2495);
#2188=PLANE('',#2496);
#2189=PLANE('',#2500);
#2190=PLANE('',#2504);
#2191=PLANE('',#2505);
#2192=PLANE('',#2506);
#2193=PLANE('',#2510);
#2194=PLANE('',#2511);
#2195=ADVANCED_FACE('',(#133),#2108,.T.);
#2196=ADVANCED_FACE('',(#134),#2109,.T.);
#2197=ADVANCED_FACE('',(#135),#2110,.T.);
#2198=ADVANCED_FACE('',(#136),#2111,.T.);
#2199=ADVANCED_FACE('',(#137),#2112,.T.);
#2200=ADVANCED_FACE('',(#138),#2113,.T.);
#2201=ADVANCED_FACE('',(#139),#2114,.F.);
#2202=ADVANCED_FACE('',(#140),#2115,.F.);
#2203=ADVANCED_FACE('',(#141),#2116,.F.);
#2204=ADVANCED_FACE('',(#142),#2117,.T.);
#2205=ADVANCED_FACE('',(#143),#2118,.F.);
#2206=ADVANCED_FACE('',(#144),#2119,.F.);
#2207=ADVANCED_FACE('',(#145),#2120,.F.);
#2208=ADVANCED_FACE('',(#146),#57,.F.);
#2209=ADVANCED_FACE('',(#147),#32,.F.);
#2210=ADVANCED_FACE('',(#148),#2121,.T.);
#2211=ADVANCED_FACE('',(#149),#33,.T.);
#2212=ADVANCED_FACE('',(#150),#2122,.T.);
#2213=ADVANCED_FACE('',(#151),#2123,.T.);
#2214=ADVANCED_FACE('',(#152),#2124,.T.);
#2215=ADVANCED_FACE('',(#153),#34,.T.);
#2216=ADVANCED_FACE('',(#154),#35,.F.);
#2217=ADVANCED_FACE('',(#155),#2125,.T.);
#2218=ADVANCED_FACE('',(#156),#30,.F.);
#2219=ADVANCED_FACE('',(#157),#2126,.T.);
#2220=ADVANCED_FACE('',(#158),#2127,.T.);
#2221=ADVANCED_FACE('',(#159),#36,.T.);
#2222=ADVANCED_FACE('',(#160),#2128,.F.);
#2223=ADVANCED_FACE('',(#161),#2129,.T.);
#2224=ADVANCED_FACE('',(#162),#2130,.T.);
#2225=ADVANCED_FACE('',(#163),#37,.F.);
#2226=ADVANCED_FACE('',(#164),#38,.F.);
#2227=ADVANCED_FACE('',(#165),#39,.F.);
#2228=ADVANCED_FACE('',(#166),#2131,.F.);
#2229=ADVANCED_FACE('',(#167),#2132,.F.);
#2230=ADVANCED_FACE('',(#168),#40,.T.);
#2231=ADVANCED_FACE('',(#169),#41,.F.);
#2232=ADVANCED_FACE('',(#170),#2133,.F.);
#2233=ADVANCED_FACE('',(#171),#2134,.F.);
#2234=ADVANCED_FACE('',(#172),#2135,.F.);
#2235=ADVANCED_FACE('',(#173),#2136,.F.);
#2236=ADVANCED_FACE('',(#174),#2137,.F.);
#2237=ADVANCED_FACE('',(#175),#2138,.F.);
#2238=ADVANCED_FACE('',(#176),#2139,.F.);
#2239=ADVANCED_FACE('',(#177),#2140,.F.);
#2240=ADVANCED_FACE('',(#178),#2141,.T.);
#2241=ADVANCED_FACE('',(#179),#2142,.T.);
#2242=ADVANCED_FACE('',(#180,#25),#2143,.F.);
#2243=ADVANCED_FACE('',(#181),#42,.T.);
#2244=ADVANCED_FACE('',(#182),#43,.T.);
#2245=ADVANCED_FACE('',(#183),#2144,.T.);
#2246=ADVANCED_FACE('',(#184),#2145,.F.);
#2247=ADVANCED_FACE('',(#185),#44,.F.);
#2248=ADVANCED_FACE('',(#186),#2146,.F.);
#2249=ADVANCED_FACE('',(#187),#2147,.T.);
#2250=ADVANCED_FACE('',(#188),#45,.F.);
#2251=ADVANCED_FACE('',(#189),#2148,.T.);
#2252=ADVANCED_FACE('',(#190),#2149,.F.);
#2253=ADVANCED_FACE('',(#191),#2150,.F.);
#2254=ADVANCED_FACE('',(#192),#2151,.F.);
#2255=ADVANCED_FACE('',(#193),#2152,.F.);
#2256=ADVANCED_FACE('',(#194),#2153,.T.);
#2257=ADVANCED_FACE('',(#195),#2154,.T.);
#2258=ADVANCED_FACE('',(#196),#2155,.T.);
#2259=ADVANCED_FACE('',(#197),#2156,.F.);
#2260=ADVANCED_FACE('',(#198),#46,.T.);
#2261=ADVANCED_FACE('',(#199),#2157,.T.);
#2262=ADVANCED_FACE('',(#200),#2158,.T.);
#2263=ADVANCED_FACE('',(#201),#2159,.T.);
#2264=ADVANCED_FACE('',(#202),#2160,.T.);
#2265=ADVANCED_FACE('',(#203),#2161,.T.);
#2266=ADVANCED_FACE('',(#204),#2162,.T.);
#2267=ADVANCED_FACE('',(#205),#2163,.T.);
#2268=ADVANCED_FACE('',(#206),#31,.F.);
#2269=ADVANCED_FACE('',(#207),#47,.F.);
#2270=ADVANCED_FACE('',(#208),#2164,.T.);
#2271=ADVANCED_FACE('',(#209),#2165,.F.);
#2272=ADVANCED_FACE('',(#210),#2166,.F.);
#2273=ADVANCED_FACE('',(#211),#2167,.T.);
#2274=ADVANCED_FACE('',(#212),#2168,.F.);
#2275=ADVANCED_FACE('',(#213),#2169,.T.);
#2276=ADVANCED_FACE('',(#214),#2170,.T.);
#2277=ADVANCED_FACE('',(#215),#2171,.T.);
#2278=ADVANCED_FACE('',(#216),#48,.F.);
#2279=ADVANCED_FACE('',(#217),#2172,.T.);
#2280=ADVANCED_FACE('',(#218),#2173,.T.);
#2281=ADVANCED_FACE('',(#219),#2174,.T.);
#2282=ADVANCED_FACE('',(#220),#2175,.F.);
#2283=ADVANCED_FACE('',(#221),#2176,.F.);
#2284=ADVANCED_FACE('',(#222),#2177,.T.);
#2285=ADVANCED_FACE('',(#223),#2178,.T.);
#2286=ADVANCED_FACE('',(#224),#2179,.T.);
#2287=ADVANCED_FACE('',(#225),#2180,.F.);
#2288=ADVANCED_FACE('',(#226),#2181,.T.);
#2289=ADVANCED_FACE('',(#227),#2182,.F.);
#2290=ADVANCED_FACE('',(#228),#2183,.F.);
#2291=ADVANCED_FACE('',(#229),#49,.F.);
#2292=ADVANCED_FACE('',(#230),#2184,.F.);
#2293=ADVANCED_FACE('',(#231),#50,.F.);
#2294=ADVANCED_FACE('',(#232),#51,.T.);
#2295=ADVANCED_FACE('',(#233),#52,.T.);
#2296=ADVANCED_FACE('',(#234),#2185,.T.);
#2297=ADVANCED_FACE('',(#235),#2186,.T.);
#2298=ADVANCED_FACE('',(#236),#53,.T.);
#2299=ADVANCED_FACE('',(#237),#2187,.T.);
#2300=ADVANCED_FACE('',(#238),#2188,.T.);
#2301=ADVANCED_FACE('',(#239),#54,.F.);
#2302=ADVANCED_FACE('',(#240),#2189,.T.);
#2303=ADVANCED_FACE('',(#241),#55,.T.);
#2304=ADVANCED_FACE('',(#242),#2190,.T.);
#2305=ADVANCED_FACE('',(#243),#2191,.T.);
#2306=ADVANCED_FACE('',(#244),#2192,.T.);
#2307=ADVANCED_FACE('',(#245),#56,.T.);
#2308=ADVANCED_FACE('',(#246),#2193,.F.);
#2309=ADVANCED_FACE('',(#247),#2194,.T.);
#2310=CLOSED_SHELL('',(#2195,#2196,#2197,#2198,#2199,#2200,#2201,#2202,
#2203,#2204,#2205,#2206,#2207,#2208,#2209,#2210,#2211,#2212,#2213,#2214,
#2215,#2216,#2217,#2218,#2219,#2220,#2221,#2222,#2223,#2224,#2225,#2226,
#2227,#2228,#2229,#2230,#2231,#2232,#2233,#2234,#2235,#2236,#2237,#2238,
#2239,#2240,#2241,#2242,#2243,#2244,#2245,#2246,#2247,#2248,#2249,#2250,
#2251,#2252,#2253,#2254,#2255,#2256,#2257,#2258,#2259,#2260,#2261,#2262,
#2263,#2264,#2265,#2266,#2267,#2268,#2269,#2270,#2271,#2272,#2273,#2274,
#2275,#2276,#2277,#2278,#2279,#2280,#2281,#2282,#2283,#2284,#2285,#2286,
#2287,#2288,#2289,#2290,#2291,#2292,#2293));
#2311=CLOSED_SHELL('',(#2294,#2295,#2296,#2297,#2298,#2299,#2300,#2301,
#2302,#2303,#2304,#2305,#2306,#2307,#2308,#2309));
#2312=DERIVED_UNIT_ELEMENT(#2314,1.);
#2313=DERIVED_UNIT_ELEMENT(#3903,-3.);
#2314=(
MASS_UNIT()
NAMED_UNIT(*)
SI_UNIT(.KILO.,.GRAM.)
);
#2315=DERIVED_UNIT((#2312,#2313));
#2316=MEASURE_REPRESENTATION_ITEM('density measure',
POSITIVE_RATIO_MEASURE(1060.),#2315);
#2317=PROPERTY_DEFINITION_REPRESENTATION(#2322,#2319);
#2318=PROPERTY_DEFINITION_REPRESENTATION(#2323,#2320);
#2319=REPRESENTATION('material name',(#2321),#3900);
#2320=REPRESENTATION('density',(#2316),#3900);
#2321=DESCRIPTIVE_REPRESENTATION_ITEM('ABS \X2\58516599\X0\',
'ABS \X2\58516599\X0\');
#2322=PROPERTY_DEFINITION('material property','material name',#3920);
#2323=PROPERTY_DEFINITION('material property','density of part',#3920);
#2324=AXIS2_PLACEMENT_3D('',#3151,#2514,#2515);
#2325=AXIS2_PLACEMENT_3D('',#3152,#2516,#2517);
#2326=AXIS2_PLACEMENT_3D('',#3153,#2518,#2519);
#2327=AXIS2_PLACEMENT_3D('',#3154,#2520,#2521);
#2328=AXIS2_PLACEMENT_3D('',#3165,#2527,#2528);
#2329=AXIS2_PLACEMENT_3D('',#3171,#2532,#2533);
#2330=AXIS2_PLACEMENT_3D('',#3179,#2537,#2538);
#2331=AXIS2_PLACEMENT_3D('',#3181,#2539,#2540);
#2332=AXIS2_PLACEMENT_3D('',#3183,#2542,#2543);
#2333=AXIS2_PLACEMENT_3D('',#3198,#2550,#2551);
#2334=AXIS2_PLACEMENT_3D('',#3206,#2555,#2556);
#2335=AXIS2_PLACEMENT_3D('',#3212,#2559,#2560);
#2336=AXIS2_PLACEMENT_3D('',#3216,#2563,#2564);
#2337=AXIS2_PLACEMENT_3D('',#3224,#2569,#2570);
#2338=AXIS2_PLACEMENT_3D('',#3230,#2573,#2574);
#2339=AXIS2_PLACEMENT_3D('',#3232,#2576,#2577);
#2340=AXIS2_PLACEMENT_3D('',#3246,#2583,#2584);
#2341=AXIS2_PLACEMENT_3D('',#3252,#2588,#2589);
#2342=AXIS2_PLACEMENT_3D('',#3264,#2594,#2595);
#2343=AXIS2_PLACEMENT_3D('',#3265,#2596,#2597);
#2344=AXIS2_PLACEMENT_3D('',#3269,#2599,#2600);
#2345=AXIS2_PLACEMENT_3D('',#3273,#2602,#2603);
#2346=AXIS2_PLACEMENT_3D('',#3277,#2605,#2606);
#2347=AXIS2_PLACEMENT_3D('',#3285,#2610,#2611);
#2348=AXIS2_PLACEMENT_3D('',#3289,#2613,#2614);
#2349=AXIS2_PLACEMENT_3D('',#3295,#2617,#2618);
#2350=AXIS2_PLACEMENT_3D('',#3299,#2620,#2621);
#2351=AXIS2_PLACEMENT_3D('',#3303,#2624,#2625);
#2352=AXIS2_PLACEMENT_3D('',#3311,#2630,#2631);
#2353=AXIS2_PLACEMENT_3D('',#3315,#2633,#2634);
#2354=AXIS2_PLACEMENT_3D('',#3322,#2638,#2639);
#2355=AXIS2_PLACEMENT_3D('',#3323,#2640,#2641);
#2356=AXIS2_PLACEMENT_3D('',#3325,#2642,#2643);
#2357=AXIS2_PLACEMENT_3D('',#3328,#2645,#2646);
#2358=AXIS2_PLACEMENT_3D('',#3348,#2656,#2657);
#2359=AXIS2_PLACEMENT_3D('',#3350,#2658,#2659);
#2360=AXIS2_PLACEMENT_3D('',#3358,#2663,#2664);
#2361=AXIS2_PLACEMENT_3D('',#3359,#2665,#2666);
#2362=AXIS2_PLACEMENT_3D('',#3360,#2667,#2668);
#2363=AXIS2_PLACEMENT_3D('',#3362,#2669,#2670);
#2364=AXIS2_PLACEMENT_3D('',#3364,#2671,#2672);
#2365=AXIS2_PLACEMENT_3D('',#3368,#2673,#2674);
#2366=AXIS2_PLACEMENT_3D('',#3371,#2675,#2676);
#2367=AXIS2_PLACEMENT_3D('',#3374,#2679,#2680);
#2368=AXIS2_PLACEMENT_3D('',#3382,#2685,#2686);
#2369=AXIS2_PLACEMENT_3D('',#3385,#2687,#2688);
#2370=AXIS2_PLACEMENT_3D('',#3388,#2690,#2691);
#2371=AXIS2_PLACEMENT_3D('',#3390,#2693,#2694);
#2372=AXIS2_PLACEMENT_3D('',#3392,#2696,#2697);
#2373=AXIS2_PLACEMENT_3D('',#3394,#2699,#2700);
#2374=AXIS2_PLACEMENT_3D('',#3395,#2701,#2702);
#2375=AXIS2_PLACEMENT_3D('',#3397,#2703,#2704);
#2376=AXIS2_PLACEMENT_3D('',#3399,#2705,#2706);
#2377=AXIS2_PLACEMENT_3D('',#3407,#2711,#2712);
#2378=AXIS2_PLACEMENT_3D('',#3410,#2713,#2714);
#2379=AXIS2_PLACEMENT_3D('',#3414,#2717,#2718);
#2380=AXIS2_PLACEMENT_3D('',#3415,#2719,#2720);
#2381=AXIS2_PLACEMENT_3D('',#3418,#2722,#2723);
#2382=AXIS2_PLACEMENT_3D('',#3419,#2724,#2725);
#2383=AXIS2_PLACEMENT_3D('',#3443,#2729,#2730);
#2384=AXIS2_PLACEMENT_3D('',#3445,#2732,#2733);
#2385=AXIS2_PLACEMENT_3D('',#3449,#2736,#2737);
#2386=AXIS2_PLACEMENT_3D('',#3455,#2741,#2742);
#2387=AXIS2_PLACEMENT_3D('',#3457,#2743,#2744);
#2388=AXIS2_PLACEMENT_3D('',#3468,#2746,#2747);
#2389=AXIS2_PLACEMENT_3D('',#3477,#2753,#2754);
#2390=AXIS2_PLACEMENT_3D('',#3481,#2757,#2758);
#2391=AXIS2_PLACEMENT_3D('',#3482,#2759,#2760);
#2392=AXIS2_PLACEMENT_3D('',#3484,#2761,#2762);
#2393=AXIS2_PLACEMENT_3D('',#3486,#2763,#2764);
#2394=AXIS2_PLACEMENT_3D('',#3488,#2766,#2767);
#2395=AXIS2_PLACEMENT_3D('',#3492,#2770,#2771);
#2396=AXIS2_PLACEMENT_3D('',#3493,#2772,#2773);
#2397=AXIS2_PLACEMENT_3D('',#3495,#2775,#2776);
#2398=AXIS2_PLACEMENT_3D('',#3500,#2779,#2780);
#2399=AXIS2_PLACEMENT_3D('',#3502,#2782,#2783);
#2400=AXIS2_PLACEMENT_3D('',#3506,#2786,#2787);
#2401=AXIS2_PLACEMENT_3D('',#3510,#2790,#2791);
#2402=AXIS2_PLACEMENT_3D('',#3511,#2792,#2793);
#2403=AXIS2_PLACEMENT_3D('',#3513,#2795,#2796);
#2404=AXIS2_PLACEMENT_3D('',#3517,#2798,#2799);
#2405=AXIS2_PLACEMENT_3D('',#3519,#2800,#2801);
#2406=AXIS2_PLACEMENT_3D('',#3521,#2803,#2804);
#2407=AXIS2_PLACEMENT_3D('',#3525,#2807,#2808);
#2408=AXIS2_PLACEMENT_3D('',#3527,#2810,#2811);
#2409=AXIS2_PLACEMENT_3D('',#3529,#2813,#2814);
#2410=AXIS2_PLACEMENT_3D('',#3530,#2815,#2816);
#2411=AXIS2_PLACEMENT_3D('',#3532,#2818,#2819);
#2412=AXIS2_PLACEMENT_3D('',#3534,#2821,#2822);
#2413=AXIS2_PLACEMENT_3D('',#3535,#2823,#2824);
#2414=AXIS2_PLACEMENT_3D('',#3553,#2834,#2835);
#2415=AXIS2_PLACEMENT_3D('',#3555,#2837,#2838);
#2416=AXIS2_PLACEMENT_3D('',#3559,#2841,#2842);
#2417=AXIS2_PLACEMENT_3D('',#3561,#2843,#2844);
#2418=AXIS2_PLACEMENT_3D('',#3567,#2847,#2848);
#2419=AXIS2_PLACEMENT_3D('',#3576,#2853,#2854);
#2420=AXIS2_PLACEMENT_3D('',#3585,#2859,#2860);
#2421=AXIS2_PLACEMENT_3D('',#3586,#2861,#2862);
#2422=AXIS2_PLACEMENT_3D('',#3588,#2864,#2865);
#2423=AXIS2_PLACEMENT_3D('',#3590,#2867,#2868);
#2424=AXIS2_PLACEMENT_3D('',#3592,#2870,#2871);
#2425=AXIS2_PLACEMENT_3D('',#3594,#2872,#2873);
#2426=AXIS2_PLACEMENT_3D('',#3596,#2874,#2875);
#2427=AXIS2_PLACEMENT_3D('',#3599,#2877,#2878);
#2428=AXIS2_PLACEMENT_3D('',#3600,#2879,#2880);
#2429=AXIS2_PLACEMENT_3D('',#3608,#2885,#2886);
#2430=AXIS2_PLACEMENT_3D('',#3610,#2888,#2889);
#2431=AXIS2_PLACEMENT_3D('',#3624,#2891,#2892);
#2432=AXIS2_PLACEMENT_3D('',#3626,#2894,#2895);
#2433=AXIS2_PLACEMENT_3D('',#3627,#2896,#2897);
#2434=AXIS2_PLACEMENT_3D('',#3631,#2900,#2901);
#2435=AXIS2_PLACEMENT_3D('',#3636,#2905,#2906);
#2436=AXIS2_PLACEMENT_3D('',#3640,#2909,#2910);
#2437=AXIS2_PLACEMENT_3D('',#3644,#2913,#2914);
#2438=AXIS2_PLACEMENT_3D('',#3649,#2918,#2919);
#2439=AXIS2_PLACEMENT_3D('',#3651,#2921,#2922);
#2440=AXIS2_PLACEMENT_3D('',#3652,#2923,#2924);
#2441=AXIS2_PLACEMENT_3D('',#3654,#2926,#2927);
#2442=AXIS2_PLACEMENT_3D('',#3664,#2933,#2934);
#2443=AXIS2_PLACEMENT_3D('',#3666,#2935,#2936);
#2444=AXIS2_PLACEMENT_3D('',#3669,#2938,#2939);
#2445=AXIS2_PLACEMENT_3D('',#3670,#2940,#2941);
#2446=AXIS2_PLACEMENT_3D('',#3676,#2945,#2946);
#2447=AXIS2_PLACEMENT_3D('',#3682,#2950,#2951);
#2448=AXIS2_PLACEMENT_3D('',#3689,#2956,#2957);
#2449=AXIS2_PLACEMENT_3D('',#3691,#2959,#2960);
#2450=AXIS2_PLACEMENT_3D('',#3695,#2963,#2964);
#2451=AXIS2_PLACEMENT_3D('',#3699,#2967,#2968);
#2452=AXIS2_PLACEMENT_3D('',#3703,#2970,#2971);
#2453=AXIS2_PLACEMENT_3D('',#3704,#2972,#2973);
#2454=AXIS2_PLACEMENT_3D('',#3720,#2974,#2975);
#2455=AXIS2_PLACEMENT_3D('',#3723,#2977,#2978);
#2456=AXIS2_PLACEMENT_3D('',#3743,#2979,#2980);
#2457=AXIS2_PLACEMENT_3D('',#3745,#2982,#2983);
#2458=AXIS2_PLACEMENT_3D('',#3747,#2985,#2986);
#2459=AXIS2_PLACEMENT_3D('',#3751,#2989,#2990);
#2460=AXIS2_PLACEMENT_3D('',#3753,#2992,#2993);
#2461=AXIS2_PLACEMENT_3D('',#3764,#3000,#3001);
#2462=AXIS2_PLACEMENT_3D('',#3770,#3005,#3006);
#2463=AXIS2_PLACEMENT_3D('',#3771,#3007,#3008);
#2464=AXIS2_PLACEMENT_3D('',#3773,#3010,#3011);
#2465=AXIS2_PLACEMENT_3D('',#3775,#3013,#3014);
#2466=AXIS2_PLACEMENT_3D('',#3779,#3017,#3018);
#2467=AXIS2_PLACEMENT_3D('',#3781,#3019,#3020);
#2468=AXIS2_PLACEMENT_3D('',#3782,#3021,#3022);
#2469=AXIS2_PLACEMENT_3D('',#3783,#3023,#3024);
#2470=AXIS2_PLACEMENT_3D('',#3785,#3026,#3027);
#2471=AXIS2_PLACEMENT_3D('',#3787,#3029,#3030);
#2472=AXIS2_PLACEMENT_3D('',#3789,#3032,#3033);
#2473=AXIS2_PLACEMENT_3D('',#3791,#3035,#3036);
#2474=AXIS2_PLACEMENT_3D('',#3792,#3037,#3038);
#2475=AXIS2_PLACEMENT_3D('',#3794,#3040,#3041);
#2476=AXIS2_PLACEMENT_3D('',#3795,#3042,#3043);
#2477=AXIS2_PLACEMENT_3D('',#3796,#3044,#3045);
#2478=AXIS2_PLACEMENT_3D('',#3798,#3047,#3048);
#2479=AXIS2_PLACEMENT_3D('',#3799,#3049,#3050);
#2480=AXIS2_PLACEMENT_3D('',#3800,#3051,#3052);
#2481=AXIS2_PLACEMENT_3D('',#3803,#3055,#3056);
#2482=AXIS2_PLACEMENT_3D('',#3804,#3057,#3058);
#2483=AXIS2_PLACEMENT_3D('',#3805,#3059,#3060);
#2484=AXIS2_PLACEMENT_3D('',#3806,#3061,#3062);
#2485=AXIS2_PLACEMENT_3D('',#3809,#3063,#3064);
#2486=AXIS2_PLACEMENT_3D('',#3813,#3066,#3067);
#2487=AXIS2_PLACEMENT_3D('',#3815,#3069,#3070);
#2488=AXIS2_PLACEMENT_3D('',#3817,#3071,#3072);
#2489=AXIS2_PLACEMENT_3D('',#3820,#3074,#3075);
#2490=AXIS2_PLACEMENT_3D('',#3821,#3076,#3077);
#2491=AXIS2_PLACEMENT_3D('',#3827,#3081,#3082);
#2492=AXIS2_PLACEMENT_3D('',#3833,#3086,#3087);
#2493=AXIS2_PLACEMENT_3D('',#3835,#3088,#3089);
#2494=AXIS2_PLACEMENT_3D('',#3838,#3091,#3092);
#2495=AXIS2_PLACEMENT_3D('',#3839,#3093,#3094);
#2496=AXIS2_PLACEMENT_3D('',#3845,#3098,#3099);
#2497=AXIS2_PLACEMENT_3D('',#3851,#3103,#3104);
#2498=AXIS2_PLACEMENT_3D('',#3853,#3105,#3106);
#2499=AXIS2_PLACEMENT_3D('',#3856,#3108,#3109);
#2500=AXIS2_PLACEMENT_3D('',#3857,#3110,#3111);
#2501=AXIS2_PLACEMENT_3D('',#3863,#3115,#3116);
#2502=AXIS2_PLACEMENT_3D('',#3865,#3117,#3118);
#2503=AXIS2_PLACEMENT_3D('',#3868,#3120,#3121);
#2504=AXIS2_PLACEMENT_3D('',#3869,#3122,#3123);
#2505=AXIS2_PLACEMENT_3D('',#3875,#3127,#3128);
#2506=AXIS2_PLACEMENT_3D('',#3881,#3132,#3133);
#2507=AXIS2_PLACEMENT_3D('',#3887,#3137,#3138);
#2508=AXIS2_PLACEMENT_3D('',#3888,#3139,#3140);
#2509=AXIS2_PLACEMENT_3D('',#3889,#3141,#3142);
#2510=AXIS2_PLACEMENT_3D('',#3890,#3143,#3144);
#2511=AXIS2_PLACEMENT_3D('',#3891,#3145,#3146);
#2512=AXIS2_PLACEMENT_3D('',#3892,#3147,#3148);
#2513=AXIS2_PLACEMENT_3D('',#3893,#3149,#3150);
#2514=DIRECTION('axis',(0.,0.,1.));
#2515=DIRECTION('refdir',(1.,0.,0.));
#2516=DIRECTION('axis',(0.,0.,1.));
#2517=DIRECTION('refdir',(1.,0.,0.));
#2518=DIRECTION('axis',(0.,0.,1.));
#2519=DIRECTION('refdir',(1.,0.,0.));
#2520=DIRECTION('center_axis',(8.23693461575534E-16,-1.89179026943155E-13,
-1.));
#2521=DIRECTION('ref_axis',(-1.,0.,-8.23693461575534E-16));
#2522=DIRECTION('',(-1.75691048770077E-14,-1.,1.89179026943155E-13));
#2523=DIRECTION('',(1.,5.90544162034656E-15,8.23693461574417E-16));
#2524=DIRECTION('',(7.28364189115832E-15,-1.,1.89179026943155E-13));
#2525=DIRECTION('',(-0.70710678118655,-0.707106781186545,1.33187333577478E-13));
#2526=DIRECTION('',(1.,6.0013556350515E-15,8.23693461574399E-16));
#2527=DIRECTION('center_axis',(4.7582170479473E-15,-0.707106781186681,-0.707106781186414));
#2528=DIRECTION('ref_axis',(-1.,-3.94430452610506E-30,-6.72913508192321E-15));
#2529=DIRECTION('',(-1.3192675523154E-14,-0.707106781186414,0.707106781186681));
#2530=DIRECTION('',(-1.,-5.90544162034656E-15,-8.23693461574417E-16));
#2531=DIRECTION('',(-0.577350269189627,0.57735026918951,-0.577350269189741));
#2532=DIRECTION('center_axis',(5.90544162034641E-15,-1.,1.89179144716977E-13));
#2533=DIRECTION('ref_axis',(-1.,-5.90544162034657E-15,-8.23693461574417E-16));
#2534=DIRECTION('',(-1.08815577182428E-15,1.89179144716977E-13,1.));
#2535=DIRECTION('',(-1.,-5.90544162034641E-15,-1.34425950578222E-30));
#2536=DIRECTION('',(-0.500000113783475,1.60881211281268E-13,0.866025338091509));
#2537=DIRECTION('center_axis',(-5.90544162034641E-15,1.,-1.89179144716977E-13));
#2538=DIRECTION('ref_axis',(1.,5.15460690004537E-15,1.4052013044516E-28));
#2539=DIRECTION('center_axis',(-5.90544162034641E-15,1.,-1.89179144716977E-13));
#2540=DIRECTION('ref_axis',(-0.389544652283498,1.52002843061977E-13,0.921007580792541));
#2541=DIRECTION('',(-8.1856360694846E-16,1.89179144716977E-13,1.));
#2542=DIRECTION('center_axis',(5.90544162034641E-15,-1.,1.89179144716977E-13));
#2543=DIRECTION('ref_axis',(-1.,-5.90544162034657E-15,-8.23693461574417E-16));
#2544=DIRECTION('',(6.40189350202061E-17,-1.89179144716977E-13,-1.));
#2545=DIRECTION('',(-1.,-5.90544162034656E-15,-8.23693461574417E-16));
#2546=DIRECTION('',(-0.780564348884368,-1.22860813038794E-13,-0.625075433248438));
#2547=DIRECTION('',(8.1856360694846E-16,-1.89179144716977E-13,-1.));
#2548=DIRECTION('',(0.707106781186546,-1.29594078272798E-13,-0.707106781186549));
#2549=DIRECTION('',(1.,5.90544162034656E-15,8.23693461574417E-16));
#2550=DIRECTION('center_axis',(-5.90544162034641E-15,1.,-1.89179144716977E-13));
#2551=DIRECTION('ref_axis',(1.,5.15460690004537E-15,1.4052013044516E-28));
#2552=DIRECTION('',(1.,5.90544162034641E-15,2.24043228850003E-32));
#2553=DIRECTION('',(0.500000128997088,-1.60881209529753E-13,-0.866025329307923));
#2554=DIRECTION('',(0.50000010151449,-1.60881212693773E-13,-0.866025345175013));
#2555=DIRECTION('center_axis',(5.90544162034641E-15,-1.,1.89179144716977E-13));
#2556=DIRECTION('ref_axis',(1.,5.15460690004537E-15,1.4052013044516E-28));
#2557=DIRECTION('',(0.50000010151449,-1.60881212693773E-13,-0.866025345175013));
#2558=DIRECTION('',(0.499999922666021,-1.60881233284253E-13,-0.866025448433228));
#2559=DIRECTION('center_axis',(-5.90544162034641E-15,1.,-1.89179144716977E-13));
#2560=DIRECTION('ref_axis',(1.,5.15460690004537E-15,1.4052013044516E-28));
#2561=DIRECTION('',(-0.500000113783477,-1.66786654245497E-13,-0.866025338091508));
#2562=DIRECTION('',(-1.,-5.90544162034641E-15,-1.34425950578222E-30));
#2563=DIRECTION('center_axis',(4.7582170479473E-15,-0.707106781186681,-0.707106781186414));
#2564=DIRECTION('ref_axis',(-1.,-3.94430452610506E-30,-6.72913508192321E-15));
#2565=DIRECTION('',(1.24685014209869E-14,0.707106781186414,-0.707106781186681));
#2566=DIRECTION('',(1.,5.90544162034656E-15,8.23693461574417E-16));
#2567=DIRECTION('',(-0.860222610417531,0.360566956698992,-0.360566956699134));
#2568=DIRECTION('',(-0.286600400545101,0.677443802247477,-0.677443802247735));
#2569=DIRECTION('center_axis',(8.23693461575534E-16,-1.89179026943155E-13,
-1.));
#2570=DIRECTION('ref_axis',(-1.,0.,-8.23693461575534E-16));
#2571=DIRECTION('',(1.75691048770077E-14,1.,-1.89179026943155E-13));
#2572=DIRECTION('',(1.,6.0013556350515E-15,8.23693461574399E-16));
#2573=DIRECTION('center_axis',(8.23693461575534E-16,-1.89179026943155E-13,
-1.));
#2574=DIRECTION('ref_axis',(-1.,1.85918791292775E-14,-8.23693461579051E-16));
#2575=DIRECTION('',(-0.750896253648079,0.660420181594476,-1.25556155662116E-13));
#2576=DIRECTION('center_axis',(-1.,1.75691048770075E-14,-1.0881557718276E-15));
#2577=DIRECTION('ref_axis',(1.08815577182428E-15,-1.89073199526451E-13,
-1.));
#2578=DIRECTION('',(1.58153172147021E-14,0.923879532511361,0.382683432364911));
#2579=DIRECTION('',(-1.08815577182428E-15,1.89073199526451E-13,1.));
#2580=DIRECTION('',(-1.74611241137869E-14,-1.,1.89977030358001E-13));
#2581=DIRECTION('',(-1.0881557718243E-15,1.88030637826981E-13,1.));
#2582=DIRECTION('',(-1.75691048770077E-14,-1.,1.87151881293955E-13));
#2583=DIRECTION('center_axis',(1.10655876862524E-27,-1.87151881293955E-13,
-1.));
#2584=DIRECTION('ref_axis',(-1.,-5.24235092847248E-15,-1.25442929958498E-28));
#2585=DIRECTION('',(1.75691048770077E-14,1.,-1.87151881293955E-13));
#2586=DIRECTION('',(-5.15460690004537E-15,1.,-1.87151881293955E-13));
#2587=DIRECTION('',(-1.,-5.24235092847248E-15,-1.25442929958498E-28));
#2588=DIRECTION('center_axis',(1.,-1.75691048770077E-14,6.40189350235298E-17));
#2589=DIRECTION('ref_axis',(-6.40189350202079E-17,1.89073199526451E-13,
1.));
#2590=DIRECTION('',(6.40189350202263E-17,-1.88030637826981E-13,-1.));
#2591=DIRECTION('',(1.7530968610242E-14,1.,-1.89977030358001E-13));
#2592=DIRECTION('',(6.40189350202079E-17,-1.89073199526451E-13,-1.));
#2593=DIRECTION('',(-1.62072374146218E-14,-0.923879532511361,-0.382683432364911));
#2594=DIRECTION('center_axis',(5.24235092847248E-15,-1.,1.88030637826981E-13));
#2595=DIRECTION('ref_axis',(1.,5.24235092847248E-15,1.25442929958498E-28));
#2596=DIRECTION('center_axis',(-5.24235092847248E-15,1.,-1.88030637826981E-13));
#2597=DIRECTION('ref_axis',(1.,5.24235092847248E-15,0.));
#2598=DIRECTION('',(-0.500000113783477,-1.67438693378689E-13,-0.866025338091508));
#2599=DIRECTION('center_axis',(-5.90544162034641E-15,1.,-1.89179144716977E-13));
#2600=DIRECTION('ref_axis',(1.,5.90544162034641E-15,0.));
#2601=DIRECTION('',(-2.14595534584488E-15,-1.88030637826981E-13,-1.));
#2602=DIRECTION('center_axis',(-5.24235092847248E-15,1.,-1.88030637826981E-13));
#2603=DIRECTION('ref_axis',(0.999657324975557,-1.24858081738367E-14,0.0261769483078744));
#2604=DIRECTION('',(0.258819045102522,-1.80266828949287E-13,-0.965925826289068));
#2605=DIRECTION('center_axis',(5.90544162034641E-15,-1.,1.89179144716977E-13));
#2606=DIRECTION('ref_axis',(1.,5.90544162034641E-15,0.));
#2607=DIRECTION('',(0.50000010151449,-1.60881212693773E-13,-0.866025345175013));
#2608=DIRECTION('',(0.500000128997088,-1.60881209529753E-13,-0.866025329307923));
#2609=DIRECTION('',(1.,5.89439010990598E-15,2.09071529295202E-30));
#2610=DIRECTION('center_axis',(-5.90544162034641E-15,1.,-1.89179144716977E-13));
#2611=DIRECTION('ref_axis',(1.,5.90544162034641E-15,0.));
#2612=DIRECTION('',(1.,5.24235092847248E-15,2.86681825253732E-27));
#2613=DIRECTION('center_axis',(-5.90544162034641E-15,1.,-1.89179144716977E-13));
#2614=DIRECTION('ref_axis',(1.,5.90544162034641E-15,0.));
#2615=DIRECTION('',(1.,5.89439010990598E-15,2.09071529295202E-30));
#2616=DIRECTION('',(0.500000049128294,1.67449751486713E-13,0.866025375420203));
#2617=DIRECTION('center_axis',(-5.90544162034641E-15,1.,-1.89179144716977E-13));
#2618=DIRECTION('ref_axis',(1.,5.90544162034641E-15,0.));
#2619=DIRECTION('',(-1.96707049694455E-15,1.88030637826981E-13,1.));
#2620=DIRECTION('center_axis',(-5.90544162034641E-15,1.,-1.89179144716977E-13));
#2621=DIRECTION('ref_axis',(1.,5.90544162034641E-15,0.));
#2622=DIRECTION('',(-0.500000113783475,1.60218120634944E-13,0.866025338091509));
#2623=DIRECTION('',(-1.,-5.24235092847248E-15,-1.25442929958498E-28));
#2624=DIRECTION('center_axis',(1.53562584305199E-15,-0.382683432364911,
0.923879532511361));
#2625=DIRECTION('ref_axis',(-5.76916737419453E-15,0.923879532511361,0.382683432364911));
#2626=DIRECTION('',(0.678598344545851,0.678598344545899,0.281084637714687));
#2627=DIRECTION('',(4.53662470661265E-16,-0.923879532511361,-0.382683432364911));
#2628=DIRECTION('',(-0.678598344545845,-0.678598344545904,-0.281084637714688));
#2629=DIRECTION('',(1.,-1.75234770434504E-14,-8.92061128641353E-15));
#2630=DIRECTION('center_axis',(1.53562584305199E-15,-0.382683432364911,
0.923879532511361));
#2631=DIRECTION('ref_axis',(-5.76916737419453E-15,0.923879532511361,0.382683432364911));
#2632=DIRECTION('',(1.,-1.75234770434504E-14,-8.92061128641353E-15));
#2633=DIRECTION('center_axis',(-1.53562584305199E-15,0.382683432364911,
-0.923879532511361));
#2634=DIRECTION('ref_axis',(0.176475381047454,-0.909379293398185,-0.376677236666584));
#2635=DIRECTION('',(-1.,-5.66379136186888E-14,-2.17980425302771E-14));
#2636=DIRECTION('',(-0.0667452854577223,-0.921819324658971,-0.381830066331144));
#2637=DIRECTION('',(-0.329939095811053,0.872144330530498,0.361254010052338));
#2638=DIRECTION('center_axis',(-1.53562584305199E-15,0.382683432364911,
-0.923879532511361));
#2639=DIRECTION('ref_axis',(-0.415489692264141,-0.840358870405335,-0.348088041382233));
#2640=DIRECTION('center_axis',(-1.75234770434487E-14,-1.,1.89073199526451E-13));
#2641=DIRECTION('ref_axis',(0.,-1.89073199526451E-13,-1.));
#2642=DIRECTION('center_axis',(-1.75234770434487E-14,-1.,1.89073199526451E-13));
#2643=DIRECTION('ref_axis',(0.269421814998183,1.76976641394132E-13,0.963022266410847));
#2644=DIRECTION('',(-1.,1.75234770434487E-14,-8.30610965958415E-31));
#2645=DIRECTION('center_axis',(-1.75234770434487E-14,-1.,1.89073199526451E-13));
#2646=DIRECTION('ref_axis',(1.,-1.77635683940025E-14,4.36954990873377E-27));
#2647=DIRECTION('',(9.24508797474929E-16,-1.89073199526451E-13,-1.));
#2648=DIRECTION('',(-0.81649658092772,-9.48536035512006E-14,-0.577350269189634));
#2649=DIRECTION('',(-1.,1.75234770434485E-14,-8.61653743958487E-16));
#2650=DIRECTION('',(7.12618416421977E-16,-1.89073199526451E-13,-1.));
#2651=DIRECTION('',(0.224951054343868,-1.88169190308434E-13,-0.974370064785235));
#2652=DIRECTION('',(1.87209863065243E-13,-1.89073199526454E-13,-1.));
#2653=DIRECTION('',(0.99026806874157,8.96096371708435E-15,0.139173100960066));
#2654=DIRECTION('',(0.241478257214617,-1.87709349450091E-13,-0.970406230035953));
#2655=DIRECTION('',(0.752125358583565,-1.37782883539241E-13,-0.659020064167658));
#2656=DIRECTION('center_axis',(1.75234770434487E-14,1.,-1.89073199526451E-13));
#2657=DIRECTION('ref_axis',(0.251625337172828,-2.35367281220532E-13,0.967824720542238));
#2658=DIRECTION('center_axis',(1.75234770434487E-14,1.,-1.89073199526451E-13));
#2659=DIRECTION('ref_axis',(-0.250158682001814,1.87217873674574E-13,0.968204851164832));
#2660=DIRECTION('',(2.15112261811934E-15,1.89073199526451E-13,1.));
#2661=DIRECTION('',(-0.258819045102522,1.87166096076966E-13,0.965925826289068));
#2662=DIRECTION('',(1.73760914941435E-15,1.89073199526451E-13,1.));
#2663=DIRECTION('center_axis',(-1.75234770434487E-14,-1.,1.89073199526451E-13));
#2664=DIRECTION('ref_axis',(-0.978147600733806,5.63332229590053E-14,0.207911690817759));
#2665=DIRECTION('center_axis',(-1.75234770434487E-14,-1.,1.89073199526451E-13));
#2666=DIRECTION('ref_axis',(0.707106781186548,-1.45880701478541E-13,-0.707106781186547));
#2667=DIRECTION('center_axis',(5.23390854466145E-15,-1.,1.87786294450884E-13));
#2668=DIRECTION('ref_axis',(-0.000233832324954224,1.87793507843843E-13,
0.999999972661221));
#2669=DIRECTION('center_axis',(1.75691048770077E-14,1.,-1.88687372925671E-13));
#2670=DIRECTION('ref_axis',(0.269421814998183,1.76976641394132E-13,0.963022266410847));
#2671=DIRECTION('center_axis',(1.75691048770077E-14,1.,-1.88687372925671E-13));
#2672=DIRECTION('ref_axis',(-0.734120936497794,1.41020110127652E-13,0.679018740975242));
#2673=DIRECTION('center_axis',(-1.64852284471154E-12,-1.,1.88708791646261E-13));
#2674=DIRECTION('ref_axis',(0.251625337172828,-2.35367281220532E-13,0.967824720542238));
#2675=DIRECTION('center_axis',(-1.73472347597681E-14,-1.,1.88737914186276E-13));
#2676=DIRECTION('ref_axis',(0.251625337172828,-2.35367281220532E-13,0.967824720542238));
#2677=DIRECTION('',(1.75451062462103E-14,1.,-1.89097256209155E-13));
#2678=DIRECTION('',(-1.6472014644246E-12,-1.,1.88857660891552E-13));
#2679=DIRECTION('center_axis',(0.999390827019095,-1.75469118575559E-14,
-0.0348994967025137));
#2680=DIRECTION('ref_axis',(0.0348994967025137,1.89073199526451E-13,0.999390827019095));
#2681=DIRECTION('',(0.0348994967025137,1.88017530386185E-13,0.999390827019095));
#2682=DIRECTION('',(-0.0174577238238644,0.865893423527979,-0.499923801163623));
#2683=DIRECTION('',(0.0348782627423869,-0.0348782627421963,0.998782765958724));
#2684=DIRECTION('',(1.75451062462103E-14,1.,-1.89097256209155E-13));
#2685=DIRECTION('center_axis',(-5.15460690004537E-15,1.,-1.87151881293955E-13));
#2686=DIRECTION('ref_axis',(-0.389544652283498,1.52002843061977E-13,0.921007580792541));
#2687=DIRECTION('center_axis',(0.707106781186545,-0.707106781186551,1.34348667965752E-13));
#2688=DIRECTION('ref_axis',(-0.707106781186551,-0.707106781186545,1.3035038433031E-13));
#2689=DIRECTION('',(7.28364189115832E-15,-1.,1.87151881293955E-13));
#2690=DIRECTION('center_axis',(0.707106781186542,0.707106781186553,-1.33191044211141E-13));
#2691=DIRECTION('ref_axis',(-0.707106781186553,0.707106781186542,-1.31536131239211E-13));
#2692=DIRECTION('',(-5.15460690004537E-15,1.,-1.87151881293955E-13));
#2693=DIRECTION('center_axis',(-0.707106781186542,-0.707106781186553,1.33191044211141E-13));
#2694=DIRECTION('ref_axis',(1.88360581110032E-13,-3.40787911055477E-28,
1.));
#2695=DIRECTION('',(8.1856360694846E-16,-1.89179144716977E-13,-1.));
#2696=DIRECTION('center_axis',(-1.,-7.28364189115847E-15,-8.18563606947082E-16));
#2697=DIRECTION('ref_axis',(-7.28364189115832E-15,1.,-1.89179026943155E-13));
#2698=DIRECTION('',(-8.1856360694846E-16,1.89179144716977E-13,1.));
#2699=DIRECTION('center_axis',(-0.707106781186545,0.707106781186551,-1.34348667965752E-13));
#2700=DIRECTION('ref_axis',(0.707106781186551,0.707106781186545,-1.33187333577478E-13));
#2701=DIRECTION('center_axis',(0.707106781186545,-0.707106781186551,1.34348667965752E-13));
#2702=DIRECTION('ref_axis',(0.707106781186551,0.707106781186545,-1.32336364374774E-13));
#2703=DIRECTION('center_axis',(0.707106781186545,-0.707106781186551,1.34348667965752E-13));
#2704=DIRECTION('ref_axis',(0.707106781186551,0.707106781186545,-1.32336364374774E-13));
#2705=DIRECTION('center_axis',(0.707106781186545,-0.707106781186551,1.34348667965752E-13));
#2706=DIRECTION('ref_axis',(-0.707106781186551,-0.707106781186545,1.30391272154755E-13));
#2707=DIRECTION('',(-8.1856360694846E-16,1.89179144716977E-13,1.));
#2708=DIRECTION('',(0.577350269189626,0.577350269189731,0.577350269189521));
#2709=DIRECTION('',(0.707106781186551,0.707106781186544,-1.31652252660635E-13));
#2710=DIRECTION('',(-8.1856360694846E-16,1.89179144716977E-13,1.));
#2711=DIRECTION('center_axis',(5.15460690004537E-15,-1.,1.87151881293955E-13));
#2712=DIRECTION('ref_axis',(-0.389544652283498,-1.90003553827471E-13,-0.921007580792541));
#2713=DIRECTION('center_axis',(0.707106781186542,0.707106781186553,-1.33191044211141E-13));
#2714=DIRECTION('ref_axis',(-0.707106781186553,0.707106781186542,-1.31454355590322E-13));
#2715=DIRECTION('',(-7.28364189115832E-15,1.,-1.87151881293955E-13));
#2716=DIRECTION('',(5.15460690004537E-15,-1.,1.87151881293955E-13));
#2717=DIRECTION('center_axis',(-5.90544162034641E-15,1.,-1.89179144716977E-13));
#2718=DIRECTION('ref_axis',(-0.389544652283498,-1.90003553827471E-13,-0.921007580792541));
#2719=DIRECTION('center_axis',(-5.15460690004537E-15,1.,-1.87151881293955E-13));
#2720=DIRECTION('ref_axis',(1.,5.15460690004537E-15,1.4052013044516E-28));
#2721=DIRECTION('',(-5.15460690004537E-15,1.,-1.87151881293955E-13));
#2722=DIRECTION('center_axis',(-5.90544162034641E-15,1.,-1.89179144716977E-13));
#2723=DIRECTION('ref_axis',(1.,5.15460690004537E-15,1.4052013044516E-28));
#2724=DIRECTION('center_axis',(-1.,-7.28364189115847E-15,-8.18563606947082E-16));
#2725=DIRECTION('ref_axis',(-7.28364189115832E-15,1.,-1.89179026943155E-13));
#2726=DIRECTION('',(8.1856360694846E-16,-1.89179144716977E-13,-1.));
#2727=DIRECTION('',(-7.28364189115831E-15,1.,-1.9846404673161E-13));
#2728=DIRECTION('',(-5.96238265260405E-15,1.,-1.88808783999128E-13));
#2729=DIRECTION('center_axis',(-0.900316745791156,-0.405785312153747,0.15737864432098));
#2730=DIRECTION('ref_axis',(0.368816045543798,-0.903294198310529,-0.219167323860046));
#2731=DIRECTION('',(-5.96238265260405E-15,1.,-1.88808783999128E-13));
#2732=DIRECTION('center_axis',(0.985063293161546,-4.97080788975858E-14,
-0.172192649279025));
#2733=DIRECTION('ref_axis',(-0.172192649279025,-1.82931724981825E-13,-0.985063293161547));
#2734=DIRECTION('',(1.74488056260234E-14,1.,-1.8885766089343E-13));
#2735=DIRECTION('',(-0.172192649279025,-1.82931724981825E-13,-0.985063293161546));
#2736=DIRECTION('center_axis',(1.,-1.74488056260238E-14,-1.73760914941106E-15));
#2737=DIRECTION('ref_axis',(-1.73760914941435E-15,-1.88737914186276E-13,
-1.));
#2738=DIRECTION('',(1.74488056260234E-14,1.,-1.8885766089343E-13));
#2739=DIRECTION('',(1.73760914941435E-15,1.88737914186276E-13,1.));
#2740=DIRECTION('',(1.74488056260234E-14,1.,-1.8885766089343E-13));
#2741=DIRECTION('center_axis',(-1.75088935782972E-14,-1.,1.8973273768482E-13));
#2742=DIRECTION('ref_axis',(-0.978147600733806,5.65739365406482E-14,0.207911690817759));
#2743=DIRECTION('center_axis',(0.866025403784445,0.49999999999999,-9.58737707583772E-14));
#2744=DIRECTION('ref_axis',(-0.49999999999999,0.866025403784445,-1.63757896132212E-13));
#2745=DIRECTION('',(-1.75298372308998E-14,-1.,1.86984930462931E-13));
#2746=DIRECTION('center_axis',(-0.965925826289068,-3.21941534952484E-14,
-0.258819045102522));
#2747=DIRECTION('ref_axis',(0.258819045102522,-1.87258606428629E-13,-0.965925826289068));
#2748=DIRECTION('',(5.96238265260386E-15,-1.,1.02136742272614E-13));
#2749=DIRECTION('',(-0.258819045102522,1.8661938176619E-13,0.965925826289068));
#2750=DIRECTION('',(-5.15460690004537E-15,1.,-1.87151881293955E-13));
#2751=DIRECTION('',(-1.75088935782972E-14,-1.,1.8973273768482E-13));
#2752=DIRECTION('',(-0.236173745241567,0.409064926172403,0.881412416655301));
#2753=DIRECTION('center_axis',(1.,5.96238265260364E-15,-2.15112261812046E-15));
#2754=DIRECTION('ref_axis',(-2.15112261811933E-15,-1.89179144716977E-13,
-1.));
#2755=DIRECTION('',(1.74488056260234E-14,1.,-1.8885766089343E-13));
#2756=DIRECTION('',(2.15112261811934E-15,1.88519318360085E-13,1.));
#2757=DIRECTION('center_axis',(0.866025403784445,0.49999999999999,-9.58737707583772E-14));
#2758=DIRECTION('ref_axis',(-1.35585986882344E-13,4.30942765578357E-14,
-1.));
#2759=DIRECTION('center_axis',(-0.866025403784445,-0.49999999999999,9.58737707583772E-14));
#2760=DIRECTION('ref_axis',(0.49999999999999,-0.866025403784445,1.61823679456498E-13));
#2761=DIRECTION('center_axis',(-0.866025403784445,-0.49999999999999,9.58737707583772E-14));
#2762=DIRECTION('ref_axis',(0.49999999999999,-0.866025403784444,1.62078283566616E-13));
#2763=DIRECTION('center_axis',(-0.866025403784445,-0.49999999999999,9.58737707583772E-14));
#2764=DIRECTION('ref_axis',(0.49999999999999,-0.866025403784445,1.61823679456498E-13));
#2765=DIRECTION('',(0.195614408916899,-0.338814094936457,0.920293438038369));
#2766=DIRECTION('center_axis',(-5.15460690004537E-15,1.,-1.87151881293955E-13));
#2767=DIRECTION('ref_axis',(1.,5.15460690004537E-15,1.4052013044516E-28));
#2768=DIRECTION('',(5.15460690004537E-15,-1.,1.87151881293955E-13));
#2769=DIRECTION('',(-5.15460690004537E-15,1.,-1.87151881293955E-13));
#2770=DIRECTION('center_axis',(-3.59333858334908E-15,0.707106781186406,
-0.707106781186689));
#2771=DIRECTION('ref_axis',(3.64485749337388E-15,-0.707106781186689,-0.707106781186406));
#2772=DIRECTION('center_axis',(-5.15460690004537E-15,1.,-1.87151881293955E-13));
#2773=DIRECTION('ref_axis',(1.,5.15460690004537E-15,1.4052013044516E-28));
#2774=DIRECTION('',(-5.15460690004537E-15,1.,-1.87151881293955E-13));
#2775=DIRECTION('center_axis',(-5.15460690004537E-15,1.,-1.87151881293955E-13));
#2776=DIRECTION('ref_axis',(1.,5.15460690004537E-15,1.4052013044516E-28));
#2777=DIRECTION('',(-5.15460690004537E-15,1.,-1.87151881293955E-13));
#2778=DIRECTION('',(-5.15460690004537E-15,1.,-1.87151881293955E-13));
#2779=DIRECTION('center_axis',(-1.7478247808161E-14,-1.,1.88519318360085E-13));
#2780=DIRECTION('ref_axis',(1.,5.15460690004537E-15,1.4052013044516E-28));
#2781=DIRECTION('',(5.15460690004537E-15,-1.,1.87151881293955E-13));
#2782=DIRECTION('center_axis',(0.866025448433228,9.80399469258867E-14,0.499999922666021));
#2783=DIRECTION('ref_axis',(0.499999922666021,-1.60881233284253E-13,-0.866025448433228));
#2784=DIRECTION('',(-0.499999922666021,1.72001649773537E-13,0.866025448433228));
#2785=DIRECTION('',(-5.15460690004537E-15,1.,-1.87151881293955E-13));
#2786=DIRECTION('center_axis',(0.866025345175013,9.80399798654586E-14,0.50000010151449));
#2787=DIRECTION('ref_axis',(0.50000010151449,-1.60881212693773E-13,-0.866025345175013));
#2788=DIRECTION('',(-0.50000010151449,1.72001633433327E-13,0.866025345175013));
#2789=DIRECTION('',(-5.15460690004537E-15,1.,-1.87151881293955E-13));
#2790=DIRECTION('center_axis',(-5.15460690004537E-15,1.,-1.87151881293955E-13));
#2791=DIRECTION('ref_axis',(-0.866025345175011,-9.80399798654592E-14,-0.500000101514493));
#2792=DIRECTION('center_axis',(1.7478247808161E-14,1.,-1.88519318360085E-13));
#2793=DIRECTION('ref_axis',(1.,5.15460690004537E-15,1.4052013044516E-28));
#2794=DIRECTION('',(-5.15460690004537E-15,1.,-1.87151881293955E-13));
#2795=DIRECTION('center_axis',(-5.15460690004537E-15,1.,-1.87151881293955E-13));
#2796=DIRECTION('ref_axis',(1.,5.15460690004537E-15,1.4052013044516E-28));
#2797=DIRECTION('',(-5.15460690004537E-15,1.,-1.87151881293955E-13));
#2798=DIRECTION('center_axis',(-3.59333858334908E-15,0.707106781186406,
-0.707106781186689));
#2799=DIRECTION('ref_axis',(3.64485749337388E-15,-0.707106781186689,-0.707106781186406));
#2800=DIRECTION('center_axis',(-5.90544162034641E-15,1.,-1.89179144716977E-13));
#2801=DIRECTION('ref_axis',(1.,5.15460690004537E-15,1.4052013044516E-28));
#2802=DIRECTION('',(-5.15460690004537E-15,1.,-1.87151881293955E-13));
#2803=DIRECTION('center_axis',(-1.10523691344234E-27,1.87151881293955E-13,
1.));
#2804=DIRECTION('ref_axis',(1.,5.89439010990598E-15,2.09071529295202E-30));
#2805=DIRECTION('',(1.,5.90544162034641E-15,2.24043228850003E-32));
#2806=DIRECTION('',(-5.15460690004537E-15,1.,-1.87151881293955E-13));
#2807=DIRECTION('center_axis',(-0.866025375420203,8.91119294656748E-14,
0.500000049128294));
#2808=DIRECTION('ref_axis',(0.500000049128294,1.67449751486713E-13,0.866025375420203));
#2809=DIRECTION('',(0.500000049128294,1.6678666092549E-13,0.866025375420203));
#2810=DIRECTION('center_axis',(-0.866025338091509,-9.80399821251095E-14,
-0.500000113783475));
#2811=DIRECTION('ref_axis',(-0.500000113783475,1.60218120634944E-13,0.866025338091509));
#2812=DIRECTION('',(-5.15460690004537E-15,1.,-1.87151881293955E-13));
#2813=DIRECTION('center_axis',(0.866025338091508,-8.91119417584287E-14,
-0.500000113783477));
#2814=DIRECTION('ref_axis',(-0.500000113783477,-1.67438693378689E-13,-0.866025338091508));
#2815=DIRECTION('center_axis',(0.866025345175013,9.80399798654586E-14,0.50000010151449));
#2816=DIRECTION('ref_axis',(0.50000010151449,-1.60881212693773E-13,-0.866025345175013));
#2817=DIRECTION('',(-5.15460690004537E-15,1.,-1.87151881293955E-13));
#2818=DIRECTION('center_axis',(0.866025329307923,9.80399849270899E-14,0.500000128997088));
#2819=DIRECTION('ref_axis',(0.500000128997088,-1.60881209529753E-13,-0.866025329307923));
#2820=DIRECTION('',(-5.15460690004537E-15,1.,-1.87151881293955E-13));
#2821=DIRECTION('center_axis',(-1.10523691344234E-27,1.87151881293955E-13,
1.));
#2822=DIRECTION('ref_axis',(1.,5.89439010990598E-15,2.09071529295202E-30));
#2823=DIRECTION('center_axis',(3.86911776248348E-27,-1.91192753713306E-13,
-1.));
#2824=DIRECTION('ref_axis',(-1.,0.,-3.86911776248348E-27));
#2825=DIRECTION('',(-1.,-5.08174815877471E-15,-2.89752433832983E-27));
#2826=DIRECTION('',(3.89171485019634E-15,-1.,1.91192753713306E-13));
#2827=DIRECTION('',(0.707106781186549,-0.707106781186546,1.35027951446805E-13));
#2828=DIRECTION('',(1.,-1.66618232994975E-14,7.05473764099892E-27));
#2829=DIRECTION('',(0.707106781186548,0.707106781186547,-1.35193692664405E-13));
#2830=DIRECTION('',(-1.23488728538858E-17,1.,-1.91192753713306E-13));
#2831=DIRECTION('',(0.707106781186548,0.707106781186547,-1.35193692664405E-13));
#2832=DIRECTION('',(-1.23488728538858E-17,1.,-1.91192753713306E-13));
#2833=DIRECTION('',(-1.,-5.08174815877471E-15,-2.89752433832983E-27));
#2834=DIRECTION('center_axis',(3.59333858334908E-15,-0.707106781186406,
0.707106781186689));
#2835=DIRECTION('ref_axis',(1.,-2.76101316827354E-30,-5.08174815876978E-15));
#2836=DIRECTION('',(0.281084637714861,0.67859834454597,0.678598344545707));
#2837=DIRECTION('center_axis',(-0.707106781186542,-0.707106781186553,1.33191044211141E-13));
#2838=DIRECTION('ref_axis',(1.88360581110032E-13,-3.40787911055477E-28,
1.));
#2839=DIRECTION('',(-8.1856360694846E-16,1.89179144716977E-13,1.));
#2840=DIRECTION('',(-0.577350269189627,0.577350269189509,-0.577350269189742));
#2841=DIRECTION('center_axis',(-1.7478247808161E-14,-1.,1.88519318360085E-13));
#2842=DIRECTION('ref_axis',(0.,-1.88519318360085E-13,-1.));
#2843=DIRECTION('center_axis',(1.7478247808161E-14,1.,-1.88519318360085E-13));
#2844=DIRECTION('ref_axis',(-0.970406230035951,-2.85623158857306E-14,-0.241478257214624));
#2845=DIRECTION('',(-0.241478257214617,1.87776056606629E-13,0.970406230035953));
#2846=DIRECTION('',(-0.970406230035954,-2.96059473233376E-14,-0.241478257214612));
#2847=DIRECTION('center_axis',(1.7478247808161E-14,1.,-1.88519318360085E-13));
#2848=DIRECTION('ref_axis',(-0.866161132122424,-7.907634767206E-14,-0.499764837899186));
#2849=DIRECTION('',(0.866161132122429,7.90763476720582E-14,0.499764837899178));
#2850=DIRECTION('',(-8.18563606948456E-16,1.88519318360085E-13,1.));
#2851=DIRECTION('',(-0.990268068741571,-8.92866742507505E-15,-0.139173100960057));
#2852=DIRECTION('',(0.207911690817759,1.80765786891563E-13,0.978147600733806));
#2853=DIRECTION('center_axis',(-1.7478247808161E-14,-1.,1.88519318360085E-13));
#2854=DIRECTION('ref_axis',(-0.965925826289068,-3.19096990051524E-14,-0.258819045102521));
#2855=DIRECTION('',(0.241478257214617,-1.87160937838638E-13,-0.970406230035953));
#2856=DIRECTION('',(0.990268068741571,8.92866742507535E-15,0.139173100960059));
#2857=DIRECTION('',(-0.241478257214617,1.87160937838638E-13,0.970406230035953));
#2858=DIRECTION('',(-0.970406230035954,-2.96059473233376E-14,-0.241478257214612));
#2859=DIRECTION('center_axis',(-1.74152631313299E-14,-1.,1.88084841818363E-13));
#2860=DIRECTION('ref_axis',(0.999657324975557,-1.24858081738367E-14,0.0261769483078744));
#2861=DIRECTION('center_axis',(-1.74152631313299E-14,-1.,1.88084841818363E-13));
#2862=DIRECTION('ref_axis',(0.999657324975557,-1.24858081738367E-14,0.0261769483078744));
#2863=DIRECTION('',(-1.66533453693773E-14,-1.,1.77635683940025E-13));
#2864=DIRECTION('center_axis',(2.17980425302878E-14,-1.88808783999128E-13,
-1.));
#2865=DIRECTION('ref_axis',(-1.,-5.90544162035052E-15,-2.17980425302867E-14));
#2866=DIRECTION('',(0.41090588378693,-0.911677769098974,1.81089714913348E-13));
#2867=DIRECTION('center_axis',(-0.900316745791156,-0.405785312153747,0.15737864432098));
#2868=DIRECTION('ref_axis',(0.30997563268164,-0.851650694905921,-0.422618268665563));
#2869=DIRECTION('',(0.172192649279025,1.82931724981825E-13,0.985063293161546));
#2870=DIRECTION('center_axis',(-0.172192649279025,-1.82931724981825E-13,
-0.985063293161546));
#2871=DIRECTION('ref_axis',(-0.536933906107973,-0.838386936966966,0.0938580012294277));
#2872=DIRECTION('center_axis',(0.978147600733806,-5.65739365406481E-14,
-0.207911690817759));
#2873=DIRECTION('ref_axis',(-0.207911690817759,-1.80991752114129E-13,-0.978147600733806));
#2874=DIRECTION('center_axis',(0.139173100960057,-1.87604887780053E-13,
-0.990268068741572));
#2875=DIRECTION('ref_axis',(-0.990268068741571,-1.47234451858024E-14,-0.139173100960057));
#2876=DIRECTION('',(-0.172192649279025,-1.82931724981825E-13,-0.985063293161546));
#2877=DIRECTION('center_axis',(0.509505209967652,0.579306272038989,-0.636245773417874));
#2878=DIRECTION('ref_axis',(-0.53047702642015,-0.37071297827642,-0.762342450725303));
#2879=DIRECTION('center_axis',(1.73472347597681E-14,1.,-1.88737914186276E-13));
#2880=DIRECTION('ref_axis',(0.,1.88737914186276E-13,1.));
#2881=DIRECTION('',(0.752125358583555,-1.37429367482035E-13,-0.65902006416767));
#2882=DIRECTION('',(0.241478257214617,-1.87341427787635E-13,-0.970406230035953));
#2883=DIRECTION('',(0.752125358583565,-1.37429367482033E-13,-0.659020064167658));
#2884=DIRECTION('',(0.669569401244254,1.28569813441636E-13,0.742749498093005));
#2885=DIRECTION('center_axis',(-0.65902006416767,9.43494178862868E-13,-0.752125358583555));
#2886=DIRECTION('ref_axis',(0.752125358583555,-1.31303255166264E-13,-0.65902006416767));
#2887=DIRECTION('',(-4.36882635656217E-13,1.,1.63723851003485E-12));
#2888=DIRECTION('center_axis',(0.624459894923348,0.692985850011802,0.360306052288525));
#2889=DIRECTION('ref_axis',(-0.767114449832596,0.457383374333872,0.449817596077559));
#2890=DIRECTION('',(0.624459894923348,0.692985850011802,0.360306052288525));
#2891=DIRECTION('center_axis',(-1.,-5.90544162034656E-15,-8.18563606947342E-16));
#2892=DIRECTION('ref_axis',(-5.61715932811714E-15,0.887241215753886,0.461305782607987));
#2893=DIRECTION('',(-0.624459894923348,-0.692985850011802,-0.360306052288525));
#2894=DIRECTION('center_axis',(0.970406230035953,2.78020357086021E-14,0.241478257214617));
#2895=DIRECTION('ref_axis',(-0.0666035263265441,0.961210500899688,0.267653401325372));
#2896=DIRECTION('center_axis',(0.69623293104474,-0.348328657929385,-0.627635922963277));
#2897=DIRECTION('ref_axis',(-0.669569401244219,-1.94289029309402E-16,-0.742749498093037));
#2898=DIRECTION('',(-0.0466356011321874,-0.894471652630646,0.444685937878903));
#2899=DIRECTION('',(0.457876888408291,-0.457876888408156,0.762035110820497));
#2900=DIRECTION('center_axis',(0.500000000000001,-0.500000000000136,-0.707106781186451));
#2901=DIRECTION('ref_axis',(-0.816496580927688,1.38777878078145E-16,-0.577350269189679));
#2902=DIRECTION('',(3.48506301295844E-16,0.816496580927615,-0.577350269189783));
#2903=DIRECTION('',(-0.678598344545843,0.281084637714694,-0.678598344545903));
#2904=DIRECTION('',(0.678598344545848,-0.281084637714688,0.678598344545901));
#2905=DIRECTION('center_axis',(0.707106781186551,-1.35184960692672E-13,
-0.707106781186544));
#2906=DIRECTION('ref_axis',(-0.707106781186544,0.,-0.707106781186551));
#2907=DIRECTION('',(-0.707106781186544,-1.37945633904094E-13,-0.707106781186551));
#2908=DIRECTION('',(-0.577350269189618,-0.577350269189747,-0.577350269189513));
#2909=DIRECTION('center_axis',(0.707106781186548,-1.35184960692673E-13,
-0.707106781186548));
#2910=DIRECTION('ref_axis',(-0.707106781186548,0.,-0.707106781186548));
#2911=DIRECTION('',(-0.678598344545848,0.281084637714688,-0.678598344545901));
#2912=DIRECTION('',(-1.5198057214604E-16,1.,-1.91332385412598E-13));
#2913=DIRECTION('center_axis',(0.500000000000001,-0.500000000000136,-0.707106781186451));
#2914=DIRECTION('ref_axis',(0.812214063289292,-0.0125887480746304,0.583223661057241));
#2915=DIRECTION('',(0.281084637714808,-0.678598344545724,0.678598344545975));
#2916=DIRECTION('',(0.707106781186545,0.70710678118655,-1.39110191839383E-13));
#2917=DIRECTION('',(3.48506301295844E-16,0.816496580927615,-0.577350269189783));
#2918=DIRECTION('center_axis',(3.59333858334908E-15,-0.707106781186406,
0.707106781186689));
#2919=DIRECTION('ref_axis',(1.,-2.76101316827354E-30,-5.08174815876978E-15));
#2920=DIRECTION('',(1.,5.90544162034656E-15,8.23693461574417E-16));
#2921=DIRECTION('center_axis',(5.90544162034641E-15,-1.,1.89179144716977E-13));
#2922=DIRECTION('ref_axis',(-1.,-5.90544162034657E-15,-8.23693461574417E-16));
#2923=DIRECTION('center_axis',(-1.,-1.51980572146197E-16,-8.18563606948431E-16));
#2924=DIRECTION('ref_axis',(-1.51980572146042E-16,1.,-1.89179026943155E-13));
#2925=DIRECTION('',(8.1856360694846E-16,-1.89179144716977E-13,-1.));
#2926=DIRECTION('center_axis',(-0.707106781186546,-0.707106781186549,1.31757784735535E-15));
#2927=DIRECTION('ref_axis',(3.94430452610506E-31,-1.86333646121228E-15,
-1.));
#2928=DIRECTION('',(-0.219466743499916,0.219466743499916,0.950614904677538));
#2929=DIRECTION('',(-1.86333646121226E-15,-2.73326358792422E-29,-1.));
#2930=DIRECTION('',(0.515638770678263,-0.51563877067826,0.684275760455405));
#2931=DIRECTION('',(0.703640787534019,-0.703640787534015,0.0988902636108143));
#2932=DIRECTION('',(-0.704823096807431,0.704823096807428,-0.0803044482800935));
#2933=DIRECTION('center_axis',(-0.707106781186549,0.707106781186546,-1.35027951446805E-13));
#2934=DIRECTION('ref_axis',(0.499999999999971,0.500000000000108,0.707106781186492));
#2935=DIRECTION('center_axis',(0.707106781186549,1.37945550625426E-13,0.707106781186546));
#2936=DIRECTION('ref_axis',(-0.408248290463864,0.816496580927804,0.408248290463706));
#2937=DIRECTION('',(0.707106781186549,-0.707106781186546,1.35027951446805E-13));
#2938=DIRECTION('center_axis',(1.17816882420039E-14,0.707106781186681,0.707106781186414));
#2939=DIRECTION('ref_axis',(0.816496580927729,-0.40824829046379,0.40824829046393));
#2940=DIRECTION('center_axis',(1.,6.16173778666927E-15,-1.86333646121226E-15));
#2941=DIRECTION('ref_axis',(1.86333646121108E-15,1.91567002157503E-13,1.));
#2942=DIRECTION('',(6.16173778666965E-15,-1.,2.05604243009764E-13));
#2943=DIRECTION('',(3.64921882364669E-16,0.234731418967942,0.972060266109718));
#2944=DIRECTION('',(-6.16173778666963E-15,1.,-1.93169165960832E-13));
#2945=DIRECTION('center_axis',(0.707106781186549,1.37945550625426E-13,0.707106781186546));
#2946=DIRECTION('ref_axis',(0.707106781186546,0.,-0.707106781186549));
#2947=DIRECTION('',(-0.707106781186546,1.29594078272798E-13,0.707106781186549));
#2948=DIRECTION('',(5.90544162034641E-15,-1.,1.89179026943155E-13));
#2949=DIRECTION('',(0.577350269189631,-0.577350269189725,-0.577350269189521));
#2950=DIRECTION('center_axis',(0.139173100960066,-1.89775013961598E-13,
-0.99026806874157));
#2951=DIRECTION('ref_axis',(-0.99026806874157,-2.64235875946076E-14,-0.139173100960066));
#2952=DIRECTION('',(-5.602828147207E-15,1.,-1.9242746781803E-13));
#2953=DIRECTION('',(-0.702129098918127,-0.705178997375074,-0.0986778096306571));
#2954=DIRECTION('',(-1.77635683940025E-14,-1.,1.86517468137026E-13));
#2955=DIRECTION('',(-1.77635683940025E-14,-1.,1.86517468137026E-13));
#2956=DIRECTION('center_axis',(0.798635510047295,-1.11331123484945E-13,
-0.601815023152045));
#2957=DIRECTION('ref_axis',(-0.601815023152045,-1.26217744835362E-29,-0.798635510047295));
#2958=DIRECTION('',(-0.475255748088379,-0.613488017528303,-0.630685679445909));
#2959=DIRECTION('center_axis',(0.555457215613758,-0.458635872976126,-0.693628443507069));
#2960=DIRECTION('ref_axis',(-0.780564348884329,-4.71844785465691E-16,-0.625075433248487));
#2961=DIRECTION('',(0.780564348884368,1.22860813038794E-13,0.625075433248438));
#2962=DIRECTION('',(-0.70368734692594,-0.70368734692597,-0.0982254323106847));
#2963=DIRECTION('center_axis',(-0.624026084080134,-0.321528275873317,-0.712187485288491));
#2964=DIRECTION('ref_axis',(-0.752125358583534,5.55111512312578E-17,0.659020064167693));
#2965=DIRECTION('',(-0.123469200793075,-0.859398927938287,0.496174202386664));
#2966=DIRECTION('',(0.67722209157526,-0.677222091575332,-0.28764644507583));
#2967=DIRECTION('center_axis',(0.707106781186556,0.707106781186539,-1.35585986882347E-13));
#2968=DIRECTION('ref_axis',(-1.91747541516754E-13,4.79627430374375E-28,
-1.));
#2969=DIRECTION('',(0.234731418967758,-0.234731418967945,-0.943293338203275));
#2970=DIRECTION('center_axis',(0.707106781185027,0.707106781188068,2.37110619474034E-12));
#2971=DIRECTION('ref_axis',(0.706188234114915,-0.706188234112048,0.05095445024103));
#2972=DIRECTION('center_axis',(0.707106781186556,0.707106781186539,-1.35585986882347E-13));
#2973=DIRECTION('ref_axis',(-0.707106781186539,0.707106781186556,-1.32673906697994E-13));
#2974=DIRECTION('center_axis',(0.970406230035953,2.85961293874481E-14,0.241478257214617));
#2975=DIRECTION('ref_axis',(-0.0666035263265446,0.961210500899688,0.267653401325371));
#2976=DIRECTION('',(-0.970406230035954,-2.96059473233376E-14,-0.241478257214612));
#2977=DIRECTION('center_axis',(-0.970406230035953,-2.77833311912445E-14,
-0.241478257214617));
#2978=DIRECTION('ref_axis',(-0.0666035263265441,0.961210500899688,0.267653401325372));
#2979=DIRECTION('center_axis',(-1.75088935782972E-14,-1.,1.8973273768482E-13));
#2980=DIRECTION('ref_axis',(-0.250158682001814,1.88080158792084E-13,0.968204851164832));
#2981=DIRECTION('',(-1.75088935782972E-14,-1.,1.8973273768482E-13));
#2982=DIRECTION('center_axis',(1.17816882420039E-14,0.707106781186681,0.707106781186414));
#2983=DIRECTION('ref_axis',(1.,9.46633086265214E-30,-1.66618232994967E-14));
#2984=DIRECTION('',(0.577350269189638,-0.577350269189515,0.577350269189724));
#2985=DIRECTION('center_axis',(0.970406230035953,2.85961293874481E-14,0.241478257214617));
#2986=DIRECTION('ref_axis',(-0.241478257214617,1.87814354621832E-13,0.970406230035953));
#2987=DIRECTION('',(1.20025702953992E-14,1.,-1.66654749138681E-13));
#2988=DIRECTION('',(-0.241478257214617,1.88363902716247E-13,0.970406230035953));
#2989=DIRECTION('center_axis',(-0.499764837899178,1.6218388155584E-13,0.866161132122429));
#2990=DIRECTION('ref_axis',(-0.866161132122429,-7.92990725900191E-14,-0.499764837899178));
#2991=DIRECTION('',(5.90544162034641E-15,-1.,1.90651840062726E-13));
#2992=DIRECTION('center_axis',(1.,5.90544162034656E-15,8.18563606947342E-16));
#2993=DIRECTION('ref_axis',(5.90544162034641E-15,-1.,1.89179026943155E-13));
#2994=DIRECTION('',(-1.75088935783101E-14,-1.,1.88459363606538E-13));
#2995=DIRECTION('',(8.1856360694846E-16,-1.89179144716977E-13,-1.));
#2996=DIRECTION('',(-8.1856360694846E-16,1.89179144716977E-13,1.));
#2997=DIRECTION('',(4.91768829472637E-15,-0.739418654163901,-0.673245908917719));
#2998=DIRECTION('',(-8.18563606948457E-16,1.88737914186276E-13,1.));
#2999=DIRECTION('',(5.9054416203464E-15,-1.,1.90278544114168E-13));
#3000=DIRECTION('center_axis',(-0.686180825764083,0.707106781186527,-0.170750913185698));
#3001=DIRECTION('ref_axis',(-0.0686342552796845,0.170750913185752,0.982920884226414));
#3002=DIRECTION('',(0.241478257214617,-1.87312030320975E-13,-0.970406230035953));
#3003=DIRECTION('',(0.241478257214617,-1.87312030320975E-13,-0.970406230035953));
#3004=DIRECTION('',(0.224918573998061,-0.0169928266150739,-0.974229376950987));
#3005=DIRECTION('center_axis',(-0.686180825764083,0.707106781186527,-0.170750913185698));
#3006=DIRECTION('ref_axis',(-0.686180825764107,-0.707106781186568,-0.170750913185432));
#3007=DIRECTION('center_axis',(0.499999999999997,-0.707106781186463,0.500000000000123));
#3008=DIRECTION('ref_axis',(0.707106781186637,4.44089209850063E-16,-0.707106781186458));
#3009=DIRECTION('',(-0.678598344545834,-0.678598344545899,-0.281084637714727));
#3010=DIRECTION('center_axis',(0.707106781186553,-0.707106781186542,1.34348667965751E-13));
#3011=DIRECTION('ref_axis',(1.89997708323923E-13,-3.02922587604869E-28,
-1.));
#3012=DIRECTION('',(-0.450442695844036,-0.450442695844189,-0.770845480963193));
#3013=DIRECTION('center_axis',(0.974370064785235,5.22547040890057E-14,0.224951054343866));
#3014=DIRECTION('ref_axis',(9.05607542209848E-15,-1.,1.93067489369871E-13));
#3015=DIRECTION('',(0.224951054343866,-1.86016704042559E-13,-0.974370064785235));
#3016=DIRECTION('',(1.75088935783101E-14,1.,-1.88459363606538E-13));
#3017=DIRECTION('center_axis',(-1.75088935783101E-14,-1.,1.88459363606538E-13));
#3018=DIRECTION('ref_axis',(-0.355989280897462,-1.69880419501002E-13,-0.934490038409243));
#3019=DIRECTION('center_axis',(0.707106781186539,0.707106781186556,-1.33191044211142E-13));
#3020=DIRECTION('ref_axis',(-0.707106781186556,0.707106781186539,-1.33350853870765E-13));
#3021=DIRECTION('center_axis',(0.688983680194804,0.707106781186589,0.159064415961474));
#3022=DIRECTION('ref_axis',(-0.688983680194826,0.707106781186506,-0.159064415961751));
#3023=DIRECTION('center_axis',(0.509505209967652,0.579306272038989,-0.636245773417874));
#3024=DIRECTION('ref_axis',(-0.787839786633882,0.0167479407604961,-0.61565248076895));
#3025=DIRECTION('',(0.780564348884376,1.04434800475188E-13,0.625075433248428));
#3026=DIRECTION('center_axis',(1.73472347597681E-14,1.,-1.88737914186276E-13));
#3027=DIRECTION('ref_axis',(0.,1.88737914186276E-13,1.));
#3028=DIRECTION('',(-0.990268068741571,-9.08882812247513E-15,-0.139173100960057));
#3029=DIRECTION('center_axis',(0.970406230035953,2.78020357086021E-14,0.241478257214617));
#3030=DIRECTION('ref_axis',(-0.241478257214617,1.87341427787635E-13,0.970406230035953));
#3031=DIRECTION('',(-1.27731637485835E-14,-1.,1.66462992781049E-13));
#3032=DIRECTION('center_axis',(0.241478257214612,-1.64621166586284E-13,
-0.970406230035954));
#3033=DIRECTION('ref_axis',(-1.27731637485833E-14,-1.,1.66462992781048E-13));
#3034=DIRECTION('',(-0.970406230035954,-2.96059473233376E-14,-0.241478257214612));
#3035=DIRECTION('center_axis',(1.67559912213789E-14,1.,-1.8993869727256E-13));
#3036=DIRECTION('ref_axis',(0.241478257214617,-1.88363902716247E-13,-0.970406230035953));
#3037=DIRECTION('center_axis',(0.688983680194804,0.707106781186589,0.159064415961474));
#3038=DIRECTION('ref_axis',(0.688983680194826,-0.707106781186506,0.159064415961749));
#3039=DIRECTION('',(-0.704823096807453,0.70482309680742,-0.0803044482799633));
#3040=DIRECTION('center_axis',(0.707106781186539,0.707106781186556,-1.33191044211142E-13));
#3041=DIRECTION('ref_axis',(0.707106781186556,-0.707106781186539,1.34352212042075E-13));
#3042=DIRECTION('center_axis',(-0.70710678118655,0.707106781186545,-1.34348667965751E-13));
#3043=DIRECTION('ref_axis',(0.707106781186545,0.70710678118655,-1.33187333577479E-13));
#3044=DIRECTION('center_axis',(-0.139173100960057,1.87604887780053E-13,
0.990268068741572));
#3045=DIRECTION('ref_axis',(-0.990268068741572,-8.92866742507505E-15,-0.139173100960057));
#3046=DIRECTION('',(-1.75298372308998E-14,-1.,1.86984930462931E-13));
#3047=DIRECTION('center_axis',(0.970406230035953,2.78020357086021E-14,0.241478257214617));
#3048=DIRECTION('ref_axis',(0.241478257214617,0.,-0.970406230035953));
#3049=DIRECTION('center_axis',(-0.978147600733806,5.61397353277048E-14,
0.207911690817759));
#3050=DIRECTION('ref_axis',(-0.207911690817759,-1.81409683159169E-13,-0.978147600733806));
#3051=DIRECTION('center_axis',(3.32905813026099E-27,1.89977030358001E-13,
1.));
#3052=DIRECTION('ref_axis',(-1.,1.75234770434487E-14,0.));
#3053=DIRECTION('',(-1.7530968610242E-14,-1.,1.89977030358001E-13));
#3054=DIRECTION('',(1.77635683940025E-14,1.,-1.86517468137026E-13));
#3055=DIRECTION('center_axis',(1.7530968610242E-14,1.,-1.89977030358001E-13));
#3056=DIRECTION('ref_axis',(1.,-1.7530968610242E-14,4.32640761735882E-27));
#3057=DIRECTION('center_axis',(1.10655876862524E-27,-1.87151881293955E-13,
-1.));
#3058=DIRECTION('ref_axis',(-1.,-5.24235092847248E-15,-1.25442929958498E-28));
#3059=DIRECTION('center_axis',(1.74611241137869E-14,1.,-1.89977030358001E-13));
#3060=DIRECTION('ref_axis',(1.,-1.74611241137869E-14,4.31313876733542E-27));
#3061=DIRECTION('center_axis',(0.,-1.,0.));
#3062=DIRECTION('ref_axis',(-0.0555042206586801,0.,0.998458452560282));
#3063=DIRECTION('center_axis',(-5.90544162034641E-15,1.,-1.89179144716977E-13));
#3064=DIRECTION('ref_axis',(-0.0555042206586801,0.,0.998458452560282));
#3065=DIRECTION('',(0.,-1.,0.));
#3066=DIRECTION('center_axis',(0.,-1.,0.));
#3067=DIRECTION('ref_axis',(-0.0555042206586801,0.,0.998458452560282));
#3068=DIRECTION('',(0.,-1.,0.));
#3069=DIRECTION('center_axis',(0.,-1.,0.));
#3070=DIRECTION('ref_axis',(0.663103071776374,0.,0.74852809980704));
#3071=DIRECTION('center_axis',(-5.90544162034641E-15,1.,-1.89179144716977E-13));
#3072=DIRECTION('ref_axis',(0.663103071776374,0.,0.74852809980704));
#3073=DIRECTION('',(0.,-1.,0.));
#3074=DIRECTION('center_axis',(0.,-1.,0.));
#3075=DIRECTION('ref_axis',(0.663103071776374,0.,0.74852809980704));
#3076=DIRECTION('center_axis',(-0.866025375420203,0.,0.500000049128294));
#3077=DIRECTION('ref_axis',(-0.500000049128294,0.,-0.866025375420203));
#3078=DIRECTION('',(0.500000049128294,1.6678666092549E-13,0.866025375420203));
#3079=DIRECTION('',(0.,-1.,0.));
#3080=DIRECTION('',(-0.500000049128294,0.,-0.866025375420203));
#3081=DIRECTION('center_axis',(0.,0.,1.));
#3082=DIRECTION('ref_axis',(-1.,0.,0.));
#3083=DIRECTION('',(1.,5.90544162034641E-15,0.));
#3084=DIRECTION('',(0.,-1.,0.));
#3085=DIRECTION('',(-1.,0.,0.));
#3086=DIRECTION('center_axis',(0.,-1.,0.));
#3087=DIRECTION('ref_axis',(-3.00685402502645E-15,0.,1.));
#3088=DIRECTION('center_axis',(-5.90544162034641E-15,1.,-1.89179144716977E-13));
#3089=DIRECTION('ref_axis',(0.942809041582065,0.,-0.33333333333333));
#3090=DIRECTION('',(0.,-1.,0.));
#3091=DIRECTION('center_axis',(0.,-1.,0.));
#3092=DIRECTION('ref_axis',(0.942809041582065,0.,-0.33333333333333));
#3093=DIRECTION('center_axis',(0.,0.,1.));
#3094=DIRECTION('ref_axis',(-1.,0.,0.));
#3095=DIRECTION('',(1.,5.90544162034641E-15,0.));
#3096=DIRECTION('',(0.,-1.,0.));
#3097=DIRECTION('',(-1.,0.,0.));
#3098=DIRECTION('center_axis',(0.866025329307923,0.,0.500000128997087));
#3099=DIRECTION('ref_axis',(-0.500000128997087,0.,0.866025329307923));
#3100=DIRECTION('',(0.500000128997087,-1.60881209529753E-13,-0.866025329307923));
#3101=DIRECTION('',(0.,-1.,0.));
#3102=DIRECTION('',(-0.500000128997087,0.,0.866025329307923));
#3103=DIRECTION('center_axis',(0.,-1.,0.));
#3104=DIRECTION('ref_axis',(-0.186458304444431,0.,-0.982462874974779));
#3105=DIRECTION('center_axis',(5.90544162034641E-15,-1.,1.89179144716977E-13));
#3106=DIRECTION('ref_axis',(-0.186458304444431,0.,-0.982462874974779));
#3107=DIRECTION('',(0.,-1.,0.));
#3108=DIRECTION('center_axis',(0.,-1.,0.));
#3109=DIRECTION('ref_axis',(-0.186458304444431,0.,-0.982462874974779));
#3110=DIRECTION('center_axis',(0.96592582628907,0.,0.258819045102514));
#3111=DIRECTION('ref_axis',(-0.258819045102514,0.,0.96592582628907));
#3112=DIRECTION('',(0.258819045102514,-1.81204580916319E-13,-0.96592582628907));
#3113=DIRECTION('',(0.,-1.,0.));
#3114=DIRECTION('',(-0.258819045102514,0.,0.96592582628907));
#3115=DIRECTION('center_axis',(0.,-1.,0.));
#3116=DIRECTION('ref_axis',(0.989897991607813,0.,0.141781402908908));
#3117=DIRECTION('center_axis',(-5.90544162034641E-15,1.,-1.89179144716977E-13));
#3118=DIRECTION('ref_axis',(-0.663103127659525,0.,-0.748528050301493));
#3119=DIRECTION('',(0.,-1.,0.));
#3120=DIRECTION('center_axis',(0.,-1.,0.));
#3121=DIRECTION('ref_axis',(-0.663103127659525,0.,-0.748528050301493));
#3122=DIRECTION('center_axis',(0.866025338091508,0.,-0.500000113783476));
#3123=DIRECTION('ref_axis',(0.500000113783476,0.,0.866025338091508));
#3124=DIRECTION('',(-0.500000113783476,-1.66786654245497E-13,-0.866025338091508));
#3125=DIRECTION('',(0.,-1.,0.));
#3126=DIRECTION('',(0.500000113783476,0.,0.866025338091508));
#3127=DIRECTION('center_axis',(0.,0.,-1.));
#3128=DIRECTION('ref_axis',(1.,0.,0.));
#3129=DIRECTION('',(-1.,-5.90544162034641E-15,0.));
#3130=DIRECTION('',(0.,-1.,0.));
#3131=DIRECTION('',(1.,0.,0.));
#3132=DIRECTION('center_axis',(-0.866025338091509,0.,-0.500000113783475));
#3133=DIRECTION('ref_axis',(0.500000113783475,0.,-0.866025338091509));
#3134=DIRECTION('',(-0.500000113783475,1.60881211281268E-13,0.866025338091509));
#3135=DIRECTION('',(0.,-1.,0.));
#3136=DIRECTION('',(0.500000113783475,0.,-0.866025338091509));
#3137=DIRECTION('center_axis',(0.,-1.,0.));
#3138=DIRECTION('ref_axis',(-0.0316049532565773,0.,-0.999500438684071));
#3139=DIRECTION('center_axis',(-5.90544162034641E-15,1.,-1.89179144716977E-13));
#3140=DIRECTION('ref_axis',(-0.0316049532565773,0.,-0.999500438684071));
#3141=DIRECTION('center_axis',(0.,-1.,0.));
#3142=DIRECTION('ref_axis',(-0.0316049532565773,0.,-0.999500438684071));
#3143=DIRECTION('center_axis',(0.,-1.,0.));
#3144=DIRECTION('ref_axis',(1.,0.,0.));
#3145=DIRECTION('center_axis',(5.90544162034641E-15,-1.,1.89179144716977E-13));
#3146=DIRECTION('ref_axis',(0.,-1.89179144716977E-13,-1.));
#3147=DIRECTION('',(0.,0.,1.));
#3148=DIRECTION('',(1.,0.,0.));
#3149=DIRECTION('',(0.,0.,1.));
#3150=DIRECTION('',(1.,0.,0.));
#3151=CARTESIAN_POINT('',(0.,0.,0.));
#3152=CARTESIAN_POINT('',(0.,0.,0.));
#3153=CARTESIAN_POINT('',(0.,0.,0.));
#3154=CARTESIAN_POINT('Origin',(0.60000142939221,-27.9936771864959,64.2239287255274));
#3155=CARTESIAN_POINT('',(-3.10000000000055,-31.5999999999876,64.2239287255281));
#3156=CARTESIAN_POINT('',(-3.10000000000053,-30.5999999999877,64.2239287255279));
#3157=CARTESIAN_POINT('',(-3.10000000000046,-26.49051577975,64.2239287255271));
#3158=CARTESIAN_POINT('',(-8.59999857060776,-31.5999999999876,64.2239287255281));
#3159=CARTESIAN_POINT('',(5.30000142939222,-31.5999999999876,64.2239287255281));
#3160=CARTESIAN_POINT('',(-8.59999857060778,-30.7545654039385,64.2239287255279));
#3161=CARTESIAN_POINT('',(-8.59999857060778,-29.9968385932418,64.2239287255278));
#3162=CARTESIAN_POINT('',(-8.44543316665693,-30.5999999999877,64.2239287255279));
#3163=CARTESIAN_POINT('',(-5.5683551600098,-27.7229219933406,64.2239287255273));
#3164=CARTESIAN_POINT('',(5.30000142939222,-30.5999999999876,64.2239287255279));
#3165=CARTESIAN_POINT('Origin',(5.30000142939222,-31.7999999999875,64.4239287255281));
#3166=CARTESIAN_POINT('',(-3.10000000000056,-31.9999999999876,64.6239287255282));
#3167=CARTESIAN_POINT('',(-3.10000000000057,-32.6223818725236,65.2463105980644));
#3168=CARTESIAN_POINT('',(-8.19999857060777,-31.9999999999876,64.6239287255282));
#3169=CARTESIAN_POINT('',(5.30000142939222,-31.9999999999875,64.6239287255282));
#3170=CARTESIAN_POINT('',(-8.19999857060777,-31.9999999999876,64.6239287255282));
#3171=CARTESIAN_POINT('Origin',(10.0000014293922,-31.9999999999845,80.0996050228825));
#3172=CARTESIAN_POINT('',(-3.10000000000056,-31.9999999999873,65.7057370000002));
#3173=CARTESIAN_POINT('',(-3.10000000000057,-31.9999999999851,77.3128534327695));
#3174=CARTESIAN_POINT('',(-3.46486377309181,-31.9999999999873,65.7057370000002));
#3175=CARTESIAN_POINT('',(3.9996193463101,-31.9999999999873,65.7057370000002));
#3176=CARTESIAN_POINT('',(-5.87624314085741,-31.9999999999865,69.8823673140094));
#3177=CARTESIAN_POINT('',(-4.8981191711633,-31.9999999999868,68.1882074164447));
#3178=CARTESIAN_POINT('',(-8.09104559228136,-31.9999999999864,70.2706416887591));
#3179=CARTESIAN_POINT('Origin',(-6.69802573677199,-31.9999999999862,71.7057360000002));
#3180=CARTESIAN_POINT('',(-8.19999857060778,-31.9999999999864,70.3382202545476));
#3181=CARTESIAN_POINT('Origin',(-8.29999857060777,-31.9999999999865,70.0553775420729));
#3182=CARTESIAN_POINT('',(-8.19999857060779,-31.9999999999846,80.0996050228825));
#3183=CARTESIAN_POINT('Origin',(10.0000014293922,-31.9999999999845,80.0996050228825));
#3184=CARTESIAN_POINT('',(3.09999999999944,-31.9999999999875,64.6239287255282));
#3185=CARTESIAN_POINT('',(3.09999999999944,-31.9999999999873,65.7057370000002));
#3186=CARTESIAN_POINT('',(3.09999999999944,-31.9999999999858,73.3241838439506));
#3187=CARTESIAN_POINT('',(8.0897592829972,-31.9999999999875,64.6239287255282));
#3188=CARTESIAN_POINT('',(5.30000142939222,-31.9999999999875,64.6239287255282));
#3189=CARTESIAN_POINT('',(9.5000014293922,-31.9999999999872,65.7532497378226));
#3190=CARTESIAN_POINT('',(12.8960733609449,-31.9999999999867,68.4728219767959));
#3191=CARTESIAN_POINT('',(9.5000014293922,-31.999999999985,77.5682410234091));
#3192=CARTESIAN_POINT('',(9.50000142939219,-31.9999999999845,80.0996050228825));
#3193=CARTESIAN_POINT('',(8.83431600444293,-31.9999999999848,78.2339264483584));
#3194=CARTESIAN_POINT('',(9.21715871691756,-31.9999999999849,77.8510837358837));
#3195=CARTESIAN_POINT('',(1.92823047901266,-31.9999999999849,78.2339264483583));
#3196=CARTESIAN_POINT('',(5.30000142939221,-31.9999999999849,78.2339264483584));
#3197=CARTESIAN_POINT('',(1.9992372570797,-31.999999999985,77.7057360000002));
#3198=CARTESIAN_POINT('Origin',(-0.000762742920300305,-31.999999999985,
77.7057360000002));
#3199=CARTESIAN_POINT('',(3.46333829720553,-31.999999999985,77.7057360000002));
#3200=CARTESIAN_POINT('',(5.99961934323595,-31.999999999985,77.7057360000002));
#3201=CARTESIAN_POINT('',(4.68000118214623,-31.9999999999854,75.5984147925018));
#3202=CARTESIAN_POINT('',(3.76213367440352,-31.9999999999851,77.1882074036524));
#3203=CARTESIAN_POINT('',(4.75664129440382,-31.9999999999854,75.4656702601085));
#3204=CARTESIAN_POINT('',(4.37046507948051,-31.9999999999853,76.1345469039619));
#3205=CARTESIAN_POINT('',(5.63413784836769,-31.9999999999857,73.9458020566129));
#3206=CARTESIAN_POINT('Origin',(5.02218426322801,-31.9999999999856,74.6057360000002));
#3207=CARTESIAN_POINT('',(5.71077796062528,-31.9999999999857,73.8130575242197));
#3208=CARTESIAN_POINT('',(4.84753341259124,-31.9999999999854,75.3082405360174));
#3209=CARTESIAN_POINT('',(5.87471806970071,-31.9999999999858,73.5291048673448));
#3210=CARTESIAN_POINT('',(4.88585340972832,-31.9999999999855,75.2418690534393));
#3211=CARTESIAN_POINT('',(5.87471766731343,-31.9999999999865,69.8823673140094));
#3212=CARTESIAN_POINT('Origin',(6.69650026322801,-31.9999999999861,71.7057360000002));
#3213=CARTESIAN_POINT('',(3.46333829954781,-31.9999999999873,65.7057370000002));
#3214=CARTESIAN_POINT('',(8.602475560965,-31.9999999999856,74.6069811430062));
#3215=CARTESIAN_POINT('',(6.73166986447001,-31.9999999999872,65.7057370000002));
#3216=CARTESIAN_POINT('Origin',(5.30000142939222,-31.7999999999875,64.4239287255281));
#3217=CARTESIAN_POINT('',(3.09999999999945,-31.5999999999876,64.2239287255281));
#3218=CARTESIAN_POINT('',(3.09999999999947,-30.6280470781145,63.2519758036547));
#3219=CARTESIAN_POINT('',(7.77538205591362,-31.5999999999876,64.2239287255281));
#3220=CARTESIAN_POINT('',(5.30000142939222,-31.5999999999876,64.2239287255281));
#3221=CARTESIAN_POINT('',(7.9518226219214,-31.6739560168991,64.2978847424396));
#3222=CARTESIAN_POINT('',(6.6888603255279,-31.1445785439968,63.7685072695372));
#3223=CARTESIAN_POINT('',(8.48734863131668,-32.9397908702947,65.5637195958357));
#3224=CARTESIAN_POINT('Origin',(0.60000142939221,-27.9936771864959,64.2239287255274));
#3225=CARTESIAN_POINT('',(3.09999999999947,-30.5999999999876,64.2239287255279));
#3226=CARTESIAN_POINT('',(3.09999999999954,-26.4905157797501,64.2239287255271));
#3227=CARTESIAN_POINT('',(5.81255904651937,-30.5999999999876,64.2239287255279));
#3228=CARTESIAN_POINT('',(5.30000142939222,-30.5999999999876,64.2239287255279));
#3229=CARTESIAN_POINT('',(6.99382826054884,-30.9126162276582,64.2239287255279));
#3230=CARTESIAN_POINT('Origin',(7.44474037972518,-26.9373543730043,64.2239287255272));
#3231=CARTESIAN_POINT('',(3.83337717810795,-28.1329703476239,64.2239287255274));
#3232=CARTESIAN_POINT('Origin',(-3.10000000000045,-24.9873543730022,74.5261018426552));
#3233=CARTESIAN_POINT('',(-3.10000000000044,-24.9873543730037,66.5487626650174));
#3234=CARTESIAN_POINT('',(-3.10000000000046,-26.3834695294122,65.9704728325987));
#3235=CARTESIAN_POINT('',(-3.10000000000045,-24.9873543730023,74.4710641369798));
#3236=CARTESIAN_POINT('',(-3.10000000000041,-24.9873543730092,37.2630509213307));
#3237=CARTESIAN_POINT('',(-3.10000000000051,-28.5999999999856,74.4710641369806));
#3238=CARTESIAN_POINT('',(-3.10000000000051,-28.5999999999854,74.4710641369805));
#3239=CARTESIAN_POINT('',(-3.10000000000051,-29.1999999999868,68.4431105034326));
#3240=CARTESIAN_POINT('Ctrl Pts',(-3.10000000000051,-28.5999999999856,74.4710641369806));
#3241=CARTESIAN_POINT('Ctrl Pts',(-3.10000000000045,-25.2635792171588,71.5777392363915));
#3242=CARTESIAN_POINT('Ctrl Pts',(-3.10000000000051,-29.1999999999869,68.4431105034326));
#3243=CARTESIAN_POINT('',(-3.10000000000051,-29.1999999999873,65.7057369999997));
#3244=CARTESIAN_POINT('',(-3.10000000000052,-29.1999999999859,73.1159191713278));
#3245=CARTESIAN_POINT('',(-3.1000000000005,-28.4936771864955,65.7057369999996));
#3246=CARTESIAN_POINT('Origin',(3.46333829954781,-31.9999999999873,65.7057370000002));
#3247=CARTESIAN_POINT('',(3.09999999999949,-29.1999999999873,65.7057369999997));
#3248=CARTESIAN_POINT('',(3.09999999999951,-28.4936771864956,65.7057369999996));
#3249=CARTESIAN_POINT('',(3.4633382995478,-29.1999999999873,65.7057369999997));
#3250=CARTESIAN_POINT('',(3.46333829954781,-31.9999999999873,65.7057370000002));
#3251=CARTESIAN_POINT('',(-3.46486377309182,-29.1999999999873,65.7057369999997));
#3252=CARTESIAN_POINT('Origin',(3.09999999999957,-24.9873543730038,66.5487626650174));
#3253=CARTESIAN_POINT('',(3.09999999999949,-29.1999999999868,68.444560263887));
#3254=CARTESIAN_POINT('',(3.09999999999949,-29.1999999999866,69.1272495825089));
#3255=CARTESIAN_POINT('',(3.0999999999995,-28.599999999986,74.4693535120622));
#3256=CARTESIAN_POINT('Ctrl Pts',(3.09999999999949,-29.1999999999868,68.4445602638869));
#3257=CARTESIAN_POINT('Ctrl Pts',(3.09999999999956,-25.2673912830973,71.5775455477753));
#3258=CARTESIAN_POINT('Ctrl Pts',(3.0999999999995,-28.5999999999857,74.4693535120624));
#3259=CARTESIAN_POINT('',(3.09999999999957,-24.9873543730023,74.4693535120615));
#3260=CARTESIAN_POINT('',(3.0999999999995,-28.5999999999855,74.4693535120621));
#3261=CARTESIAN_POINT('',(3.09999999999957,-24.9873543730038,66.5487626650173));
#3262=CARTESIAN_POINT('',(3.09999999999957,-24.9873543730101,33.2743813325118));
#3263=CARTESIAN_POINT('',(3.09999999999952,-27.7936771864956,65.3863456952727));
#3264=CARTESIAN_POINT('Origin',(-0.000762736772002878,-29.1999999999862,
71.7057364999997));
#3265=CARTESIAN_POINT('Origin',(-0.000762737943156423,-29.1999999999862,
71.7057364999997));
#3266=CARTESIAN_POINT('',(5.87471766731341,-29.1999999999865,69.8823673140089));
#3267=CARTESIAN_POINT('',(3.4633382995478,-29.1999999999873,65.7057369999997));
#3268=CARTESIAN_POINT('',(6.15634049121161,-29.1999999999865,69.7800601652094));
#3269=CARTESIAN_POINT('Origin',(6.69650026322799,-29.1999999999861,71.7057359999997));
#3270=CARTESIAN_POINT('',(6.15634049121163,-29.1999999999861,71.6499551556915));
#3271=CARTESIAN_POINT('',(6.15634049121162,-29.1999999999862,71.5673320434714));
#3272=CARTESIAN_POINT('',(6.05773781440223,-29.1999999999861,72.0808597208456));
#3273=CARTESIAN_POINT('Origin',(0.262182856667808,-29.1999999999864,70.5279454502305));
#3274=CARTESIAN_POINT('',(5.57210091211125,-29.1999999999857,73.8932813142259));
#3275=CARTESIAN_POINT('',(5.56666943950007,-29.1999999999857,73.9135518459708));
#3276=CARTESIAN_POINT('',(4.75664129440381,-29.1999999999854,75.465670260108));
#3277=CARTESIAN_POINT('Origin',(5.02218426322799,-29.1999999999856,74.6057359999997));
#3278=CARTESIAN_POINT('',(4.68000118214621,-29.1999999999854,75.5984147925013));
#3279=CARTESIAN_POINT('',(4.68000118214621,-29.1999999999854,75.5984147925013));
#3280=CARTESIAN_POINT('',(3.46333829720551,-29.199999999985,77.7057359999997));
#3281=CARTESIAN_POINT('',(4.68000118214621,-29.1999999999854,75.5984147925013));
#3282=CARTESIAN_POINT('',(1.99923725707969,-29.199999999985,77.7057359999997));
#3283=CARTESIAN_POINT('',(3.46333829720551,-29.199999999985,77.7057359999997));
#3284=CARTESIAN_POINT('',(1.77080788552694,-29.1999999999848,78.6339264483577));
#3285=CARTESIAN_POINT('Origin',(-0.000762742920314738,-29.199999999985,
77.7057359999997));
#3286=CARTESIAN_POINT('',(-1.77233337136757,-29.1999999999849,78.6339264483577));
#3287=CARTESIAN_POINT('',(39.9996186316141,-29.1999999999846,78.6339264483577));
#3288=CARTESIAN_POINT('',(-2.00076274292032,-29.199999999985,77.7057359999997));
#3289=CARTESIAN_POINT('Origin',(-0.000762742920314738,-29.199999999985,
77.7057359999997));
#3290=CARTESIAN_POINT('',(-3.46486378304614,-29.199999999985,77.7057359999997));
#3291=CARTESIAN_POINT('',(3.46333829720551,-29.199999999985,77.7057359999997));
#3292=CARTESIAN_POINT('',(-5.87624327698536,-29.1999999999858,73.5291047473426));
#3293=CARTESIAN_POINT('',(-3.46486378304614,-29.199999999985,77.7057359999997));
#3294=CARTESIAN_POINT('',(-7.04543316665687,-29.1999999999858,73.6753319173545));
#3295=CARTESIAN_POINT('Origin',(-6.698025736772,-29.1999999999862,71.7057359999997));
#3296=CARTESIAN_POINT('',(-7.04543316665687,-29.1999999999866,69.7361400826449));
#3297=CARTESIAN_POINT('',(-7.04543316665688,-29.1999999999854,75.9026707614408));
#3298=CARTESIAN_POINT('',(-5.87624314085742,-29.1999999999865,69.8823673140089));
#3299=CARTESIAN_POINT('Origin',(-6.698025736772,-29.1999999999862,71.7057359999997));
#3300=CARTESIAN_POINT('',(-3.46486377309182,-29.1999999999873,65.7057369999997));
#3301=CARTESIAN_POINT('',(-6.92896585698881,-29.1999999999862,71.705735991379));
#3302=CARTESIAN_POINT('',(-3.46486377309182,-29.1999999999873,65.7057369999997));
#3303=CARTESIAN_POINT('Origin',(10.0000014293922,-30.5999999999875,64.2239287255279));
#3304=CARTESIAN_POINT('',(-6.29999857060778,-28.4545654039384,65.1125968323954));
#3305=CARTESIAN_POINT('',(-2.71734779342291,-24.8719146267532,66.5965793735512));
#3306=CARTESIAN_POINT('',(-6.29999857060778,-25.4701970854783,66.3487626650175));
#3307=CARTESIAN_POINT('',(-6.29999857060778,-26.6511522263683,65.8595950291069));
#3308=CARTESIAN_POINT('',(-5.81715585813315,-24.9873543730037,66.5487626650174));
#3309=CARTESIAN_POINT('',(-2.6081179598328,-21.778316474703,67.8779896846621));
#3310=CARTESIAN_POINT('',(0.525000714696189,-24.9873543730037,66.5487626650174));
#3311=CARTESIAN_POINT('Origin',(10.0000014293922,-30.5999999999875,64.2239287255279));
#3312=CARTESIAN_POINT('',(4.78596892537404,-24.9873543730332,66.5487626650052));
#3313=CARTESIAN_POINT('',(0.525000714696189,-24.9873543730037,66.5487626650174));
#3314=CARTESIAN_POINT('',(3.8708498597643,-25.5959688922746,66.2966662768784));
#3315=CARTESIAN_POINT('Origin',(2.79212416733775,-19.2929049276208,68.9074808555417));
#3316=CARTESIAN_POINT('',(3.81489557537275,-25.5959688922746,66.2966662768784));
#3317=CARTESIAN_POINT('',(2.46042564457807,-25.5959688922747,66.2966662768783));
#3318=CARTESIAN_POINT('',(3.64536512824779,-27.9373543730041,65.3268326560172));
#3319=CARTESIAN_POINT('',(3.71296251388601,-27.0037666903626,65.7135373358317));
#3320=CARTESIAN_POINT('',(3.88110438943824,-28.5604956216193,65.0687190995669));
#3321=CARTESIAN_POINT('',(4.33000223721815,-29.7470895048516,64.5772158201034));
#3322=CARTESIAN_POINT('Origin',(7.70993803979146,-26.937354373004,65.7410462183902));
#3323=CARTESIAN_POINT('Origin',(-4.44089209850063E-13,-24.9873543730163,
6.19290413320869E-12));
#3324=CARTESIAN_POINT('',(1.1183049750998,-24.987354373002,75.7057359999989));
#3325=CARTESIAN_POINT('Origin',(-0.000762737943211127,-24.9873543730028,
71.7057364999987));
#3326=CARTESIAN_POINT('',(-1.11983045098599,-24.987354373002,75.7057359999989));
#3327=CARTESIAN_POINT('',(-0.559915225493217,-24.987354373002,75.7057359999989));
#3328=CARTESIAN_POINT('Origin',(-0.00076273794309618,-24.9873543730029,
71.7057364999989));
#3329=CARTESIAN_POINT('',(-5.81715585813324,-24.9873543730021,75.1895939739325));
#3330=CARTESIAN_POINT('',(-5.81715585813321,-24.9873543730087,40.0498025114437));
#3331=CARTESIAN_POINT('',(-1.79466229690391,-24.9873543730016,78.0339264483571));
#3332=CARTESIAN_POINT('',(-28.6563769938124,-24.9873543730046,59.0398258318743));
#3333=CARTESIAN_POINT('',(8.71715871691756,-24.9873543730018,78.0339264483571));
#3334=CARTESIAN_POINT('',(-1.12499928530417,-24.9873543730016,78.0339264483571));
#3335=CARTESIAN_POINT('',(8.71715871691757,-24.9873543730024,74.4753205467857));
#3336=CARTESIAN_POINT('',(8.71715871691759,-24.9873543730089,40.0498025114437));
#3337=CARTESIAN_POINT('',(9.00000142939356,-24.9873543730027,73.250194161479));
#3338=CARTESIAN_POINT('',(15.5137448557219,-24.9873543730081,45.0360716590612));
#3339=CARTESIAN_POINT('',(9.00000142939448,-24.9873543730036,68.4712855227846));
#3340=CARTESIAN_POINT('',(9.00000142940175,-24.9873543730109,29.3072183914741));
#3341=CARTESIAN_POINT('',(8.9972763283468,-24.9873543730036,68.4709025348087));
#3342=CARTESIAN_POINT('',(-3.87128763466311,-24.9873543730037,66.6623438140262));
#3343=CARTESIAN_POINT('',(7.26524793664996,-24.9873543730022,75.4312440632303));
#3344=CARTESIAN_POINT('',(16.5821908979987,-24.9873543730094,37.9901112719375));
#3345=CARTESIAN_POINT('',(6.74976967620768,-24.9873543730021,75.8829114779728));
#3346=CARTESIAN_POINT('',(24.0676442875533,-24.9873543730052,60.708809571464));
#3347=CARTESIAN_POINT('',(6.03748582361395,-24.9873543730315,75.8026642087987));
#3348=CARTESIAN_POINT('Origin',(6.49814433903485,-24.9873543730129,74.9150867574306));
#3349=CARTESIAN_POINT('',(5.4029387460024,-24.9873543730316,75.1578396683493));
#3350=CARTESIAN_POINT('Origin',(6.36679777514823,-24.9873543730316,74.843971977772));
#3351=CARTESIAN_POINT('',(5.40293874600239,-24.9873543730317,74.524603112862));
#3352=CARTESIAN_POINT('',(5.40293874600239,-24.9873543730319,73.3077562144336));
#3353=CARTESIAN_POINT('',(5.42735169858186,-24.9873543730317,74.4334927334727));
#3354=CARTESIAN_POINT('',(5.60933281244188,-24.9873543730318,73.7543299705291));
#3355=CARTESIAN_POINT('',(5.4273516985818,-24.9873543730331,67.2854679317651));
#3356=CARTESIAN_POINT('',(5.42735169858181,-24.987354373032,72.9455827469953));
#3357=CARTESIAN_POINT('',(5.30027668297766,-24.9873543730331,67.211014120253));
#3358=CARTESIAN_POINT('Origin',(4.85966150601927,-24.9873543730329,68.1087102079318));
#3359=CARTESIAN_POINT('Origin',(2.79212416733786,-24.9873543730327,68.9074808555428));
#3360=CARTESIAN_POINT('Origin',(-0.000762737943156423,-29.1999999999862,
71.7057364999997));
#3361=CARTESIAN_POINT('',(1.11830497509977,-28.5999999999853,75.7057359999996));
#3362=CARTESIAN_POINT('Origin',(-0.000762737943274598,-28.5999999999864,
71.7057364999993));
#3363=CARTESIAN_POINT('',(-1.11983045098598,-28.5999999999852,75.7057359999996));
#3364=CARTESIAN_POINT('Origin',(-0.000762737943274598,-28.5999999999862,
71.7057364999993));
#3365=CARTESIAN_POINT('Ctrl Pts',(-1.11983045098612,-28.5999999999853,75.7057359999996));
#3366=CARTESIAN_POINT('Ctrl Pts',(-0.000762737943160892,-28.0777845088986,
75.7057359999995));
#3367=CARTESIAN_POINT('Ctrl Pts',(1.1183049750998,-28.5999999999853,75.7057359999996));
#3368=CARTESIAN_POINT('Origin',(6.49814433903485,-24.9873543730019,74.9150867574306));
#3369=CARTESIAN_POINT('',(6.0374858236139,-27.9373543730021,75.8026642087993));
#3370=CARTESIAN_POINT('',(6.74976967620282,-27.9373543730021,75.8829114779734));
#3371=CARTESIAN_POINT('Origin',(6.49814433902999,-27.9373543730103,74.9150867574311));
#3372=CARTESIAN_POINT('',(6.03748582361387,-29.6373543730021,75.8026642087996));
#3373=CARTESIAN_POINT('',(6.74976967620768,-24.9873543730021,75.8829114779728));
#3374=CARTESIAN_POINT('Origin',(5.9470986055064,-24.9873543730026,73.2143129375342));
#3375=CARTESIAN_POINT('',(6.08364274723475,-27.9373543730019,77.1244255643656));
#3376=CARTESIAN_POINT('',(5.92835029875463,-27.9373543730027,72.6774316767663));
#3377=CARTESIAN_POINT('',(6.08845023659683,-28.1758031802065,77.2620940473932));
#3378=CARTESIAN_POINT('',(6.01654108223211,-24.6091489883951,75.2028852896437));
#3379=CARTESIAN_POINT('',(6.03748582361389,-28.1248387672238,75.8026642087993));
#3380=CARTESIAN_POINT('',(5.91145106829993,-27.9988040119106,72.1935010331795));
#3381=CARTESIAN_POINT('',(6.03748582361387,-29.6373543730021,75.8026642087996));
#3382=CARTESIAN_POINT('Origin',(-8.29999857060777,-31.9999999999865,70.0553775420729));
#3383=CARTESIAN_POINT('',(-8.09104559228137,-30.245612425611,70.2706416887588));
#3384=CARTESIAN_POINT('',(-8.59999857060777,-30.7545654039374,70.0553775420727));
#3385=CARTESIAN_POINT('Origin',(-8.29999857060778,-30.4545654039374,70.0553775420726));
#3386=CARTESIAN_POINT('',(-8.59999857060777,-31.5999999999865,70.0553775420728));
#3387=CARTESIAN_POINT('',(-8.59999857060777,-31.9999999999865,70.0553775420729));
#3388=CARTESIAN_POINT('Origin',(-8.29999857060777,-31.8999999999865,70.0553775420729));
#3389=CARTESIAN_POINT('',(-8.09104559228137,-31.9999999999865,70.2706416887591));
#3390=CARTESIAN_POINT('Origin',(-8.39999857060779,-31.7999999999846,80.0996050228825));
#3391=CARTESIAN_POINT('',(-8.59999857060778,-31.5999999999846,80.0996050228825));
#3392=CARTESIAN_POINT('Origin',(-8.59999857060778,-31.9999999999846,80.0996050228825));
#3393=CARTESIAN_POINT('',(-8.59999857060778,-30.7545654039355,80.0996050228823));
#3394=CARTESIAN_POINT('Origin',(-8.51715585813318,-30.6717226914609,80.0996050228823));
#3395=CARTESIAN_POINT('Origin',(-6.698025736772,-28.8525925701013,71.7057359999996));
#3396=CARTESIAN_POINT('',(-8.09104559228138,-30.2456124256104,73.140830311241));
#3397=CARTESIAN_POINT('Origin',(-6.698025736772,-28.8525925701013,71.7057359999996));
#3398=CARTESIAN_POINT('',(-8.59999857060778,-30.7545654039368,73.3560944579273));
#3399=CARTESIAN_POINT('Origin',(-8.29999857060778,-30.4545654039368,73.3560944579272));
#3400=CARTESIAN_POINT('',(-8.59999857060778,-30.7545654039362,76.6925050921207));
#3401=CARTESIAN_POINT('',(-8.59999857060778,-30.7545654039355,80.0996050228823));
#3402=CARTESIAN_POINT('',(-8.3999985706078,-30.5545654039362,76.8925050921206));
#3403=CARTESIAN_POINT('',(-8.28853655129123,-30.4431033846196,77.0039671114372));
#3404=CARTESIAN_POINT('',(-6.29999857060779,-28.4545654039362,76.8925050921202));
#3405=CARTESIAN_POINT('',(-7.76854586075794,-29.9231126940863,76.8925050921205));
#3406=CARTESIAN_POINT('',(-6.29999857060779,-28.4545654039355,80.0996050228818));
#3407=CARTESIAN_POINT('Origin',(-8.29999857060777,-31.9999999999859,73.3560944579275));
#3408=CARTESIAN_POINT('',(-8.19999857060779,-31.9999999999859,73.0732517454529));
#3409=CARTESIAN_POINT('',(-8.59999857060778,-31.5999999999859,73.3560944579274));
#3410=CARTESIAN_POINT('Origin',(-8.29999857060777,-31.8999999999859,73.3560944579275));
#3411=CARTESIAN_POINT('',(-8.59999857060778,-31.9999999999859,73.3560944579275));
#3412=CARTESIAN_POINT('',(-8.09104559228137,-31.9999999999859,73.1408303112413));
#3413=CARTESIAN_POINT('',(-8.09104559228137,-31.9999999999859,73.1408303112413));
#3414=CARTESIAN_POINT('Origin',(-8.29999857060777,-31.9999999999859,73.3560944579275));
#3415=CARTESIAN_POINT('Origin',(-6.69802573677199,-31.9999999999862,71.7057360000002));
#3416=CARTESIAN_POINT('',(-5.87624327698534,-31.9999999999858,73.5291047473432));
#3417=CARTESIAN_POINT('',(-5.87624327698534,-31.9999999999858,73.5291047473432));
#3418=CARTESIAN_POINT('Origin',(-6.69802573677199,-31.9999999999862,71.7057360000002));
#3419=CARTESIAN_POINT('Origin',(-8.59999857060778,-31.9999999999846,80.0996050228825));
#3420=CARTESIAN_POINT('',(-8.59999857060778,-31.5999999999853,76.6925050921208));
#3421=CARTESIAN_POINT('',(-8.59999857060778,-31.5999999999846,80.0996050228825));
#3422=CARTESIAN_POINT('',(-8.59999857060776,-33.0999999999852,76.6925050921211));
#3423=CARTESIAN_POINT('Ctrl Pts',(5.30027668409746,-29.9539736851024,67.2110141233196));
#3424=CARTESIAN_POINT('Ctrl Pts',(4.96627376299201,-29.9539736851026,66.2966662768792));
#3425=CARTESIAN_POINT('Ctrl Pts',(3.87084985976432,-29.9539736851026,66.2966662768792));
#3426=CARTESIAN_POINT('Ctrl Pts',(5.30027668409743,-24.987354373033,67.2110141233187));
#3427=CARTESIAN_POINT('Ctrl Pts',(4.96627376299198,-24.9873543730332,66.2966662768782));
#3428=CARTESIAN_POINT('Ctrl Pts',(3.87084985976429,-24.9873543730332,66.2966662768782));
#3429=CARTESIAN_POINT('',(5.30027668517365,-29.9539736851024,67.211014122589));
#3430=CARTESIAN_POINT('',(5.30027668297765,-31.999999999987,67.2110141202544));
#3431=CARTESIAN_POINT('',(4.09793663208996,-28.560495621619,66.309152323078));
#3432=CARTESIAN_POINT('Ctrl Pts',(4.09793663208992,-28.560495621619,66.309152323078));
#3433=CARTESIAN_POINT('Ctrl Pts',(4.2057951652981,-28.7950827128957,66.3213194603101));
#3434=CARTESIAN_POINT('Ctrl Pts',(4.33582270633408,-29.0126015689698,66.3445007103982));
#3435=CARTESIAN_POINT('Ctrl Pts',(4.63069075817689,-29.4078899035333,66.4502744365079));
#3436=CARTESIAN_POINT('Ctrl Pts',(4.7971698385908,-29.5842066559639,66.5319460550537));
#3437=CARTESIAN_POINT('Ctrl Pts',(5.05887683037116,-29.8053722789619,66.7809406071299));
#3438=CARTESIAN_POINT('Ctrl Pts',(5.15341029898106,-29.8726185485409,66.9013253607595));
#3439=CARTESIAN_POINT('Ctrl Pts',(5.25389696490159,-29.9314367553683,67.0953713758023));
#3440=CARTESIAN_POINT('Ctrl Pts',(5.27889506071915,-29.9444097583002,67.1524809786853));
#3441=CARTESIAN_POINT('Ctrl Pts',(5.30027668409746,-29.9539736830367,67.2110141233196));
#3442=CARTESIAN_POINT('',(3.87084985976431,-28.0615002642613,66.2966662768788));
#3443=CARTESIAN_POINT('Origin',(2.79212416733779,-24.6555581993926,68.9074808555427));
#3444=CARTESIAN_POINT('',(3.87084985976434,-31.9999999999872,66.2966662768796));
#3445=CARTESIAN_POINT('Origin',(3.81489557537272,-27.9373543730038,66.2966662768788));
#3446=CARTESIAN_POINT('',(3.81489557537271,-27.9373543730039,66.2966662768788));
#3447=CARTESIAN_POINT('',(3.81489557537271,-27.9373543730039,66.2966662768788));
#3448=CARTESIAN_POINT('',(4.04928683143474,-27.9373543730036,67.6375494304366));
#3449=CARTESIAN_POINT('Origin',(5.42735169858176,-27.9373543730024,74.4334927334732));
#3450=CARTESIAN_POINT('',(5.4273516985818,-27.9373543730024,74.4334927334732));
#3451=CARTESIAN_POINT('',(5.4273516985818,-27.9373543730024,74.4334927334732));
#3452=CARTESIAN_POINT('',(5.42735169858175,-27.9373543730037,67.2854679317657));
#3453=CARTESIAN_POINT('',(5.42735169858176,-27.937354373003,71.3615922518706));
#3454=CARTESIAN_POINT('',(5.42735169858175,-27.9373543730037,67.2854679317657));
#3455=CARTESIAN_POINT('Origin',(4.85966150601929,-24.3873543730035,68.1087102079318));
#3456=CARTESIAN_POINT('',(5.83780910675302,-28.6482874582993,67.9007985171148));
#3457=CARTESIAN_POINT('Origin',(4.85966150601924,-26.9540861165267,68.1087102079323));
#3458=CARTESIAN_POINT('',(5.83780910675299,-30.2673818017902,67.9007985171151));
#3459=CARTESIAN_POINT('',(5.83780910675301,-29.0373543730036,67.9007985171149));
#3460=CARTESIAN_POINT('Ctrl Pts',(5.83780910675298,-30.2673818017903,67.9007985171151));
#3461=CARTESIAN_POINT('Ctrl Pts',(5.81435709989485,-30.2646512293668,67.7904654995227));
#3462=CARTESIAN_POINT('Ctrl Pts',(5.77027798930106,-30.2486377196583,67.6800133006143));
#3463=CARTESIAN_POINT('Ctrl Pts',(5.64391012379359,-30.1864299274112,67.4755295604112));
#3464=CARTESIAN_POINT('Ctrl Pts',(5.55796516682536,-30.1365999810101,67.3846047326683));
#3465=CARTESIAN_POINT('Ctrl Pts',(5.41958946369554,-30.0436625389036,67.2775768312667));
#3466=CARTESIAN_POINT('Ctrl Pts',(5.35971805465007,-30.0005858278313,67.2401896631789));
#3467=CARTESIAN_POINT('Ctrl Pts',(5.30027668625063,-29.9539736851024,67.2110141218605));
#3468=CARTESIAN_POINT('Origin',(5.38766284189417,-24.3873543730023,74.5816135631254));
#3469=CARTESIAN_POINT('',(5.40293874600235,-29.6373543730024,74.5246031128627));
#3470=CARTESIAN_POINT('',(5.40293874600235,-28.1936771864939,74.5246031128626));
#3471=CARTESIAN_POINT('',(5.57210091211122,-29.6373543730025,73.893281314226));
#3472=CARTESIAN_POINT('',(5.96297372360701,-29.6373543730028,72.4345241224264));
#3473=CARTESIAN_POINT('',(5.57210091211121,-31.9999999999857,73.8932813142264));
#3474=CARTESIAN_POINT('',(6.05773781440223,-29.0292151539898,72.0808597208456));
#3475=CARTESIAN_POINT('',(6.05773781440231,-24.3873543730028,72.0808597208447));
#3476=CARTESIAN_POINT('',(5.39935362038604,-27.888860279053,74.5379829838141));
#3477=CARTESIAN_POINT('Origin',(5.40293874600237,-31.9999999999854,75.5704548826474));
#3478=CARTESIAN_POINT('',(5.40293874600236,-29.6373543730024,75.1578396683504));
#3479=CARTESIAN_POINT('',(5.40293874600235,-27.9373543730022,75.1578396683499));
#3480=CARTESIAN_POINT('',(5.40293874600227,-29.6373543730093,37.785227441327));
#3481=CARTESIAN_POINT('Origin',(4.05839255660129,-25.5662475856068,71.4289275869425));
#3482=CARTESIAN_POINT('Origin',(0.262182856667987,-18.9910195091365,70.5279454502285));
#3483=CARTESIAN_POINT('',(6.2134705625656,-29.2989521862116,69.7649417532342));
#3484=CARTESIAN_POINT('Origin',(6.696500263228,-30.1355841693233,71.7057359999999));
#3485=CARTESIAN_POINT('',(6.13106846107065,-29.156227559772,69.2804753053239));
#3486=CARTESIAN_POINT('Origin',(0.262182856667987,-18.9910195091365,70.5279454502285));
#3487=CARTESIAN_POINT('',(6.12709864012517,-29.1493516281975,69.2617987661745));
#3488=CARTESIAN_POINT('Origin',(-0.000762742920300305,-31.999999999985,
77.7057360000002));
#3489=CARTESIAN_POINT('',(1.77080788552692,-31.5999999999849,78.6339264483582));
#3490=CARTESIAN_POINT('',(1.77080788552695,-31.9999999999848,78.6339264483582));
#3491=CARTESIAN_POINT('',(1.9992372570797,-31.999999999985,77.7057360000002));
#3492=CARTESIAN_POINT('Origin',(-0.000762742920297582,-32.5281904483431,
77.7057360000003));
#3493=CARTESIAN_POINT('Origin',(-6.69802573677199,-31.9999999999862,71.7057360000002));
#3494=CARTESIAN_POINT('',(-5.87624314085741,-31.9999999999865,69.8823673140094));
#3495=CARTESIAN_POINT('Origin',(6.69650026322801,-31.9999999999861,71.7057360000002));
#3496=CARTESIAN_POINT('',(5.87471766731343,-31.9999999999865,69.8823673140094));
#3497=CARTESIAN_POINT('',(5.8747180697007,-29.6373543730025,73.5291048673444));
#3498=CARTESIAN_POINT('',(5.87471806970071,-31.9999999999858,73.5291048673448));
#3499=CARTESIAN_POINT('',(6.21347056256559,-29.6373543730031,69.7649417532343));
#3500=CARTESIAN_POINT('Origin',(6.696500263228,-29.6373543730028,71.7057359999998));
#3501=CARTESIAN_POINT('',(6.21347056256554,-31.9999999999865,69.7649417532348));
#3502=CARTESIAN_POINT('Origin',(5.71077796062528,-31.9999999999857,73.8130575242197));
#3503=CARTESIAN_POINT('',(5.71077796062527,-29.6373543730025,73.8130575242192));
#3504=CARTESIAN_POINT('',(20.9779250252759,-29.6373543730077,47.36957766834));
#3505=CARTESIAN_POINT('',(5.71077796062528,-31.9999999999857,73.8130575242197));
#3506=CARTESIAN_POINT('Origin',(5.63413784836769,-31.9999999999857,73.9458020566129));
#3507=CARTESIAN_POINT('',(5.63413784836768,-29.6373543730025,73.9458020566125));
#3508=CARTESIAN_POINT('',(20.9396082693671,-29.6373543730077,47.4359568300553));
#3509=CARTESIAN_POINT('',(5.63413784836769,-31.9999999999857,73.9458020566129));
#3510=CARTESIAN_POINT('Origin',(5.02218426322801,-31.9999999999856,74.6057360000002));
#3511=CARTESIAN_POINT('Origin',(5.02218426322799,-29.6373543730023,74.6057359999998));
#3512=CARTESIAN_POINT('',(4.75664129440382,-31.9999999999854,75.4656702601085));
#3513=CARTESIAN_POINT('Origin',(-0.000762742920300305,-31.999999999985,
77.7057360000002));
#3514=CARTESIAN_POINT('',(-1.77233337136753,-31.5999999999849,78.6339264483582));
#3515=CARTESIAN_POINT('',(-1.77233337136755,-31.9999999999849,78.6339264483582));
#3516=CARTESIAN_POINT('',(-1.92975596485326,-31.9999999999849,78.2339264483583));
#3517=CARTESIAN_POINT('Origin',(-0.000762742920297582,-32.5281904483431,
77.7057360000003));
#3518=CARTESIAN_POINT('',(-2.0007627429203,-31.999999999985,77.7057360000002));
#3519=CARTESIAN_POINT('Origin',(-0.000762742920300305,-31.999999999985,
77.7057360000002));
#3520=CARTESIAN_POINT('',(-2.0007627429203,-31.999999999985,77.7057360000002));
#3521=CARTESIAN_POINT('Origin',(-3.46486378304613,-31.999999999985,77.7057360000002));
#3522=CARTESIAN_POINT('',(-3.46486378304613,-31.999999999985,77.7057360000002));
#3523=CARTESIAN_POINT('',(3.26756882317304,-31.999999999985,77.7057360000002));
#3524=CARTESIAN_POINT('',(-3.46486378304613,-31.999999999985,77.7057360000002));
#3525=CARTESIAN_POINT('Origin',(-5.87624327698534,-31.9999999999858,73.5291047473432));
#3526=CARTESIAN_POINT('',(-2.4691571669707,-31.9999999999847,79.4303502225357));
#3527=CARTESIAN_POINT('Origin',(-3.46486377309181,-31.9999999999873,65.7057370000002));
#3528=CARTESIAN_POINT('',(-3.46486377309181,-31.9999999999873,65.7057370000002));
#3529=CARTESIAN_POINT('Origin',(5.87471766731343,-31.9999999999865,69.8823673140094));
#3530=CARTESIAN_POINT('Origin',(4.68000118214623,-31.9999999999854,75.5984147925018));
#3531=CARTESIAN_POINT('',(4.68000118214623,-31.9999999999854,75.5984147925018));
#3532=CARTESIAN_POINT('Origin',(3.46333829720553,-31.999999999985,77.7057360000002));
#3533=CARTESIAN_POINT('',(3.46333829720553,-31.999999999985,77.7057360000002));
#3534=CARTESIAN_POINT('Origin',(1.9992372570797,-31.999999999985,77.7057360000002));
#3535=CARTESIAN_POINT('Origin',(80.,1.54578318657891E-11,78.6339264483521));
#3536=CARTESIAN_POINT('',(9.00000142939219,-31.5999999999848,78.6339264483583));
#3537=CARTESIAN_POINT('',(42.6500007146962,-31.5999999999847,78.6339264483582));
#3538=CARTESIAN_POINT('',(9.00000142939221,-26.4015679353742,78.6339264483572));
#3539=CARTESIAN_POINT('',(9.00000142939225,-13.4952578898661,78.6339264483547));
#3540=CARTESIAN_POINT('',(8.18578786701952,-25.5873543730015,78.633926448357));
#3541=CARTESIAN_POINT('',(8.09605605495064,-25.4976225609326,78.633926448357));
#3542=CARTESIAN_POINT('',(-1.54613415948013,-25.5873543730013,78.633926448357));
#3543=CARTESIAN_POINT('',(38.8750007146959,-25.587354373002,78.633926448357));
#3544=CARTESIAN_POINT('',(-4.35857721437047,-28.3997974278917,78.6339264483576));
#3545=CARTESIAN_POINT('',(20.857169895469,-3.18405031805224,78.6339264483527));
#3546=CARTESIAN_POINT('',(-4.35857721437046,-28.9758857474955,78.6339264483577));
#3547=CARTESIAN_POINT('',(-4.35857721437047,-16.0249999999847,78.6339264483552));
#3548=CARTESIAN_POINT('',(-6.65857721437046,-31.2758857474955,78.6339264483581));
#3549=CARTESIAN_POINT('',(23.2600446265431,-1.35726390658201,78.6339264483524));
#3550=CARTESIAN_POINT('',(-6.65857721437046,-31.5999999999849,78.6339264483582));
#3551=CARTESIAN_POINT('',(-6.65857721437046,-17.0999999999847,78.6339264483554));
#3552=CARTESIAN_POINT('',(42.6500007146962,-31.5999999999847,78.6339264483582));
#3553=CARTESIAN_POINT('Origin',(5.30000142939221,-31.7999999999848,78.4339264483583));
#3554=CARTESIAN_POINT('',(8.83431600444293,-31.9999999999848,78.2339264483584));
#3555=CARTESIAN_POINT('Origin',(-8.39999857060779,-31.7999999999846,80.0996050228825));
#3556=CARTESIAN_POINT('',(-8.19999857060779,-31.9999999999852,77.0925050921209));
#3557=CARTESIAN_POINT('',(-8.19999857060779,-31.9999999999846,80.0996050228825));
#3558=CARTESIAN_POINT('',(-7.24191168944131,-32.9580868811514,78.0505919732876));
#3559=CARTESIAN_POINT('Origin',(-5.15143483426073E-13,-29.6373543730163,
7.05803054214352E-12));
#3560=CARTESIAN_POINT('',(7.01040958718923,-29.6373543730022,75.6271073368619));
#3561=CARTESIAN_POINT('Origin',(6.36679777514814,-29.6373543730025,74.8439719777729));
#3562=CARTESIAN_POINT('',(7.00708470518251,-29.6373543730022,75.6404687311782));
#3563=CARTESIAN_POINT('',(7.00708470518251,-29.6373543730022,75.6404687311782));
#3564=CARTESIAN_POINT('',(7.58932844320408,-29.6373543730021,75.7853556855069));
#3565=CARTESIAN_POINT('',(7.58932844320408,-29.6373543730021,75.7853556855069));
#3566=CARTESIAN_POINT('',(8.83135721100873,-29.637354373002,76.9097757907372));
#3567=CARTESIAN_POINT('Origin',(9.83088688680706,-29.6373543730023,75.1774535264924));
#3568=CARTESIAN_POINT('',(9.90000142939217,-29.6373543730019,77.5263710000646));
#3569=CARTESIAN_POINT('',(-10.543349597893,-29.6373543730037,65.7307966740361));
#3570=CARTESIAN_POINT('',(9.90000142939219,-29.6373543730035,68.5853966942083));
#3571=CARTESIAN_POINT('',(9.9000014293922,-29.6373543730089,40.0498025114446));
#3572=CARTESIAN_POINT('',(5.86271972319872,-29.6373543730036,68.0179937532912));
#3573=CARTESIAN_POINT('',(0.369703682979443,-29.6373543730036,67.2460006939652));
#3574=CARTESIAN_POINT('',(6.13106846107064,-29.6373543730034,69.280475305324));
#3575=CARTESIAN_POINT('',(6.2471975166146,-29.6373543730033,69.8268195566214));
#3576=CARTESIAN_POINT('Origin',(0.262182856667801,-29.637354373003,70.5279454502305));
#3577=CARTESIAN_POINT('',(8.52442732230397,-29.6373543730032,70.3710968902889));
#3578=CARTESIAN_POINT('',(8.99727632834672,-29.6373543730036,68.4709025348096));
#3579=CARTESIAN_POINT('',(15.9340138420964,-29.6373543730089,40.5948801669484));
#3580=CARTESIAN_POINT('',(9.39554632874758,-29.6373543730035,68.5268757331028));
#3581=CARTESIAN_POINT('',(-0.132511660567172,-29.6373543730036,67.1877945101918));
#3582=CARTESIAN_POINT('',(8.91258981431835,-29.6373543730032,70.4676881931747));
#3583=CARTESIAN_POINT('',(17.1506310614769,-29.6373543730096,37.3622374509541));
#3584=CARTESIAN_POINT('',(8.91258981431835,-29.6373543730032,70.4676881931747));
#3585=CARTESIAN_POINT('Origin',(0.262182856667899,-23.987354373003,70.5279454502295));
#3586=CARTESIAN_POINT('Origin',(0.262182856667899,-23.987354373003,70.5279454502295));
#3587=CARTESIAN_POINT('',(6.1310684610707,-26.3373543730033,69.2804753053234));
#3588=CARTESIAN_POINT('Origin',(3.87084985976434,-31.9999999999872,66.2966662768796));
#3589=CARTESIAN_POINT('',(4.59870191777409,-29.6763871925404,66.2966662768792));
#3590=CARTESIAN_POINT('Origin',(4.02954512453111,-27.9373543610098,67.5246129864508));
#3591=CARTESIAN_POINT('',(4.10012748918968,-28.560495621619,66.3216855695234));
#3592=CARTESIAN_POINT('Origin',(7.7013944723543,-26.9373543730041,65.6921709922395));
#3593=CARTESIAN_POINT('',(5.8627197231987,-30.2702780918971,68.0179937532913));
#3594=CARTESIAN_POINT('Origin',(18.5038569644319,-26.9373543729926,127.489868636445));
#3595=CARTESIAN_POINT('',(8.16450482547924,-30.9373543730036,68.3414885528715));
#3596=CARTESIAN_POINT('Origin',(8.16450482547932,-26.9373543730036,68.3414885528707));
#3597=CARTESIAN_POINT('',(7.51355590774047,-30.9373543730043,64.6176020381304));
#3598=CARTESIAN_POINT('',(7.70139447235423,-30.9373543730041,65.6921709922403));
#3599=CARTESIAN_POINT('Origin',(8.2538198016664,-26.9373543730035,68.8524331543962));
#3600=CARTESIAN_POINT('Origin',(1.59142278562576,-27.9373543730027,72.2913445566878));
#3601=CARTESIAN_POINT('',(7.26524793664511,-27.9373543730022,75.4312440632309));
#3602=CARTESIAN_POINT('',(6.18085872988345,-27.937354373002,76.3813971679854));
#3603=CARTESIAN_POINT('',(6.84142364446314,-27.9373543730019,77.1344273573402));
#3604=CARTESIAN_POINT('',(8.15850235579718,-27.9373543730029,71.8416055452699));
#3605=CARTESIAN_POINT('',(6.42309160821233,-27.9373543730018,77.5009742397543));
#3606=CARTESIAN_POINT('',(7.26174176934846,-27.937354373002,76.7661402434017));
#3607=CARTESIAN_POINT('',(3.47078869551309,-27.9373543730024,74.2260015445402));
#3608=CARTESIAN_POINT('Origin',(6.74976967620768,-24.9873543730021,75.8829114779728));
#3609=CARTESIAN_POINT('',(7.26524793664973,-24.4873543730073,75.4312440632311));
#3610=CARTESIAN_POINT('Origin',(9.49840769225686,-30.0063186237408,74.9856169217234));
#3611=CARTESIAN_POINT('',(7.90504822472594,-28.8373543730024,74.5166019415119));
#3612=CARTESIAN_POINT('',(9.21706365267909,-27.3813631492901,75.2736194909664));
#3613=CARTESIAN_POINT('',(8.1260460407287,-28.5921050613677,74.6441150953521));
#3614=CARTESIAN_POINT('',(9.90000142953467,-27.0282442361924,77.0815705175727));
#3615=CARTESIAN_POINT('Ctrl Pts',(9.21706365267912,-27.3813631492901,75.2736194909664));
#3616=CARTESIAN_POINT('Ctrl Pts',(9.21339150639816,-27.3442759458121,75.4419604321986));
#3617=CARTESIAN_POINT('Ctrl Pts',(9.22746160401422,-27.3146314949848,75.6151948520952));
#3618=CARTESIAN_POINT('Ctrl Pts',(9.32141260814416,-27.2323302401428,76.1600547590439));
#3619=CARTESIAN_POINT('Ctrl Pts',(9.49201084838933,-27.2009968077641,76.5572619662706));
#3620=CARTESIAN_POINT('Ctrl Pts',(9.78299449961294,-27.084541517448,76.9478369856311));
#3621=CARTESIAN_POINT('Ctrl Pts',(9.8405578282406,-27.0589999341418,77.0170095438732));
#3622=CARTESIAN_POINT('Ctrl Pts',(9.90000142961897,-27.0282442362226,77.0815705175094));
#3623=CARTESIAN_POINT('',(9.90000142939217,-28.4514410292354,77.5263710000644));
#3624=CARTESIAN_POINT('Origin',(9.90000142939218,-29.5606554521734,75.2173318088241));
#3625=CARTESIAN_POINT('',(8.49887801645851,-30.0063186237404,76.7179391859683));
#3626=CARTESIAN_POINT('Origin',(8.00304092262582,-31.6657814977487,74.1228077935963));
#3627=CARTESIAN_POINT('Origin',(6.22255445163333,-24.5060795165571,75.3742127061914));
#3628=CARTESIAN_POINT('',(6.39469271437174,-28.4820456579813,77.7717671197783));
#3629=CARTESIAN_POINT('',(6.64067005383403,-23.7641959466655,75.4262915337403));
#3630=CARTESIAN_POINT('',(3.87647168169474,-25.9638246253051,73.58074352307));
#3631=CARTESIAN_POINT('Origin',(-6.54567179467074,-29.6487667654229,77.5632157702391));
#3632=CARTESIAN_POINT('',(-6.29999857060778,-28.1717226914616,76.6925050921202));
#3633=CARTESIAN_POINT('',(-6.29999857060779,-29.6447461086806,77.7340899392828));
#3634=CARTESIAN_POINT('',(-7.24847074557799,-31.0315438465133,78.0440329171505));
#3635=CARTESIAN_POINT('',(-5.24437994273903,-28.6089742438183,77.7481237199891));
#3636=CARTESIAN_POINT('Origin',(-7.7292878924891,-34.199999999985,77.56321577024));
#3637=CARTESIAN_POINT('',(-7.05857721437027,-31.999999999985,78.2339264483584));
#3638=CARTESIAN_POINT('',(-2.66286824885807,-31.9999999999841,82.6296354138707));
#3639=CARTESIAN_POINT('',(-5.52238433311619,-30.4638071187304,79.7701193296122));
#3640=CARTESIAN_POINT('Origin',(-5.42928789248913,-32.049999999985,77.5632157702396));
#3641=CARTESIAN_POINT('',(-6.29999857060778,-27.5956343718578,76.6925050921201));
#3642=CARTESIAN_POINT('',(-11.5296507176171,-25.429441526074,71.4628529451104));
#3643=CARTESIAN_POINT('',(-6.29999857060779,-30.0694399894861,76.6925050921206));
#3644=CARTESIAN_POINT('Origin',(-19.8633422574168,-24.7904185877677,65.1181856919899));
#3645=CARTESIAN_POINT('',(-3.77701971332026,-20.201520212819,73.2480922881727));
#3646=CARTESIAN_POINT('',(-6.29999857060779,-25.4701970854766,75.1895939739326));
#3647=CARTESIAN_POINT('',(-9.55017918976369,-28.7203777046325,75.1895939739332));
#3648=CARTESIAN_POINT('',(-6.29999857060779,-24.8999455561275,74.7863652505477));
#3649=CARTESIAN_POINT('Origin',(5.30000142939221,-31.7999999999848,78.4339264483583));
#3650=CARTESIAN_POINT('',(5.30000142939221,-31.9999999999849,78.2339264483584));
#3651=CARTESIAN_POINT('Origin',(10.0000014293922,-31.9999999999845,80.0996050228825));
#3652=CARTESIAN_POINT('Origin',(-6.29999857060779,-28.0888799789863,80.0996050228817));
#3653=CARTESIAN_POINT('',(-6.29999857060779,-25.4701970854757,80.0996050228812));
#3654=CARTESIAN_POINT('Origin',(9.00000142939218,-24.9873543730013,58.6144367829404));
#3655=CARTESIAN_POINT('',(10.7000014293922,-26.6873543730013,70.2558254548145));
#3656=CARTESIAN_POINT('',(9.98284414186855,-25.9701970854777,73.36217494379));
#3657=CARTESIAN_POINT('',(10.2380441773217,-26.2253971209308,72.2567821471084));
#3658=CARTESIAN_POINT('',(10.7000014293922,-26.6873543730013,70.2029841682745));
#3659=CARTESIAN_POINT('',(10.7000014293922,-26.6873543730013,57.1716551744098));
#3660=CARTESIAN_POINT('',(9.44186893008769,-25.4292218736968,68.5333859501599));
#3661=CARTESIAN_POINT('',(8.00072918305204,-23.9880821266612,66.6209289116246));
#3662=CARTESIAN_POINT('',(7.51293935846612,-23.5002923020752,68.2622925780817));
#3663=CARTESIAN_POINT('',(7.83565274778007,-23.8230056913892,73.1175333861638));
#3664=CARTESIAN_POINT('Origin',(8.09605605495064,-25.4976225609328,77.633926448357));
#3665=CARTESIAN_POINT('',(9.40000142939184,-25.670197085476,78.2339264483576));
#3666=CARTESIAN_POINT('Origin',(10.0000014293923,-27.4015679353745,77.6339264483574));
#3667=CARTESIAN_POINT('',(8.91715871691789,-25.187354373002,78.2339264483574));
#3668=CARTESIAN_POINT('',(8.66174147989963,-24.9319371359837,78.2339264483574));
#3669=CARTESIAN_POINT('Origin',(7.18578786701951,-24.5873543730017,77.6339264483568));
#3670=CARTESIAN_POINT('Origin',(10.7000014293922,-31.1999999999891,55.7288735658793));
#3671=CARTESIAN_POINT('',(10.7000014293922,-27.1539992509248,70.2558254548146));
#3672=CARTESIAN_POINT('',(10.7000014293922,-28.593677186495,70.2558254548149));
#3673=CARTESIAN_POINT('',(10.7000014293922,-27.1667592727074,70.2029841682746));
#3674=CARTESIAN_POINT('',(10.7000014293922,-28.9293745215893,62.9037131315703));
#3675=CARTESIAN_POINT('',(10.7000014293922,-29.0952578898679,70.202984168275));
#3676=CARTESIAN_POINT('Origin',(9.50000142939216,-26.9905157797474,78.1339264483574));
#3677=CARTESIAN_POINT('',(9.90000142939219,-31.5999999999849,77.7339264483583));
#3678=CARTESIAN_POINT('',(9.50000142939219,-31.5999999999849,78.1339264483583));
#3679=CARTESIAN_POINT('',(9.90000142939216,-26.1701970854764,77.7339264483573));
#3680=CARTESIAN_POINT('',(9.90000142939216,-26.4889350763746,77.7339264483573));
#3681=CARTESIAN_POINT('',(9.0729140930249,-25.343109749109,78.5610137847244));
#3682=CARTESIAN_POINT('Origin',(1.51972438015517,-27.9936771864957,67.4200011424799));
#3683=CARTESIAN_POINT('',(9.4418689300877,-28.7908305562024,68.5333859501606));
#3684=CARTESIAN_POINT('',(9.4418689300877,-26.9905157797497,68.5333859501602));
#3685=CARTESIAN_POINT('',(9.39554632874759,-28.8373543730036,68.5268757331027));
#3686=CARTESIAN_POINT('',(7.21242246637434,-31.0299612579569,68.2200576832265));
#3687=CARTESIAN_POINT('',(9.3955463287476,-28.8373543730035,68.5268757331027));
#3688=CARTESIAN_POINT('',(8.99727632834674,-28.8373543730036,68.4709025348094));
#3689=CARTESIAN_POINT('Origin',(10.0376354075348,-26.9905157797496,69.3239947689514));
#3690=CARTESIAN_POINT('',(9.96660984734936,-28.1134641774859,69.2297406671049));
#3691=CARTESIAN_POINT('Origin',(12.9486664237989,-31.8369780084425,68.4071462716267));
#3692=CARTESIAN_POINT('',(9.82604541248065,-31.6739560168988,65.7987611589546));
#3693=CARTESIAN_POINT('',(13.0012594866529,-31.6739560168983,68.3414705664576));
#3694=CARTESIAN_POINT('',(11.0807754013275,-30.4192260280519,65.9739048447492));
#3695=CARTESIAN_POINT('Origin',(7.23575126742857,-23.3986883329431,74.7398610047206));
#3696=CARTESIAN_POINT('',(6.71687986797371,-28.8042328115833,77.6349198572101));
#3697=CARTESIAN_POINT('',(7.4757261794573,-23.5223349587587,74.5854147100484));
#3698=CARTESIAN_POINT('',(5.11309392540969,-27.2004468690191,78.3161193201043));
#3699=CARTESIAN_POINT('Origin',(3.73049742539643,-25.8178503690072,71.4289275869426));
#3700=CARTESIAN_POINT('',(7.25364624920916,-29.3409991951047,75.4778666903327));
#3701=CARTESIAN_POINT('',(8.01850402178635,-30.105856965397,72.404203839153));
#3702=CARTESIAN_POINT('',(7.20316616373378,-29.2905191073627,75.4167067103016));
#3703=CARTESIAN_POINT('Origin',(9.95574093125443,-32.0430938748492,74.3775109481856));
#3704=CARTESIAN_POINT('Origin',(6.36679777514817,-28.4541507187583,74.8439719777726));
#3705=CARTESIAN_POINT('Ctrl Pts',(7.61576577605786,-31.6136564597105,77.0118471093287));
#3706=CARTESIAN_POINT('Ctrl Pts',(6.3136461781141,-31.6136564597105,76.6878244871896));
#3707=CARTESIAN_POINT('Ctrl Pts',(7.75869806986713,-30.6255054163564,76.4374583838767));
#3708=CARTESIAN_POINT('Ctrl Pts',(6.45657847192337,-30.6255054163564,76.1134357617376));
#3709=CARTESIAN_POINT('Ctrl Pts',(7.9016303636764,-29.6373543730022,75.8630696584248));
#3710=CARTESIAN_POINT('Ctrl Pts',(6.59951076573264,-29.6373543730022,75.5390470362857));
#3711=CARTESIAN_POINT('Ctrl Pts',(8.01734732396952,-28.8373543730022,75.3980486644664));
#3712=CARTESIAN_POINT('Ctrl Pts',(6.71522772602576,-28.8373543730022,75.0740260423273));
#3713=CARTESIAN_POINT('Ctrl Pts',(8.21735014519826,-28.8373543730024,74.5943159144298));
#3714=CARTESIAN_POINT('Ctrl Pts',(6.9152305472545,-28.8373543730024,74.2702932922907));
#3715=CARTESIAN_POINT('Ctrl Pts',(8.26579146904053,-28.8373543730025,74.3996492682897));
#3716=CARTESIAN_POINT('Ctrl Pts',(6.96367187109677,-28.8373543730025,74.0756266461506));
#3717=CARTESIAN_POINT('Ctrl Pts',(8.31423279288279,-28.8373543730025,74.2049826221496));
#3718=CARTESIAN_POINT('Ctrl Pts',(7.01211319493903,-28.8373543730025,73.8809600000105));
#3719=CARTESIAN_POINT('',(7.51688573271156,-28.8373543730024,74.4200106386261));
#3720=CARTESIAN_POINT('Origin',(7.61487843061147,-31.6657814977487,74.0262164907104));
#3721=CARTESIAN_POINT('',(7.90504822472595,-28.8373543730024,74.5166019415119));
#3722=CARTESIAN_POINT('',(7.01040958718922,-29.6146949580862,75.6271073368619));
#3723=CARTESIAN_POINT('Origin',(7.42079718460425,-31.6657814977487,73.9779208392675));
#3724=CARTESIAN_POINT('Ctrl Pts',(7.01040958718975,-29.6146949580853,75.6271073368615));
#3725=CARTESIAN_POINT('Ctrl Pts',(7.03454517485457,-29.5740116632453,75.6072717501633));
#3726=CARTESIAN_POINT('Ctrl Pts',(7.05845880397261,-29.5339100831737,75.585750579604));
#3727=CARTESIAN_POINT('Ctrl Pts',(7.0818942152347,-29.4946487907267,75.5624246461024));
#3728=CARTESIAN_POINT('Ctrl Pts',(7.08553238606457,-29.4885537712143,75.5588034708691));
#3729=CARTESIAN_POINT('Ctrl Pts',(7.08915894033261,-29.482479002819,75.5551388464545));
#3730=CARTESIAN_POINT('Ctrl Pts',(7.09277281769803,-29.4764254529593,75.5514303813903));
#3731=CARTESIAN_POINT('Ctrl Pts',(7.09800332347319,-29.467663913953,75.5460629751467));
#3732=CARTESIAN_POINT('Ctrl Pts',(7.10320740210575,-29.458946924339,75.5406036047468));
#3733=CARTESIAN_POINT('Ctrl Pts',(7.10838188562216,-29.4502775557061,75.5350509619322));
#3734=CARTESIAN_POINT('Ctrl Pts',(7.12950547105603,-29.4148869416682,75.5123836320422));
#3735=CARTESIAN_POINT('Ctrl Pts',(7.15019749134744,-29.3801883551575,75.4880975831845));
#3736=CARTESIAN_POINT('Ctrl Pts',(7.17019787332215,-29.3464288517816,75.4621025768442));
#3737=CARTESIAN_POINT('Ctrl Pts',(7.17393726659433,-29.3401169693408,75.4572423920766));
#3738=CARTESIAN_POINT('Ctrl Pts',(7.17765235703776,-29.3338379137903,75.4523225433843));
#3739=CARTESIAN_POINT('Ctrl Pts',(7.18134127034634,-29.3275932997985,75.4473425518686));
#3740=CARTESIAN_POINT('Ctrl Pts',(7.18872585598642,-29.3150926301013,75.4373734442321));
#3741=CARTESIAN_POINT('Ctrl Pts',(7.19600587050691,-29.3027301317017,75.4271629347279));
#3742=CARTESIAN_POINT('Ctrl Pts',(7.20316616372828,-29.2905191073655,75.4167067102958));
#3743=CARTESIAN_POINT('Origin',(6.36679777514824,-24.3873543730023,74.8439719777719));
#3744=CARTESIAN_POINT('',(7.01040958718933,-24.3873543730022,75.6271073368609));
#3745=CARTESIAN_POINT('Origin',(-2.24999857060782,-24.9873543730016,78.0339264483571));
#3746=CARTESIAN_POINT('',(6.70310628774232,-22.9733019438269,76.0198740191815));
#3747=CARTESIAN_POINT('Origin',(8.64682849380554,-23.9873543730037,69.8792146779561));
#3748=CARTESIAN_POINT('',(8.52442732230398,-28.8373543730032,70.3710968902887));
#3749=CARTESIAN_POINT('',(8.52442732230401,-26.4123543730034,70.3710968902883));
#3750=CARTESIAN_POINT('',(8.08185711325851,-28.8373543730028,72.1496126582916));
#3751=CARTESIAN_POINT('Origin',(10.0000014293921,-28.8373543730019,77.5840698299201));
#3752=CARTESIAN_POINT('',(9.90000142939217,-27.4123543730018,77.5263710000642));
#3753=CARTESIAN_POINT('Origin',(9.90000142939216,-25.9873543730013,80.0996050228814));
#3754=CARTESIAN_POINT('',(9.90000142939213,-26.1701970854765,77.081570517263));
#3755=CARTESIAN_POINT('',(9.90000142939216,-24.9873543730019,77.0815705172627));
#3756=CARTESIAN_POINT('',(9.90000142939216,-26.1701970854759,80.0996050228814));
#3757=CARTESIAN_POINT('',(9.9000014293922,-31.5999999999872,65.9253225661042));
#3758=CARTESIAN_POINT('',(9.90000142939219,-31.5999999999845,80.0996050228825));
#3759=CARTESIAN_POINT('',(9.9000014293922,-30.9373543730039,66.5286660913405));
#3760=CARTESIAN_POINT('',(9.90000142939216,-25.1757602699637,71.7746382302263));
#3761=CARTESIAN_POINT('',(9.9000014293922,-30.9373543730035,68.5853966942085));
#3762=CARTESIAN_POINT('',(9.90000142939219,-30.9373543730026,73.7888309779123));
#3763=CARTESIAN_POINT('',(9.90000142939218,-27.5123543730035,68.5853966942079));
#3764=CARTESIAN_POINT('Origin',(8.11245989062293,-29.5397755060471,70.774257946502));
#3765=CARTESIAN_POINT('',(8.91258981431836,-28.8373543730032,70.4676881931746));
#3766=CARTESIAN_POINT('',(9.09482003149269,-28.8373543730033,69.7353765553214));
#3767=CARTESIAN_POINT('',(9.09482003149269,-28.8373543730033,69.7353765553214));
#3768=CARTESIAN_POINT('',(9.94357032467489,-27.0968501129936,73.5322885354555));
#3769=CARTESIAN_POINT('',(8.92315018772616,-27.0197563356613,77.9522137402829));
#3770=CARTESIAN_POINT('Origin',(11.802345510801,-24.8589714392309,75.33001416888));
#3771=CARTESIAN_POINT('Origin',(9.35858007315488,-31.7999999999849,77.992505092121));
#3772=CARTESIAN_POINT('',(9.74768732184986,-31.7523141075273,77.6708358792735));
#3773=CARTESIAN_POINT('Origin',(9.70000142939219,-31.7999999999845,80.0996050228825));
#3774=CARTESIAN_POINT('',(12.6857727287116,-28.8142287006668,70.6926308983074));
#3775=CARTESIAN_POINT('Origin',(7.38518185491972,-25.9873543730009,84.6138864692467));
#3776=CARTESIAN_POINT('',(9.94357032467491,-25.9701970854776,73.5322885354553));
#3777=CARTESIAN_POINT('',(7.38518185491972,-25.9701970854755,84.6138864692467));
#3778=CARTESIAN_POINT('',(9.94357032467493,-24.9873543730026,73.5322885354551));
#3779=CARTESIAN_POINT('Origin',(11.802345510801,-24.9873543730023,75.33001416888));
#3780=CARTESIAN_POINT('',(9.33814211638267,-25.6083377724675,74.5460726681491));
#3781=CARTESIAN_POINT('Origin',(11.8023455108009,-28.0725411668855,75.3300141688806));
#3782=CARTESIAN_POINT('Origin',(11.8023455108009,-28.1857322606639,75.3300141688806));
#3783=CARTESIAN_POINT('Origin',(7.40891676110047,-27.8832240026114,67.314614357121));
#3784=CARTESIAN_POINT('',(8.01292916485304,-30.9373543730041,65.0174998242495));
#3785=CARTESIAN_POINT('Origin',(7.10741367342446,-30.9373543730042,64.6054116353206));
#3786=CARTESIAN_POINT('',(8.61996175643884,-30.9373543730036,68.4054988501195));
#3787=CARTESIAN_POINT('Origin',(9.3955463287476,-28.8373543730035,68.5268757331027));
#3788=CARTESIAN_POINT('',(8.91258981431836,-28.8373543730032,70.4676881931746));
#3789=CARTESIAN_POINT('Origin',(8.91258981431836,-28.8373543730032,70.4676881931746));
#3790=CARTESIAN_POINT('',(8.91258981431836,-28.8373543730032,70.4676881931746));
#3791=CARTESIAN_POINT('Origin',(7.90504822472595,-28.8373543730024,74.5166019415119));
#3792=CARTESIAN_POINT('Origin',(5.59095600874584,-24.1287757292383,84.1996567936695));
#3793=CARTESIAN_POINT('',(7.73523599464921,-24.0054316507341,74.3634445841186));
#3794=CARTESIAN_POINT('Origin',(7.85858007315484,-24.1287757292386,80.0996050228811));
#3795=CARTESIAN_POINT('Origin',(-6.35857721437048,-25.5287757292383,80.0996050228812));
#3796=CARTESIAN_POINT('Origin',(10.0000014293922,-29.0373543730036,68.5994507776784));
#3797=CARTESIAN_POINT('',(5.86271972319873,-29.0373543730036,68.0179937532911));
#3798=CARTESIAN_POINT('Origin',(7.66871539073965,-29.2373543730028,72.981634985012));
#3799=CARTESIAN_POINT('Origin',(6.4305595454494,-23.9873543730031,70.6894700784111));
#3800=CARTESIAN_POINT('Origin',(2.54999999999957,-24.987354373002,75.7057359999989));
#3801=CARTESIAN_POINT('',(1.11830497509973,-28.5999999999853,75.7057359999996));
#3802=CARTESIAN_POINT('',(-1.11983045098601,-25.987354373002,75.7057359999991));
#3803=CARTESIAN_POINT('Origin',(-0.000762737943159563,-28.599999999986,
71.7057364999996));
#3804=CARTESIAN_POINT('Origin',(3.46333829954781,-31.9999999999873,65.7057370000002));
#3805=CARTESIAN_POINT('Origin',(-0.000762737943159563,-28.599999999986,
71.7057364999996));
#3806=CARTESIAN_POINT('Origin',(-6.66208994978854,-29.5999999999861,71.7057359999997));
#3807=CARTESIAN_POINT('',(-6.74543316665687,-31.9999999999865,70.2064853419736));
#3808=CARTESIAN_POINT('',(-6.74543316665687,-31.9999999999859,73.2049866580258));
#3809=CARTESIAN_POINT('Origin',(-6.66208994978854,-31.999999999986,71.7057359999997));
#3810=CARTESIAN_POINT('',(-6.74543316665687,-29.5999999999861,73.2049866580258));
#3811=CARTESIAN_POINT('',(-6.74543316665687,-29.5999999999861,73.2049866580258));
#3812=CARTESIAN_POINT('',(-6.74543316665687,-29.5999999999861,70.2064853419736));
#3813=CARTESIAN_POINT('Origin',(-6.66208994978854,-29.5999999999861,71.7057359999997));
#3814=CARTESIAN_POINT('',(-6.74543316665687,-29.5999999999861,70.2064853419736));
#3815=CARTESIAN_POINT('Origin',(-6.698025736772,-29.5999999999861,71.7057359999997));
#3816=CARTESIAN_POINT('',(-5.70337112910744,-31.999999999986,72.8285281497103));
#3817=CARTESIAN_POINT('Origin',(-6.698025736772,-31.999999999986,71.7057359999997));
#3818=CARTESIAN_POINT('',(-5.70337112910744,-29.5999999999861,72.8285281497103));
#3819=CARTESIAN_POINT('',(-5.70337112910744,-29.5999999999861,72.8285281497103));
#3820=CARTESIAN_POINT('Origin',(-6.698025736772,-29.5999999999861,71.7057359999997));
#3821=CARTESIAN_POINT('Origin',(-3.17618866736082,-29.5999999999861,77.2057359999997));
#3822=CARTESIAN_POINT('',(-3.17618866736082,-31.9999999999851,77.2057359999997));
#3823=CARTESIAN_POINT('',(-3.75139073277022,-31.9999999999853,76.2094569286134));
#3824=CARTESIAN_POINT('',(-3.17618866736082,-29.5999999999861,77.2057359999997));
#3825=CARTESIAN_POINT('',(-3.17618866736082,-29.5999999999861,77.2057359999997));
#3826=CARTESIAN_POINT('',(-3.17618866736082,-29.5999999999861,77.2057359999997));
#3827=CARTESIAN_POINT('Origin',(-1.41497630529341,-29.5999999999861,77.2057359999997));
#3828=CARTESIAN_POINT('',(-1.41497630529341,-31.9999999999851,77.2057359999997));
#3829=CARTESIAN_POINT('',(-0.699276922364888,-31.9999999999851,77.2057359999997));
#3830=CARTESIAN_POINT('',(-1.41497630529341,-29.5999999999861,77.2057359999997));
#3831=CARTESIAN_POINT('',(-1.41497630529341,-29.5999999999861,77.2057359999997));
#3832=CARTESIAN_POINT('',(-1.41497630529341,-29.5999999999861,77.2057359999997));
#3833=CARTESIAN_POINT('Origin',(-0.000762742920323647,-29.5999999999861,
77.7057359999997));
#3834=CARTESIAN_POINT('',(1.41345081945278,-31.9999999999851,77.2057359999997));
#3835=CARTESIAN_POINT('Origin',(-0.000762742920323647,-31.999999999986,
77.7057359999997));
#3836=CARTESIAN_POINT('',(1.41345081945278,-29.5999999999861,77.2057359999997));
#3837=CARTESIAN_POINT('',(1.41345081945278,-29.5999999999861,77.2057359999997));
#3838=CARTESIAN_POINT('Origin',(-0.000762742920323647,-29.5999999999861,
77.7057359999997));
#3839=CARTESIAN_POINT('Origin',(3.1746632122617,-29.5999999999861,77.2057359999997));
#3840=CARTESIAN_POINT('',(3.1746632122617,-31.9999999999851,77.2057359999997));
#3841=CARTESIAN_POINT('',(1.59554283641267,-31.9999999999851,77.2057359999997));
#3842=CARTESIAN_POINT('',(3.1746632122617,-29.5999999999861,77.2057359999997));
#3843=CARTESIAN_POINT('',(3.1746632122617,-29.5999999999861,77.2057359999997));
#3844=CARTESIAN_POINT('',(3.1746632122617,-29.5999999999861,77.2057359999997));
#3845=CARTESIAN_POINT('Origin',(4.07863700505166,-29.5999999999861,75.6400080007751));
#3846=CARTESIAN_POINT('',(4.07863700505166,-31.9999999999854,75.6400080007751));
#3847=CARTESIAN_POINT('',(4.20614844956876,-31.9999999999854,75.4191517762978));
#3848=CARTESIAN_POINT('',(4.07863700505166,-29.5999999999861,75.6400080007751));
#3849=CARTESIAN_POINT('',(4.07863700505166,-29.5999999999861,75.6400080007751));
#3850=CARTESIAN_POINT('',(4.07863700505166,-29.5999999999861,75.6400080007751));
#3851=CARTESIAN_POINT('Origin',(5.02218426322799,-29.5999999999861,74.6057359999997));
#3852=CARTESIAN_POINT('',(5.23435702880097,-31.9999999999858,73.2219069941073));
#3853=CARTESIAN_POINT('Origin',(5.02218426322799,-31.999999999986,74.6057359999997));
#3854=CARTESIAN_POINT('',(5.23435702880097,-29.5999999999861,73.2219069941073));
#3855=CARTESIAN_POINT('',(5.23435702880097,-29.5999999999861,73.2219069941073));
#3856=CARTESIAN_POINT('Origin',(5.02218426322799,-29.5999999999861,74.6057359999997));
#3857=CARTESIAN_POINT('Origin',(5.42666882882881,-29.5999999999861,72.5041895855084));
#3858=CARTESIAN_POINT('',(5.42666882882881,-31.999999999986,72.5041895855084));
#3859=CARTESIAN_POINT('',(5.22026657136359,-31.9999999999858,73.2744932971655));
#3860=CARTESIAN_POINT('',(5.42666882882881,-29.5999999999861,72.5041895855084));
#3861=CARTESIAN_POINT('',(5.42666882882881,-29.5999999999861,72.5041895855084));
#3862=CARTESIAN_POINT('',(5.57477490125768,-29.5999999999861,71.9514501982944));
#3863=CARTESIAN_POINT('Origin',(6.69650026322799,-29.5999999999861,71.7057359999997));
#3864=CARTESIAN_POINT('',(5.70184557173871,-31.9999999999863,70.5829439245475));
#3865=CARTESIAN_POINT('Origin',(6.69650026322799,-31.999999999986,71.7057359999997));
#3866=CARTESIAN_POINT('',(5.70184557173871,-29.5999999999861,70.5829439245475));
#3867=CARTESIAN_POINT('',(5.70184557173871,-29.5999999999861,70.5829439245475));
#3868=CARTESIAN_POINT('Origin',(6.69650026322799,-29.5999999999861,71.7057359999997));
#3869=CARTESIAN_POINT('Origin',(3.17466320874827,-29.5999999999861,66.2057369999997));
#3870=CARTESIAN_POINT('',(3.17466320874827,-31.9999999999872,66.2057369999997));
#3871=CARTESIAN_POINT('',(4.18717432194593,-31.9999999999868,67.9594571591678));
#3872=CARTESIAN_POINT('',(3.17466320874827,-29.5999999999861,66.2057369999997));
#3873=CARTESIAN_POINT('',(3.17466320874827,-29.5999999999861,66.2057369999997));
#3874=CARTESIAN_POINT('',(3.17466320874827,-29.5999999999861,66.2057369999997));
#3875=CARTESIAN_POINT('Origin',(-3.17618868229229,-29.5999999999861,66.2057369999997));
#3876=CARTESIAN_POINT('',(-3.17618868229229,-31.9999999999872,66.2057369999997));
#3877=CARTESIAN_POINT('',(-1.57988311086433,-31.9999999999872,66.2057369999997));
#3878=CARTESIAN_POINT('',(-3.17618868229229,-29.5999999999861,66.2057369999997));
#3879=CARTESIAN_POINT('',(-3.17618868229229,-29.5999999999861,66.2057369999997));
#3880=CARTESIAN_POINT('',(-3.17618868229229,-29.5999999999861,66.2057369999997));
#3881=CARTESIAN_POINT('Origin',(-5.70337104528272,-29.5999999999861,70.5829439245475));
#3882=CARTESIAN_POINT('',(-5.70337104528272,-31.9999999999864,70.5829439245475));
#3883=CARTESIAN_POINT('',(-5.44799467569587,-31.9999999999865,70.1406192115819));
#3884=CARTESIAN_POINT('',(-5.70337104528272,-29.5999999999861,70.5829439245475));
#3885=CARTESIAN_POINT('',(-5.70337104528272,-29.5999999999861,70.5829439245475));
#3886=CARTESIAN_POINT('',(-5.70337104528272,-29.5999999999861,70.5829439245475));
#3887=CARTESIAN_POINT('Origin',(-6.698025736772,-29.5999999999861,71.7057359999997));
#3888=CARTESIAN_POINT('Origin',(-6.698025736772,-31.999999999986,71.7057359999997));
#3889=CARTESIAN_POINT('Origin',(-6.698025736772,-29.5999999999861,71.7057359999997));
#3890=CARTESIAN_POINT('Origin',(0.0164224605636231,-29.5999999999861,72.7057365025045));
#3891=CARTESIAN_POINT('Origin',(0.0164224605636243,-31.999999999986,72.7057364999997));
#3892=CARTESIAN_POINT('',(0.,0.,0.));
#3893=CARTESIAN_POINT('',(0.,0.,0.));
#3894=UNCERTAINTY_MEASURE_WITH_UNIT(LENGTH_MEASURE(0.01),#3902,
'DISTANCE_ACCURACY_VALUE',
'Maximum model space distance between geometric entities at asserted c
onnectivities');
#3895=UNCERTAINTY_MEASURE_WITH_UNIT(LENGTH_MEASURE(0.01),#3902,
'DISTANCE_ACCURACY_VALUE',
'Maximum model space distance between geometric entities at asserted c
onnectivities');
#3896=UNCERTAINTY_MEASURE_WITH_UNIT(LENGTH_MEASURE(0.01),#3902,
'DISTANCE_ACCURACY_VALUE',
'Maximum model space distance between geometric entities at asserted c
onnectivities');
#3897=UNCERTAINTY_MEASURE_WITH_UNIT(LENGTH_MEASURE(0.01),#3902,
'DISTANCE_ACCURACY_VALUE',
'Maximum model space distance between geometric entities at asserted c
onnectivities');
#3898=(
GEOMETRIC_REPRESENTATION_CONTEXT(3)
GLOBAL_UNCERTAINTY_ASSIGNED_CONTEXT((#3894))
GLOBAL_UNIT_ASSIGNED_CONTEXT((#3902,#3904,#3905))
REPRESENTATION_CONTEXT('','3D')
);
#3899=(
GEOMETRIC_REPRESENTATION_CONTEXT(3)
GLOBAL_UNCERTAINTY_ASSIGNED_CONTEXT((#3895))
GLOBAL_UNIT_ASSIGNED_CONTEXT((#3902,#3904,#3905))
REPRESENTATION_CONTEXT('','3D')
);
#3900=(
GEOMETRIC_REPRESENTATION_CONTEXT(3)
GLOBAL_UNCERTAINTY_ASSIGNED_CONTEXT((#3896))
GLOBAL_UNIT_ASSIGNED_CONTEXT((#3902,#3904,#3905))
REPRESENTATION_CONTEXT('','3D')
);
#3901=(
GEOMETRIC_REPRESENTATION_CONTEXT(3)
GLOBAL_UNCERTAINTY_ASSIGNED_CONTEXT((#3897))
GLOBAL_UNIT_ASSIGNED_CONTEXT((#3902,#3904,#3905))
REPRESENTATION_CONTEXT('','3D')
);
#3902=(
LENGTH_UNIT()
NAMED_UNIT(*)
SI_UNIT(.MILLI.,.METRE.)
);
#3903=(
LENGTH_UNIT()
NAMED_UNIT(*)
SI_UNIT($,.METRE.)
);
#3904=(
NAMED_UNIT(*)
PLANE_ANGLE_UNIT()
SI_UNIT($,.RADIAN.)
);
#3905=(
NAMED_UNIT(*)
SI_UNIT($,.STERADIAN.)
SOLID_ANGLE_UNIT()
);
#3906=SHAPE_DEFINITION_REPRESENTATION(#3909,#3914);
#3907=SHAPE_DEFINITION_REPRESENTATION(#3910,#3915);
#3908=SHAPE_DEFINITION_REPRESENTATION(#3911,#3916);
#3909=PRODUCT_DEFINITION_SHAPE('',$,#3918);
#3910=PRODUCT_DEFINITION_SHAPE('',$,#3919);
#3911=PRODUCT_DEFINITION_SHAPE('',$,#3920);
#3912=PRODUCT_DEFINITION_SHAPE($,$,#17);
#3913=PRODUCT_DEFINITION_SHAPE($,$,#18);
#3914=SHAPE_REPRESENTATION('',(#2324,#2513),#3898);
#3915=SHAPE_REPRESENTATION('',(#2325,#2512),#3899);
#3916=SHAPE_REPRESENTATION('',(#2326),#3900);
#3917=PRODUCT_DEFINITION_CONTEXT('part definition',#3928,'design');
#3918=PRODUCT_DEFINITION(
'Stealthburner_CW2_Assembly_Stealthburner Assembly - Release',
'Stealthburner_CW2_Assembly_Stealthburner Assembly - Release v1',#3921,
#3917);
#3919=PRODUCT_DEFINITION('RB_Barf_diffuser','RB_Barf_diffuser',#3922,#3917);
#3920=PRODUCT_DEFINITION('led_carrier (1)','led_carrier (1)',#3923,#3917);
#3921=PRODUCT_DEFINITION_FORMATION('',$,#3930);
#3922=PRODUCT_DEFINITION_FORMATION('',$,#3931);
#3923=PRODUCT_DEFINITION_FORMATION('',$,#3932);
#3924=PRODUCT_RELATED_PRODUCT_CATEGORY(
'Stealthburner_CW2_Assembly_Stealthburner Assembly - Release v1',
'Stealthburner_CW2_Assembly_Stealthburner Assembly - Release v1',(#3930));
#3925=PRODUCT_RELATED_PRODUCT_CATEGORY('RB_Barf_diffuser',
'RB_Barf_diffuser',(#3931));
#3926=PRODUCT_RELATED_PRODUCT_CATEGORY('led_carrier (1)',
'led_carrier (1)',(#3932));
#3927=APPLICATION_PROTOCOL_DEFINITION('international standard',
'automotive_design',2009,#3928);
#3928=APPLICATION_CONTEXT(
'Core Data for Automotive Mechanical Design Process');
#3929=PRODUCT_CONTEXT('part definition',#3928,'mechanical');
#3930=PRODUCT(
'Stealthburner_CW2_Assembly_Stealthburner Assembly - Release',
'Stealthburner_CW2_Assembly_Stealthburner Assembly - Release v1',$,(#3929));
#3931=PRODUCT('RB_Barf_diffuser','RB_Barf_diffuser',$,(#3929));
#3932=PRODUCT('led_carrier (1)','led_carrier (1)',$,(#3929));
#3933=PRESENTATION_STYLE_ASSIGNMENT((#3936));
#3934=PRESENTATION_STYLE_ASSIGNMENT((#3937));
#3935=PRESENTATION_STYLE_ASSIGNMENT((#3938));
#3936=SURFACE_STYLE_USAGE(.BOTH.,#3939);
#3937=SURFACE_STYLE_USAGE(.BOTH.,#3940);
#3938=SURFACE_STYLE_USAGE(.BOTH.,#3941);
#3939=SURFACE_SIDE_STYLE('',(#3942));
#3940=SURFACE_SIDE_STYLE('',(#3943));
#3941=SURFACE_SIDE_STYLE('',(#3944));
#3942=SURFACE_STYLE_FILL_AREA(#3945);
#3943=SURFACE_STYLE_FILL_AREA(#3946);
#3944=SURFACE_STYLE_FILL_AREA(#3947);
#3945=FILL_AREA_STYLE('\X2\94A2\X0\ - \X2\7F0E5149\X0\',(#3948));
#3946=FILL_AREA_STYLE('Opaque(235,235,235)',(#3949));
#3947=FILL_AREA_STYLE('ABS(\X2\767D8272\X0\)',(#3950));
#3948=FILL_AREA_STYLE_COLOUR('\X2\94A2\X0\ - \X2\7F0E5149\X0\',#3951);
#3949=FILL_AREA_STYLE_COLOUR('Opaque(235,235,235)',#3952);
#3950=FILL_AREA_STYLE_COLOUR('ABS(\X2\767D8272\X0\)',#3953);
#3951=COLOUR_RGB('\X2\94A2\X0\ - \X2\7F0E5149\X0\',0.627450980392157,0.627450980392157,
0.627450980392157);
#3952=COLOUR_RGB('Opaque(235,235,235)',0.92156862745098,0.92156862745098,
0.92156862745098);
#3953=COLOUR_RGB('ABS(\X2\767D8272\X0\)',0.964705882352941,0.964705882352941,
0.952941176470588);
ENDSEC;
END-ISO-10303-21;
