ISO-10303-21;
HEADER;
/* Generated by software containing ST-Developer
 * from STEP Tools, Inc. (www.steptools.com) 
 */

FILE_DESCRIPTION(
/* description */ ('',
'CAx-IF Rec.Pracs.---Representation and Presentation of Product Manufa
cturing Information (PMI)---4.0---2014-10-13'),
/* implementation_level */ '2;1');

FILE_NAME(
/* name */ 'Door.step',
/* time_stamp */ '2025-03-15T21:00:00+01:00',
/* author */ (''),
/* organization */ (''),
/* preprocessor_version */ 'ST-DEVELOPER v20',
/* originating_system */ 'Autodesk Translation Framework v13.20.0.188',

/* authorisation */ '');

FILE_SCHEMA (('AP242_MANAGED_MODEL_BASED_3D_ENGINEERING_MIM_LF { 1 0 10303 442 1 1 4 }'));
ENDSEC;

DATA;
#10=MECHANICAL_DESIGN_GEOMETRIC_PRESENTATION_REPRESENTATION('',(#13),#13664);
#11=SHAPE_REPRESENTATION_RELATIONSHIP('SRR','None',#13671,#12);
#12=ADVANCED_BREP_SHAPE_REPRESENTATION('',(#14),#13663);
#13=STYLED_ITEM('',(#13681),#14);
#14=MANIFOLD_SOLID_BREP('Body1',#8784);
#15=CONICAL_SURFACE('',#8820,1.22500000000007,0.785398163397449);
#16=FACE_BOUND('',#993,.T.);
#17=FACE_BOUND('',#994,.T.);
#18=FACE_BOUND('',#995,.T.);
#19=FACE_BOUND('',#996,.T.);
#20=FACE_BOUND('',#997,.T.);
#21=FACE_BOUND('',#998,.T.);
#22=FACE_BOUND('',#999,.T.);
#23=FACE_BOUND('',#1000,.T.);
#24=FACE_BOUND('',#1001,.T.);
#25=FACE_BOUND('',#1002,.T.);
#26=FACE_BOUND('',#1003,.T.);
#27=FACE_BOUND('',#1004,.T.);
#28=FACE_BOUND('',#1005,.T.);
#29=FACE_BOUND('',#1006,.T.);
#30=FACE_BOUND('',#1007,.T.);
#31=FACE_BOUND('',#1008,.T.);
#32=FACE_BOUND('',#1009,.T.);
#33=FACE_BOUND('',#1010,.T.);
#34=FACE_BOUND('',#1011,.T.);
#35=FACE_BOUND('',#1012,.T.);
#36=FACE_BOUND('',#1013,.T.);
#37=FACE_BOUND('',#1014,.T.);
#38=FACE_BOUND('',#1015,.T.);
#39=FACE_BOUND('',#1016,.T.);
#40=FACE_BOUND('',#1017,.T.);
#41=FACE_BOUND('',#1018,.T.);
#42=FACE_BOUND('',#1019,.T.);
#43=FACE_BOUND('',#1020,.T.);
#44=FACE_BOUND('',#1021,.T.);
#45=FACE_BOUND('',#1022,.T.);
#46=FACE_BOUND('',#1023,.T.);
#47=FACE_BOUND('',#1024,.T.);
#48=FACE_BOUND('',#1025,.T.);
#49=FACE_BOUND('',#1026,.T.);
#50=FACE_BOUND('',#1027,.T.);
#51=FACE_BOUND('',#1028,.T.);
#52=FACE_BOUND('',#1029,.T.);
#53=FACE_BOUND('',#1030,.T.);
#54=FACE_BOUND('',#1031,.T.);
#55=FACE_BOUND('',#1032,.T.);
#56=FACE_BOUND('',#1033,.T.);
#57=FACE_BOUND('',#1034,.T.);
#58=FACE_BOUND('',#1035,.T.);
#59=FACE_BOUND('',#1036,.T.);
#60=FACE_BOUND('',#1037,.T.);
#61=FACE_BOUND('',#1038,.T.);
#62=FACE_BOUND('',#1039,.T.);
#63=FACE_BOUND('',#1040,.T.);
#64=FACE_BOUND('',#1041,.T.);
#65=FACE_BOUND('',#1042,.T.);
#66=FACE_BOUND('',#1043,.T.);
#67=FACE_BOUND('',#1044,.T.);
#68=FACE_BOUND('',#1045,.T.);
#69=FACE_BOUND('',#1046,.T.);
#70=FACE_BOUND('',#1047,.T.);
#71=FACE_BOUND('',#1048,.T.);
#72=FACE_BOUND('',#1049,.T.);
#73=FACE_BOUND('',#1050,.T.);
#74=FACE_BOUND('',#1051,.T.);
#75=FACE_BOUND('',#1052,.T.);
#76=FACE_BOUND('',#1053,.T.);
#77=FACE_BOUND('',#1054,.T.);
#78=FACE_BOUND('',#1055,.T.);
#79=FACE_BOUND('',#1056,.T.);
#80=FACE_BOUND('',#1057,.T.);
#81=FACE_BOUND('',#1058,.T.);
#82=FACE_BOUND('',#1059,.T.);
#83=FACE_BOUND('',#1060,.T.);
#84=FACE_BOUND('',#1061,.T.);
#85=FACE_BOUND('',#1062,.T.);
#86=FACE_BOUND('',#1063,.T.);
#87=FACE_BOUND('',#1064,.T.);
#88=FACE_BOUND('',#1065,.T.);
#89=FACE_BOUND('',#1066,.T.);
#90=FACE_BOUND('',#1067,.T.);
#91=FACE_BOUND('',#1068,.T.);
#92=FACE_BOUND('',#1069,.T.);
#93=FACE_BOUND('',#1070,.T.);
#94=FACE_BOUND('',#1071,.T.);
#95=FACE_BOUND('',#1072,.T.);
#96=FACE_BOUND('',#1073,.T.);
#97=FACE_BOUND('',#1074,.T.);
#98=FACE_BOUND('',#1075,.T.);
#99=FACE_BOUND('',#1076,.T.);
#100=FACE_BOUND('',#1077,.T.);
#101=FACE_BOUND('',#1078,.T.);
#102=FACE_BOUND('',#1079,.T.);
#103=FACE_BOUND('',#1080,.T.);
#104=FACE_BOUND('',#1081,.T.);
#105=FACE_BOUND('',#1082,.T.);
#106=FACE_BOUND('',#1083,.T.);
#107=FACE_BOUND('',#1084,.T.);
#108=FACE_BOUND('',#1085,.T.);
#109=FACE_BOUND('',#1088,.T.);
#110=FACE_BOUND('',#1089,.T.);
#111=FACE_BOUND('',#1090,.T.);
#112=FACE_BOUND('',#1091,.T.);
#113=FACE_BOUND('',#1092,.T.);
#114=FACE_BOUND('',#1093,.T.);
#115=FACE_BOUND('',#1094,.T.);
#116=FACE_BOUND('',#1095,.T.);
#117=FACE_BOUND('',#1096,.T.);
#118=FACE_BOUND('',#1097,.T.);
#119=FACE_BOUND('',#1098,.T.);
#120=FACE_BOUND('',#1099,.T.);
#121=FACE_BOUND('',#1100,.T.);
#122=FACE_BOUND('',#1101,.T.);
#123=FACE_BOUND('',#1102,.T.);
#124=FACE_BOUND('',#1103,.T.);
#125=FACE_BOUND('',#1104,.T.);
#126=FACE_BOUND('',#1105,.T.);
#127=FACE_BOUND('',#1106,.T.);
#128=FACE_BOUND('',#1107,.T.);
#129=FACE_BOUND('',#1108,.T.);
#130=FACE_BOUND('',#1109,.T.);
#131=FACE_BOUND('',#1110,.T.);
#132=FACE_BOUND('',#1111,.T.);
#133=FACE_BOUND('',#1112,.T.);
#134=FACE_BOUND('',#1113,.T.);
#135=FACE_BOUND('',#1114,.T.);
#136=FACE_BOUND('',#1115,.T.);
#137=FACE_BOUND('',#1116,.T.);
#138=FACE_BOUND('',#1117,.T.);
#139=FACE_BOUND('',#1118,.T.);
#140=FACE_BOUND('',#1119,.T.);
#141=FACE_BOUND('',#1120,.T.);
#142=FACE_BOUND('',#1121,.T.);
#143=FACE_BOUND('',#1122,.T.);
#144=FACE_BOUND('',#1123,.T.);
#145=FACE_BOUND('',#1124,.T.);
#146=FACE_BOUND('',#1125,.T.);
#147=FACE_BOUND('',#1126,.T.);
#148=FACE_BOUND('',#1127,.T.);
#149=FACE_BOUND('',#1128,.T.);
#150=FACE_BOUND('',#1129,.T.);
#151=FACE_BOUND('',#1130,.T.);
#152=FACE_BOUND('',#1131,.T.);
#153=FACE_BOUND('',#1132,.T.);
#154=FACE_BOUND('',#1133,.T.);
#155=FACE_BOUND('',#1134,.T.);
#156=FACE_BOUND('',#1135,.T.);
#157=FACE_BOUND('',#1136,.T.);
#158=FACE_BOUND('',#1137,.T.);
#159=FACE_BOUND('',#1138,.T.);
#160=FACE_BOUND('',#1139,.T.);
#161=FACE_BOUND('',#1140,.T.);
#162=FACE_BOUND('',#1141,.T.);
#163=FACE_BOUND('',#1142,.T.);
#164=FACE_BOUND('',#1143,.T.);
#165=FACE_BOUND('',#1144,.T.);
#166=FACE_BOUND('',#1145,.T.);
#167=FACE_BOUND('',#1146,.T.);
#168=FACE_BOUND('',#1147,.T.);
#169=FACE_BOUND('',#1148,.T.);
#170=FACE_BOUND('',#1149,.T.);
#171=FACE_BOUND('',#1150,.T.);
#172=FACE_BOUND('',#1151,.T.);
#173=FACE_BOUND('',#1152,.T.);
#174=FACE_BOUND('',#1153,.T.);
#175=FACE_BOUND('',#1154,.T.);
#176=FACE_BOUND('',#1155,.T.);
#177=FACE_BOUND('',#1156,.T.);
#178=FACE_BOUND('',#1157,.T.);
#179=FACE_BOUND('',#1158,.T.);
#180=FACE_BOUND('',#1159,.T.);
#181=FACE_BOUND('',#1160,.T.);
#182=FACE_BOUND('',#1161,.T.);
#183=FACE_BOUND('',#1162,.T.);
#184=FACE_BOUND('',#1163,.T.);
#185=FACE_BOUND('',#1164,.T.);
#186=FACE_BOUND('',#1165,.T.);
#187=FACE_BOUND('',#1166,.T.);
#188=FACE_BOUND('',#1167,.T.);
#189=FACE_BOUND('',#1168,.T.);
#190=FACE_BOUND('',#1169,.T.);
#191=FACE_BOUND('',#1170,.T.);
#192=FACE_BOUND('',#1171,.T.);
#193=PLANE('',#8803);
#194=PLANE('',#8805);
#195=PLANE('',#8807);
#196=PLANE('',#8811);
#197=PLANE('',#8812);
#198=PLANE('',#8817);
#199=PLANE('',#8818);
#200=PLANE('',#8819);
#201=PLANE('',#8823);
#202=PLANE('',#8824);
#203=PLANE('',#8825);
#204=PLANE('',#8826);
#205=PLANE('',#8829);
#206=PLANE('',#8830);
#207=PLANE('',#8832);
#208=PLANE('',#8833);
#209=PLANE('',#8834);
#210=PLANE('',#8835);
#211=PLANE('',#8837);
#212=PLANE('',#8839);
#213=PLANE('',#8840);
#214=PLANE('',#8842);
#215=PLANE('',#8846);
#216=PLANE('',#8849);
#217=PLANE('',#8850);
#218=PLANE('',#8851);
#219=PLANE('',#8852);
#220=PLANE('',#8853);
#221=PLANE('',#8854);
#222=PLANE('',#8855);
#223=PLANE('',#8856);
#224=PLANE('',#8857);
#225=PLANE('',#8858);
#226=PLANE('',#8859);
#227=PLANE('',#8860);
#228=PLANE('',#8861);
#229=PLANE('',#8862);
#230=PLANE('',#8863);
#231=PLANE('',#8864);
#232=PLANE('',#8865);
#233=PLANE('',#8866);
#234=PLANE('',#8867);
#235=PLANE('',#8868);
#236=PLANE('',#8869);
#237=PLANE('',#8870);
#238=PLANE('',#8871);
#239=PLANE('',#8872);
#240=PLANE('',#8873);
#241=PLANE('',#8874);
#242=PLANE('',#8875);
#243=PLANE('',#8876);
#244=PLANE('',#8877);
#245=PLANE('',#8878);
#246=PLANE('',#8879);
#247=PLANE('',#8880);
#248=PLANE('',#8881);
#249=PLANE('',#8882);
#250=PLANE('',#8883);
#251=PLANE('',#8884);
#252=PLANE('',#8885);
#253=PLANE('',#8886);
#254=PLANE('',#8887);
#255=PLANE('',#8888);
#256=PLANE('',#8889);
#257=PLANE('',#8890);
#258=PLANE('',#8891);
#259=PLANE('',#8892);
#260=PLANE('',#8893);
#261=PLANE('',#8894);
#262=PLANE('',#8895);
#263=PLANE('',#8896);
#264=PLANE('',#8897);
#265=PLANE('',#8898);
#266=PLANE('',#8899);
#267=PLANE('',#8900);
#268=PLANE('',#8901);
#269=PLANE('',#8902);
#270=PLANE('',#8903);
#271=PLANE('',#8904);
#272=PLANE('',#8905);
#273=PLANE('',#8906);
#274=PLANE('',#8907);
#275=PLANE('',#8908);
#276=PLANE('',#8909);
#277=PLANE('',#8910);
#278=PLANE('',#8911);
#279=PLANE('',#8912);
#280=PLANE('',#8913);
#281=PLANE('',#8914);
#282=PLANE('',#8915);
#283=PLANE('',#8916);
#284=PLANE('',#8917);
#285=PLANE('',#8918);
#286=PLANE('',#8919);
#287=PLANE('',#8920);
#288=PLANE('',#8921);
#289=PLANE('',#8922);
#290=PLANE('',#8923);
#291=PLANE('',#8924);
#292=PLANE('',#8925);
#293=PLANE('',#8926);
#294=PLANE('',#8927);
#295=PLANE('',#8928);
#296=PLANE('',#8929);
#297=PLANE('',#8930);
#298=PLANE('',#8931);
#299=PLANE('',#8932);
#300=PLANE('',#8933);
#301=PLANE('',#8934);
#302=PLANE('',#8935);
#303=PLANE('',#8936);
#304=PLANE('',#8937);
#305=PLANE('',#8938);
#306=PLANE('',#8939);
#307=PLANE('',#8940);
#308=PLANE('',#8941);
#309=PLANE('',#8942);
#310=PLANE('',#8943);
#311=PLANE('',#8944);
#312=PLANE('',#8945);
#313=PLANE('',#8946);
#314=PLANE('',#8947);
#315=PLANE('',#8948);
#316=PLANE('',#8949);
#317=PLANE('',#8950);
#318=PLANE('',#8951);
#319=PLANE('',#8952);
#320=PLANE('',#8953);
#321=PLANE('',#8954);
#322=PLANE('',#8955);
#323=PLANE('',#8956);
#324=PLANE('',#8957);
#325=PLANE('',#8958);
#326=PLANE('',#8959);
#327=PLANE('',#8960);
#328=PLANE('',#8961);
#329=PLANE('',#8962);
#330=PLANE('',#8963);
#331=PLANE('',#8964);
#332=PLANE('',#8965);
#333=PLANE('',#8966);
#334=PLANE('',#8967);
#335=PLANE('',#8968);
#336=PLANE('',#8969);
#337=PLANE('',#8970);
#338=PLANE('',#8971);
#339=PLANE('',#8972);
#340=PLANE('',#8973);
#341=PLANE('',#8974);
#342=PLANE('',#8975);
#343=PLANE('',#8976);
#344=PLANE('',#8977);
#345=PLANE('',#8978);
#346=PLANE('',#8979);
#347=PLANE('',#8980);
#348=PLANE('',#8981);
#349=PLANE('',#8982);
#350=PLANE('',#8983);
#351=PLANE('',#8984);
#352=PLANE('',#8985);
#353=PLANE('',#8986);
#354=PLANE('',#8987);
#355=PLANE('',#8988);
#356=PLANE('',#8989);
#357=PLANE('',#8990);
#358=PLANE('',#8991);
#359=PLANE('',#8992);
#360=PLANE('',#8993);
#361=PLANE('',#8994);
#362=PLANE('',#8995);
#363=PLANE('',#8996);
#364=PLANE('',#8997);
#365=PLANE('',#8998);
#366=PLANE('',#8999);
#367=PLANE('',#9000);
#368=PLANE('',#9001);
#369=PLANE('',#9002);
#370=PLANE('',#9003);
#371=PLANE('',#9004);
#372=PLANE('',#9005);
#373=PLANE('',#9006);
#374=PLANE('',#9007);
#375=PLANE('',#9008);
#376=PLANE('',#9009);
#377=PLANE('',#9010);
#378=PLANE('',#9011);
#379=PLANE('',#9012);
#380=PLANE('',#9013);
#381=PLANE('',#9014);
#382=PLANE('',#9015);
#383=PLANE('',#9016);
#384=PLANE('',#9017);
#385=PLANE('',#9018);
#386=PLANE('',#9019);
#387=PLANE('',#9020);
#388=PLANE('',#9021);
#389=PLANE('',#9022);
#390=PLANE('',#9023);
#391=PLANE('',#9024);
#392=PLANE('',#9025);
#393=PLANE('',#9026);
#394=PLANE('',#9027);
#395=PLANE('',#9028);
#396=PLANE('',#9029);
#397=PLANE('',#9030);
#398=PLANE('',#9031);
#399=PLANE('',#9032);
#400=PLANE('',#9033);
#401=PLANE('',#9034);
#402=PLANE('',#9035);
#403=PLANE('',#9036);
#404=PLANE('',#9037);
#405=PLANE('',#9038);
#406=PLANE('',#9039);
#407=PLANE('',#9040);
#408=PLANE('',#9041);
#409=PLANE('',#9042);
#410=PLANE('',#9043);
#411=PLANE('',#9044);
#412=PLANE('',#9045);
#413=PLANE('',#9046);
#414=PLANE('',#9047);
#415=PLANE('',#9048);
#416=PLANE('',#9049);
#417=PLANE('',#9050);
#418=PLANE('',#9051);
#419=PLANE('',#9052);
#420=PLANE('',#9053);
#421=PLANE('',#9054);
#422=PLANE('',#9055);
#423=PLANE('',#9056);
#424=PLANE('',#9057);
#425=PLANE('',#9058);
#426=PLANE('',#9059);
#427=PLANE('',#9060);
#428=PLANE('',#9061);
#429=PLANE('',#9062);
#430=PLANE('',#9063);
#431=PLANE('',#9064);
#432=PLANE('',#9065);
#433=PLANE('',#9066);
#434=PLANE('',#9067);
#435=PLANE('',#9068);
#436=PLANE('',#9069);
#437=PLANE('',#9070);
#438=PLANE('',#9071);
#439=PLANE('',#9072);
#440=PLANE('',#9073);
#441=PLANE('',#9074);
#442=PLANE('',#9075);
#443=PLANE('',#9076);
#444=PLANE('',#9077);
#445=PLANE('',#9078);
#446=PLANE('',#9079);
#447=PLANE('',#9080);
#448=PLANE('',#9081);
#449=PLANE('',#9082);
#450=PLANE('',#9083);
#451=PLANE('',#9084);
#452=PLANE('',#9085);
#453=PLANE('',#9086);
#454=PLANE('',#9087);
#455=PLANE('',#9088);
#456=PLANE('',#9089);
#457=PLANE('',#9090);
#458=PLANE('',#9091);
#459=PLANE('',#9092);
#460=PLANE('',#9093);
#461=PLANE('',#9094);
#462=PLANE('',#9095);
#463=PLANE('',#9096);
#464=PLANE('',#9097);
#465=PLANE('',#9098);
#466=PLANE('',#9099);
#467=PLANE('',#9100);
#468=PLANE('',#9101);
#469=PLANE('',#9102);
#470=PLANE('',#9103);
#471=PLANE('',#9104);
#472=PLANE('',#9105);
#473=PLANE('',#9106);
#474=PLANE('',#9107);
#475=PLANE('',#9108);
#476=PLANE('',#9109);
#477=PLANE('',#9110);
#478=PLANE('',#9111);
#479=PLANE('',#9112);
#480=PLANE('',#9113);
#481=PLANE('',#9114);
#482=PLANE('',#9115);
#483=PLANE('',#9116);
#484=PLANE('',#9117);
#485=PLANE('',#9118);
#486=PLANE('',#9119);
#487=PLANE('',#9120);
#488=PLANE('',#9121);
#489=PLANE('',#9122);
#490=PLANE('',#9123);
#491=PLANE('',#9124);
#492=PLANE('',#9125);
#493=PLANE('',#9126);
#494=PLANE('',#9127);
#495=PLANE('',#9128);
#496=PLANE('',#9129);
#497=PLANE('',#9130);
#498=PLANE('',#9131);
#499=PLANE('',#9132);
#500=PLANE('',#9133);
#501=PLANE('',#9134);
#502=PLANE('',#9135);
#503=PLANE('',#9136);
#504=PLANE('',#9137);
#505=PLANE('',#9138);
#506=PLANE('',#9139);
#507=PLANE('',#9140);
#508=PLANE('',#9141);
#509=PLANE('',#9142);
#510=PLANE('',#9143);
#511=PLANE('',#9144);
#512=PLANE('',#9145);
#513=PLANE('',#9146);
#514=PLANE('',#9147);
#515=PLANE('',#9148);
#516=PLANE('',#9149);
#517=PLANE('',#9150);
#518=PLANE('',#9151);
#519=PLANE('',#9152);
#520=PLANE('',#9153);
#521=PLANE('',#9154);
#522=PLANE('',#9155);
#523=PLANE('',#9156);
#524=PLANE('',#9157);
#525=PLANE('',#9158);
#526=PLANE('',#9159);
#527=PLANE('',#9160);
#528=PLANE('',#9161);
#529=PLANE('',#9162);
#530=PLANE('',#9163);
#531=PLANE('',#9164);
#532=PLANE('',#9165);
#533=PLANE('',#9166);
#534=PLANE('',#9167);
#535=PLANE('',#9168);
#536=PLANE('',#9169);
#537=PLANE('',#9170);
#538=PLANE('',#9171);
#539=PLANE('',#9172);
#540=PLANE('',#9173);
#541=PLANE('',#9174);
#542=PLANE('',#9175);
#543=PLANE('',#9176);
#544=PLANE('',#9177);
#545=PLANE('',#9178);
#546=PLANE('',#9179);
#547=PLANE('',#9180);
#548=PLANE('',#9181);
#549=PLANE('',#9182);
#550=PLANE('',#9183);
#551=PLANE('',#9184);
#552=PLANE('',#9185);
#553=PLANE('',#9186);
#554=PLANE('',#9187);
#555=PLANE('',#9188);
#556=PLANE('',#9189);
#557=PLANE('',#9190);
#558=PLANE('',#9191);
#559=PLANE('',#9192);
#560=PLANE('',#9193);
#561=PLANE('',#9194);
#562=PLANE('',#9195);
#563=PLANE('',#9196);
#564=PLANE('',#9197);
#565=PLANE('',#9198);
#566=PLANE('',#9199);
#567=PLANE('',#9200);
#568=PLANE('',#9201);
#569=PLANE('',#9202);
#570=PLANE('',#9203);
#571=PLANE('',#9204);
#572=PLANE('',#9205);
#573=PLANE('',#9206);
#574=PLANE('',#9207);
#575=PLANE('',#9208);
#576=PLANE('',#9209);
#577=PLANE('',#9210);
#578=PLANE('',#9211);
#579=PLANE('',#9212);
#580=PLANE('',#9213);
#581=PLANE('',#9215);
#582=PLANE('',#9216);
#583=PLANE('',#9218);
#584=PLANE('',#9219);
#585=FACE_OUTER_BOUND('',#986,.T.);
#586=FACE_OUTER_BOUND('',#987,.T.);
#587=FACE_OUTER_BOUND('',#988,.T.);
#588=FACE_OUTER_BOUND('',#989,.T.);
#589=FACE_OUTER_BOUND('',#990,.T.);
#590=FACE_OUTER_BOUND('',#991,.T.);
#591=FACE_OUTER_BOUND('',#992,.T.);
#592=FACE_OUTER_BOUND('',#1086,.T.);
#593=FACE_OUTER_BOUND('',#1087,.T.);
#594=FACE_OUTER_BOUND('',#1172,.T.);
#595=FACE_OUTER_BOUND('',#1173,.T.);
#596=FACE_OUTER_BOUND('',#1174,.T.);
#597=FACE_OUTER_BOUND('',#1175,.T.);
#598=FACE_OUTER_BOUND('',#1176,.T.);
#599=FACE_OUTER_BOUND('',#1177,.T.);
#600=FACE_OUTER_BOUND('',#1178,.T.);
#601=FACE_OUTER_BOUND('',#1179,.T.);
#602=FACE_OUTER_BOUND('',#1180,.T.);
#603=FACE_OUTER_BOUND('',#1181,.T.);
#604=FACE_OUTER_BOUND('',#1182,.T.);
#605=FACE_OUTER_BOUND('',#1183,.T.);
#606=FACE_OUTER_BOUND('',#1184,.T.);
#607=FACE_OUTER_BOUND('',#1185,.T.);
#608=FACE_OUTER_BOUND('',#1186,.T.);
#609=FACE_OUTER_BOUND('',#1187,.T.);
#610=FACE_OUTER_BOUND('',#1188,.T.);
#611=FACE_OUTER_BOUND('',#1189,.T.);
#612=FACE_OUTER_BOUND('',#1190,.T.);
#613=FACE_OUTER_BOUND('',#1191,.T.);
#614=FACE_OUTER_BOUND('',#1192,.T.);
#615=FACE_OUTER_BOUND('',#1193,.T.);
#616=FACE_OUTER_BOUND('',#1194,.T.);
#617=FACE_OUTER_BOUND('',#1195,.T.);
#618=FACE_OUTER_BOUND('',#1196,.T.);
#619=FACE_OUTER_BOUND('',#1197,.T.);
#620=FACE_OUTER_BOUND('',#1198,.T.);
#621=FACE_OUTER_BOUND('',#1199,.T.);
#622=FACE_OUTER_BOUND('',#1200,.T.);
#623=FACE_OUTER_BOUND('',#1201,.T.);
#624=FACE_OUTER_BOUND('',#1202,.T.);
#625=FACE_OUTER_BOUND('',#1203,.T.);
#626=FACE_OUTER_BOUND('',#1204,.T.);
#627=FACE_OUTER_BOUND('',#1205,.T.);
#628=FACE_OUTER_BOUND('',#1206,.T.);
#629=FACE_OUTER_BOUND('',#1207,.T.);
#630=FACE_OUTER_BOUND('',#1208,.T.);
#631=FACE_OUTER_BOUND('',#1209,.T.);
#632=FACE_OUTER_BOUND('',#1210,.T.);
#633=FACE_OUTER_BOUND('',#1211,.T.);
#634=FACE_OUTER_BOUND('',#1212,.T.);
#635=FACE_OUTER_BOUND('',#1213,.T.);
#636=FACE_OUTER_BOUND('',#1214,.T.);
#637=FACE_OUTER_BOUND('',#1215,.T.);
#638=FACE_OUTER_BOUND('',#1216,.T.);
#639=FACE_OUTER_BOUND('',#1217,.T.);
#640=FACE_OUTER_BOUND('',#1218,.T.);
#641=FACE_OUTER_BOUND('',#1219,.T.);
#642=FACE_OUTER_BOUND('',#1220,.T.);
#643=FACE_OUTER_BOUND('',#1221,.T.);
#644=FACE_OUTER_BOUND('',#1222,.T.);
#645=FACE_OUTER_BOUND('',#1223,.T.);
#646=FACE_OUTER_BOUND('',#1224,.T.);
#647=FACE_OUTER_BOUND('',#1225,.T.);
#648=FACE_OUTER_BOUND('',#1226,.T.);
#649=FACE_OUTER_BOUND('',#1227,.T.);
#650=FACE_OUTER_BOUND('',#1228,.T.);
#651=FACE_OUTER_BOUND('',#1229,.T.);
#652=FACE_OUTER_BOUND('',#1230,.T.);
#653=FACE_OUTER_BOUND('',#1231,.T.);
#654=FACE_OUTER_BOUND('',#1232,.T.);
#655=FACE_OUTER_BOUND('',#1233,.T.);
#656=FACE_OUTER_BOUND('',#1234,.T.);
#657=FACE_OUTER_BOUND('',#1235,.T.);
#658=FACE_OUTER_BOUND('',#1236,.T.);
#659=FACE_OUTER_BOUND('',#1237,.T.);
#660=FACE_OUTER_BOUND('',#1238,.T.);
#661=FACE_OUTER_BOUND('',#1239,.T.);
#662=FACE_OUTER_BOUND('',#1240,.T.);
#663=FACE_OUTER_BOUND('',#1241,.T.);
#664=FACE_OUTER_BOUND('',#1242,.T.);
#665=FACE_OUTER_BOUND('',#1243,.T.);
#666=FACE_OUTER_BOUND('',#1244,.T.);
#667=FACE_OUTER_BOUND('',#1245,.T.);
#668=FACE_OUTER_BOUND('',#1246,.T.);
#669=FACE_OUTER_BOUND('',#1247,.T.);
#670=FACE_OUTER_BOUND('',#1248,.T.);
#671=FACE_OUTER_BOUND('',#1249,.T.);
#672=FACE_OUTER_BOUND('',#1250,.T.);
#673=FACE_OUTER_BOUND('',#1251,.T.);
#674=FACE_OUTER_BOUND('',#1252,.T.);
#675=FACE_OUTER_BOUND('',#1253,.T.);
#676=FACE_OUTER_BOUND('',#1254,.T.);
#677=FACE_OUTER_BOUND('',#1255,.T.);
#678=FACE_OUTER_BOUND('',#1256,.T.);
#679=FACE_OUTER_BOUND('',#1257,.T.);
#680=FACE_OUTER_BOUND('',#1258,.T.);
#681=FACE_OUTER_BOUND('',#1259,.T.);
#682=FACE_OUTER_BOUND('',#1260,.T.);
#683=FACE_OUTER_BOUND('',#1261,.T.);
#684=FACE_OUTER_BOUND('',#1262,.T.);
#685=FACE_OUTER_BOUND('',#1263,.T.);
#686=FACE_OUTER_BOUND('',#1264,.T.);
#687=FACE_OUTER_BOUND('',#1265,.T.);
#688=FACE_OUTER_BOUND('',#1266,.T.);
#689=FACE_OUTER_BOUND('',#1267,.T.);
#690=FACE_OUTER_BOUND('',#1268,.T.);
#691=FACE_OUTER_BOUND('',#1269,.T.);
#692=FACE_OUTER_BOUND('',#1270,.T.);
#693=FACE_OUTER_BOUND('',#1271,.T.);
#694=FACE_OUTER_BOUND('',#1272,.T.);
#695=FACE_OUTER_BOUND('',#1273,.T.);
#696=FACE_OUTER_BOUND('',#1274,.T.);
#697=FACE_OUTER_BOUND('',#1275,.T.);
#698=FACE_OUTER_BOUND('',#1276,.T.);
#699=FACE_OUTER_BOUND('',#1277,.T.);
#700=FACE_OUTER_BOUND('',#1278,.T.);
#701=FACE_OUTER_BOUND('',#1279,.T.);
#702=FACE_OUTER_BOUND('',#1280,.T.);
#703=FACE_OUTER_BOUND('',#1281,.T.);
#704=FACE_OUTER_BOUND('',#1282,.T.);
#705=FACE_OUTER_BOUND('',#1283,.T.);
#706=FACE_OUTER_BOUND('',#1284,.T.);
#707=FACE_OUTER_BOUND('',#1285,.T.);
#708=FACE_OUTER_BOUND('',#1286,.T.);
#709=FACE_OUTER_BOUND('',#1287,.T.);
#710=FACE_OUTER_BOUND('',#1288,.T.);
#711=FACE_OUTER_BOUND('',#1289,.T.);
#712=FACE_OUTER_BOUND('',#1290,.T.);
#713=FACE_OUTER_BOUND('',#1291,.T.);
#714=FACE_OUTER_BOUND('',#1292,.T.);
#715=FACE_OUTER_BOUND('',#1293,.T.);
#716=FACE_OUTER_BOUND('',#1294,.T.);
#717=FACE_OUTER_BOUND('',#1295,.T.);
#718=FACE_OUTER_BOUND('',#1296,.T.);
#719=FACE_OUTER_BOUND('',#1297,.T.);
#720=FACE_OUTER_BOUND('',#1298,.T.);
#721=FACE_OUTER_BOUND('',#1299,.T.);
#722=FACE_OUTER_BOUND('',#1300,.T.);
#723=FACE_OUTER_BOUND('',#1301,.T.);
#724=FACE_OUTER_BOUND('',#1302,.T.);
#725=FACE_OUTER_BOUND('',#1303,.T.);
#726=FACE_OUTER_BOUND('',#1304,.T.);
#727=FACE_OUTER_BOUND('',#1305,.T.);
#728=FACE_OUTER_BOUND('',#1306,.T.);
#729=FACE_OUTER_BOUND('',#1307,.T.);
#730=FACE_OUTER_BOUND('',#1308,.T.);
#731=FACE_OUTER_BOUND('',#1309,.T.);
#732=FACE_OUTER_BOUND('',#1310,.T.);
#733=FACE_OUTER_BOUND('',#1311,.T.);
#734=FACE_OUTER_BOUND('',#1312,.T.);
#735=FACE_OUTER_BOUND('',#1313,.T.);
#736=FACE_OUTER_BOUND('',#1314,.T.);
#737=FACE_OUTER_BOUND('',#1315,.T.);
#738=FACE_OUTER_BOUND('',#1316,.T.);
#739=FACE_OUTER_BOUND('',#1317,.T.);
#740=FACE_OUTER_BOUND('',#1318,.T.);
#741=FACE_OUTER_BOUND('',#1319,.T.);
#742=FACE_OUTER_BOUND('',#1320,.T.);
#743=FACE_OUTER_BOUND('',#1321,.T.);
#744=FACE_OUTER_BOUND('',#1322,.T.);
#745=FACE_OUTER_BOUND('',#1323,.T.);
#746=FACE_OUTER_BOUND('',#1324,.T.);
#747=FACE_OUTER_BOUND('',#1325,.T.);
#748=FACE_OUTER_BOUND('',#1326,.T.);
#749=FACE_OUTER_BOUND('',#1327,.T.);
#750=FACE_OUTER_BOUND('',#1328,.T.);
#751=FACE_OUTER_BOUND('',#1329,.T.);
#752=FACE_OUTER_BOUND('',#1330,.T.);
#753=FACE_OUTER_BOUND('',#1331,.T.);
#754=FACE_OUTER_BOUND('',#1332,.T.);
#755=FACE_OUTER_BOUND('',#1333,.T.);
#756=FACE_OUTER_BOUND('',#1334,.T.);
#757=FACE_OUTER_BOUND('',#1335,.T.);
#758=FACE_OUTER_BOUND('',#1336,.T.);
#759=FACE_OUTER_BOUND('',#1337,.T.);
#760=FACE_OUTER_BOUND('',#1338,.T.);
#761=FACE_OUTER_BOUND('',#1339,.T.);
#762=FACE_OUTER_BOUND('',#1340,.T.);
#763=FACE_OUTER_BOUND('',#1341,.T.);
#764=FACE_OUTER_BOUND('',#1342,.T.);
#765=FACE_OUTER_BOUND('',#1343,.T.);
#766=FACE_OUTER_BOUND('',#1344,.T.);
#767=FACE_OUTER_BOUND('',#1345,.T.);
#768=FACE_OUTER_BOUND('',#1346,.T.);
#769=FACE_OUTER_BOUND('',#1347,.T.);
#770=FACE_OUTER_BOUND('',#1348,.T.);
#771=FACE_OUTER_BOUND('',#1349,.T.);
#772=FACE_OUTER_BOUND('',#1350,.T.);
#773=FACE_OUTER_BOUND('',#1351,.T.);
#774=FACE_OUTER_BOUND('',#1352,.T.);
#775=FACE_OUTER_BOUND('',#1353,.T.);
#776=FACE_OUTER_BOUND('',#1354,.T.);
#777=FACE_OUTER_BOUND('',#1355,.T.);
#778=FACE_OUTER_BOUND('',#1356,.T.);
#779=FACE_OUTER_BOUND('',#1357,.T.);
#780=FACE_OUTER_BOUND('',#1358,.T.);
#781=FACE_OUTER_BOUND('',#1359,.T.);
#782=FACE_OUTER_BOUND('',#1360,.T.);
#783=FACE_OUTER_BOUND('',#1361,.T.);
#784=FACE_OUTER_BOUND('',#1362,.T.);
#785=FACE_OUTER_BOUND('',#1363,.T.);
#786=FACE_OUTER_BOUND('',#1364,.T.);
#787=FACE_OUTER_BOUND('',#1365,.T.);
#788=FACE_OUTER_BOUND('',#1366,.T.);
#789=FACE_OUTER_BOUND('',#1367,.T.);
#790=FACE_OUTER_BOUND('',#1368,.T.);
#791=FACE_OUTER_BOUND('',#1369,.T.);
#792=FACE_OUTER_BOUND('',#1370,.T.);
#793=FACE_OUTER_BOUND('',#1371,.T.);
#794=FACE_OUTER_BOUND('',#1372,.T.);
#795=FACE_OUTER_BOUND('',#1373,.T.);
#796=FACE_OUTER_BOUND('',#1374,.T.);
#797=FACE_OUTER_BOUND('',#1375,.T.);
#798=FACE_OUTER_BOUND('',#1376,.T.);
#799=FACE_OUTER_BOUND('',#1377,.T.);
#800=FACE_OUTER_BOUND('',#1378,.T.);
#801=FACE_OUTER_BOUND('',#1379,.T.);
#802=FACE_OUTER_BOUND('',#1380,.T.);
#803=FACE_OUTER_BOUND('',#1381,.T.);
#804=FACE_OUTER_BOUND('',#1382,.T.);
#805=FACE_OUTER_BOUND('',#1383,.T.);
#806=FACE_OUTER_BOUND('',#1384,.T.);
#807=FACE_OUTER_BOUND('',#1385,.T.);
#808=FACE_OUTER_BOUND('',#1386,.T.);
#809=FACE_OUTER_BOUND('',#1387,.T.);
#810=FACE_OUTER_BOUND('',#1388,.T.);
#811=FACE_OUTER_BOUND('',#1389,.T.);
#812=FACE_OUTER_BOUND('',#1390,.T.);
#813=FACE_OUTER_BOUND('',#1391,.T.);
#814=FACE_OUTER_BOUND('',#1392,.T.);
#815=FACE_OUTER_BOUND('',#1393,.T.);
#816=FACE_OUTER_BOUND('',#1394,.T.);
#817=FACE_OUTER_BOUND('',#1395,.T.);
#818=FACE_OUTER_BOUND('',#1396,.T.);
#819=FACE_OUTER_BOUND('',#1397,.T.);
#820=FACE_OUTER_BOUND('',#1398,.T.);
#821=FACE_OUTER_BOUND('',#1399,.T.);
#822=FACE_OUTER_BOUND('',#1400,.T.);
#823=FACE_OUTER_BOUND('',#1401,.T.);
#824=FACE_OUTER_BOUND('',#1402,.T.);
#825=FACE_OUTER_BOUND('',#1403,.T.);
#826=FACE_OUTER_BOUND('',#1404,.T.);
#827=FACE_OUTER_BOUND('',#1405,.T.);
#828=FACE_OUTER_BOUND('',#1406,.T.);
#829=FACE_OUTER_BOUND('',#1407,.T.);
#830=FACE_OUTER_BOUND('',#1408,.T.);
#831=FACE_OUTER_BOUND('',#1409,.T.);
#832=FACE_OUTER_BOUND('',#1410,.T.);
#833=FACE_OUTER_BOUND('',#1411,.T.);
#834=FACE_OUTER_BOUND('',#1412,.T.);
#835=FACE_OUTER_BOUND('',#1413,.T.);
#836=FACE_OUTER_BOUND('',#1414,.T.);
#837=FACE_OUTER_BOUND('',#1415,.T.);
#838=FACE_OUTER_BOUND('',#1416,.T.);
#839=FACE_OUTER_BOUND('',#1417,.T.);
#840=FACE_OUTER_BOUND('',#1418,.T.);
#841=FACE_OUTER_BOUND('',#1419,.T.);
#842=FACE_OUTER_BOUND('',#1420,.T.);
#843=FACE_OUTER_BOUND('',#1421,.T.);
#844=FACE_OUTER_BOUND('',#1422,.T.);
#845=FACE_OUTER_BOUND('',#1423,.T.);
#846=FACE_OUTER_BOUND('',#1424,.T.);
#847=FACE_OUTER_BOUND('',#1425,.T.);
#848=FACE_OUTER_BOUND('',#1426,.T.);
#849=FACE_OUTER_BOUND('',#1427,.T.);
#850=FACE_OUTER_BOUND('',#1428,.T.);
#851=FACE_OUTER_BOUND('',#1429,.T.);
#852=FACE_OUTER_BOUND('',#1430,.T.);
#853=FACE_OUTER_BOUND('',#1431,.T.);
#854=FACE_OUTER_BOUND('',#1432,.T.);
#855=FACE_OUTER_BOUND('',#1433,.T.);
#856=FACE_OUTER_BOUND('',#1434,.T.);
#857=FACE_OUTER_BOUND('',#1435,.T.);
#858=FACE_OUTER_BOUND('',#1436,.T.);
#859=FACE_OUTER_BOUND('',#1437,.T.);
#860=FACE_OUTER_BOUND('',#1438,.T.);
#861=FACE_OUTER_BOUND('',#1439,.T.);
#862=FACE_OUTER_BOUND('',#1440,.T.);
#863=FACE_OUTER_BOUND('',#1441,.T.);
#864=FACE_OUTER_BOUND('',#1442,.T.);
#865=FACE_OUTER_BOUND('',#1443,.T.);
#866=FACE_OUTER_BOUND('',#1444,.T.);
#867=FACE_OUTER_BOUND('',#1445,.T.);
#868=FACE_OUTER_BOUND('',#1446,.T.);
#869=FACE_OUTER_BOUND('',#1447,.T.);
#870=FACE_OUTER_BOUND('',#1448,.T.);
#871=FACE_OUTER_BOUND('',#1449,.T.);
#872=FACE_OUTER_BOUND('',#1450,.T.);
#873=FACE_OUTER_BOUND('',#1451,.T.);
#874=FACE_OUTER_BOUND('',#1452,.T.);
#875=FACE_OUTER_BOUND('',#1453,.T.);
#876=FACE_OUTER_BOUND('',#1454,.T.);
#877=FACE_OUTER_BOUND('',#1455,.T.);
#878=FACE_OUTER_BOUND('',#1456,.T.);
#879=FACE_OUTER_BOUND('',#1457,.T.);
#880=FACE_OUTER_BOUND('',#1458,.T.);
#881=FACE_OUTER_BOUND('',#1459,.T.);
#882=FACE_OUTER_BOUND('',#1460,.T.);
#883=FACE_OUTER_BOUND('',#1461,.T.);
#884=FACE_OUTER_BOUND('',#1462,.T.);
#885=FACE_OUTER_BOUND('',#1463,.T.);
#886=FACE_OUTER_BOUND('',#1464,.T.);
#887=FACE_OUTER_BOUND('',#1465,.T.);
#888=FACE_OUTER_BOUND('',#1466,.T.);
#889=FACE_OUTER_BOUND('',#1467,.T.);
#890=FACE_OUTER_BOUND('',#1468,.T.);
#891=FACE_OUTER_BOUND('',#1469,.T.);
#892=FACE_OUTER_BOUND('',#1470,.T.);
#893=FACE_OUTER_BOUND('',#1471,.T.);
#894=FACE_OUTER_BOUND('',#1472,.T.);
#895=FACE_OUTER_BOUND('',#1473,.T.);
#896=FACE_OUTER_BOUND('',#1474,.T.);
#897=FACE_OUTER_BOUND('',#1475,.T.);
#898=FACE_OUTER_BOUND('',#1476,.T.);
#899=FACE_OUTER_BOUND('',#1477,.T.);
#900=FACE_OUTER_BOUND('',#1478,.T.);
#901=FACE_OUTER_BOUND('',#1479,.T.);
#902=FACE_OUTER_BOUND('',#1480,.T.);
#903=FACE_OUTER_BOUND('',#1481,.T.);
#904=FACE_OUTER_BOUND('',#1482,.T.);
#905=FACE_OUTER_BOUND('',#1483,.T.);
#906=FACE_OUTER_BOUND('',#1484,.T.);
#907=FACE_OUTER_BOUND('',#1485,.T.);
#908=FACE_OUTER_BOUND('',#1486,.T.);
#909=FACE_OUTER_BOUND('',#1487,.T.);
#910=FACE_OUTER_BOUND('',#1488,.T.);
#911=FACE_OUTER_BOUND('',#1489,.T.);
#912=FACE_OUTER_BOUND('',#1490,.T.);
#913=FACE_OUTER_BOUND('',#1491,.T.);
#914=FACE_OUTER_BOUND('',#1492,.T.);
#915=FACE_OUTER_BOUND('',#1493,.T.);
#916=FACE_OUTER_BOUND('',#1494,.T.);
#917=FACE_OUTER_BOUND('',#1495,.T.);
#918=FACE_OUTER_BOUND('',#1496,.T.);
#919=FACE_OUTER_BOUND('',#1497,.T.);
#920=FACE_OUTER_BOUND('',#1498,.T.);
#921=FACE_OUTER_BOUND('',#1499,.T.);
#922=FACE_OUTER_BOUND('',#1500,.T.);
#923=FACE_OUTER_BOUND('',#1501,.T.);
#924=FACE_OUTER_BOUND('',#1502,.T.);
#925=FACE_OUTER_BOUND('',#1503,.T.);
#926=FACE_OUTER_BOUND('',#1504,.T.);
#927=FACE_OUTER_BOUND('',#1505,.T.);
#928=FACE_OUTER_BOUND('',#1506,.T.);
#929=FACE_OUTER_BOUND('',#1507,.T.);
#930=FACE_OUTER_BOUND('',#1508,.T.);
#931=FACE_OUTER_BOUND('',#1509,.T.);
#932=FACE_OUTER_BOUND('',#1510,.T.);
#933=FACE_OUTER_BOUND('',#1511,.T.);
#934=FACE_OUTER_BOUND('',#1512,.T.);
#935=FACE_OUTER_BOUND('',#1513,.T.);
#936=FACE_OUTER_BOUND('',#1514,.T.);
#937=FACE_OUTER_BOUND('',#1515,.T.);
#938=FACE_OUTER_BOUND('',#1516,.T.);
#939=FACE_OUTER_BOUND('',#1517,.T.);
#940=FACE_OUTER_BOUND('',#1518,.T.);
#941=FACE_OUTER_BOUND('',#1519,.T.);
#942=FACE_OUTER_BOUND('',#1520,.T.);
#943=FACE_OUTER_BOUND('',#1521,.T.);
#944=FACE_OUTER_BOUND('',#1522,.T.);
#945=FACE_OUTER_BOUND('',#1523,.T.);
#946=FACE_OUTER_BOUND('',#1524,.T.);
#947=FACE_OUTER_BOUND('',#1525,.T.);
#948=FACE_OUTER_BOUND('',#1526,.T.);
#949=FACE_OUTER_BOUND('',#1527,.T.);
#950=FACE_OUTER_BOUND('',#1528,.T.);
#951=FACE_OUTER_BOUND('',#1529,.T.);
#952=FACE_OUTER_BOUND('',#1530,.T.);
#953=FACE_OUTER_BOUND('',#1531,.T.);
#954=FACE_OUTER_BOUND('',#1532,.T.);
#955=FACE_OUTER_BOUND('',#1533,.T.);
#956=FACE_OUTER_BOUND('',#1534,.T.);
#957=FACE_OUTER_BOUND('',#1535,.T.);
#958=FACE_OUTER_BOUND('',#1536,.T.);
#959=FACE_OUTER_BOUND('',#1537,.T.);
#960=FACE_OUTER_BOUND('',#1538,.T.);
#961=FACE_OUTER_BOUND('',#1539,.T.);
#962=FACE_OUTER_BOUND('',#1540,.T.);
#963=FACE_OUTER_BOUND('',#1541,.T.);
#964=FACE_OUTER_BOUND('',#1542,.T.);
#965=FACE_OUTER_BOUND('',#1543,.T.);
#966=FACE_OUTER_BOUND('',#1544,.T.);
#967=FACE_OUTER_BOUND('',#1545,.T.);
#968=FACE_OUTER_BOUND('',#1546,.T.);
#969=FACE_OUTER_BOUND('',#1547,.T.);
#970=FACE_OUTER_BOUND('',#1548,.T.);
#971=FACE_OUTER_BOUND('',#1549,.T.);
#972=FACE_OUTER_BOUND('',#1550,.T.);
#973=FACE_OUTER_BOUND('',#1551,.T.);
#974=FACE_OUTER_BOUND('',#1552,.T.);
#975=FACE_OUTER_BOUND('',#1553,.T.);
#976=FACE_OUTER_BOUND('',#1554,.T.);
#977=FACE_OUTER_BOUND('',#1555,.T.);
#978=FACE_OUTER_BOUND('',#1556,.T.);
#979=FACE_OUTER_BOUND('',#1557,.T.);
#980=FACE_OUTER_BOUND('',#1558,.T.);
#981=FACE_OUTER_BOUND('',#1559,.T.);
#982=FACE_OUTER_BOUND('',#1560,.T.);
#983=FACE_OUTER_BOUND('',#1561,.T.);
#984=FACE_OUTER_BOUND('',#1562,.T.);
#985=FACE_OUTER_BOUND('',#1563,.T.);
#986=EDGE_LOOP('',(#5963,#5964,#5965,#5966,#5967,#5968));
#987=EDGE_LOOP('',(#5969,#5970,#5971,#5972,#5973,#5974));
#988=EDGE_LOOP('',(#5975,#5976,#5977,#5978));
#989=EDGE_LOOP('',(#5979,#5980,#5981,#5982,#5983,#5984));
#990=EDGE_LOOP('',(#5985,#5986,#5987,#5988,#5989,#5990));
#991=EDGE_LOOP('',(#5991,#5992,#5993,#5994));
#992=EDGE_LOOP('',(#5995,#5996,#5997,#5998,#5999,#6000,#6001,#6002,#6003,
#6004,#6005,#6006,#6007,#6008,#6009));
#993=EDGE_LOOP('',(#6010));
#994=EDGE_LOOP('',(#6011));
#995=EDGE_LOOP('',(#6012,#6013,#6014,#6015));
#996=EDGE_LOOP('',(#6016,#6017,#6018,#6019));
#997=EDGE_LOOP('',(#6020,#6021,#6022,#6023));
#998=EDGE_LOOP('',(#6024,#6025,#6026,#6027));
#999=EDGE_LOOP('',(#6028,#6029,#6030,#6031));
#1000=EDGE_LOOP('',(#6032,#6033,#6034,#6035));
#1001=EDGE_LOOP('',(#6036,#6037,#6038,#6039));
#1002=EDGE_LOOP('',(#6040,#6041,#6042,#6043));
#1003=EDGE_LOOP('',(#6044,#6045,#6046,#6047));
#1004=EDGE_LOOP('',(#6048,#6049,#6050,#6051));
#1005=EDGE_LOOP('',(#6052,#6053,#6054,#6055));
#1006=EDGE_LOOP('',(#6056,#6057,#6058,#6059));
#1007=EDGE_LOOP('',(#6060,#6061,#6062,#6063));
#1008=EDGE_LOOP('',(#6064,#6065,#6066,#6067));
#1009=EDGE_LOOP('',(#6068,#6069,#6070,#6071));
#1010=EDGE_LOOP('',(#6072,#6073,#6074,#6075));
#1011=EDGE_LOOP('',(#6076,#6077,#6078,#6079));
#1012=EDGE_LOOP('',(#6080,#6081,#6082,#6083));
#1013=EDGE_LOOP('',(#6084,#6085,#6086,#6087));
#1014=EDGE_LOOP('',(#6088,#6089,#6090,#6091));
#1015=EDGE_LOOP('',(#6092,#6093,#6094,#6095));
#1016=EDGE_LOOP('',(#6096,#6097,#6098,#6099));
#1017=EDGE_LOOP('',(#6100,#6101,#6102,#6103));
#1018=EDGE_LOOP('',(#6104,#6105,#6106,#6107));
#1019=EDGE_LOOP('',(#6108,#6109,#6110,#6111));
#1020=EDGE_LOOP('',(#6112,#6113,#6114,#6115));
#1021=EDGE_LOOP('',(#6116,#6117,#6118,#6119));
#1022=EDGE_LOOP('',(#6120,#6121,#6122,#6123));
#1023=EDGE_LOOP('',(#6124,#6125,#6126,#6127));
#1024=EDGE_LOOP('',(#6128,#6129,#6130,#6131));
#1025=EDGE_LOOP('',(#6132,#6133,#6134,#6135));
#1026=EDGE_LOOP('',(#6136,#6137,#6138,#6139));
#1027=EDGE_LOOP('',(#6140,#6141,#6142,#6143));
#1028=EDGE_LOOP('',(#6144,#6145,#6146,#6147));
#1029=EDGE_LOOP('',(#6148,#6149,#6150,#6151));
#1030=EDGE_LOOP('',(#6152,#6153,#6154,#6155));
#1031=EDGE_LOOP('',(#6156,#6157,#6158,#6159));
#1032=EDGE_LOOP('',(#6160,#6161,#6162,#6163));
#1033=EDGE_LOOP('',(#6164,#6165,#6166,#6167));
#1034=EDGE_LOOP('',(#6168,#6169,#6170,#6171));
#1035=EDGE_LOOP('',(#6172,#6173,#6174,#6175));
#1036=EDGE_LOOP('',(#6176,#6177,#6178,#6179));
#1037=EDGE_LOOP('',(#6180,#6181,#6182,#6183));
#1038=EDGE_LOOP('',(#6184,#6185,#6186,#6187));
#1039=EDGE_LOOP('',(#6188,#6189,#6190,#6191));
#1040=EDGE_LOOP('',(#6192,#6193,#6194,#6195));
#1041=EDGE_LOOP('',(#6196,#6197,#6198,#6199));
#1042=EDGE_LOOP('',(#6200,#6201,#6202,#6203));
#1043=EDGE_LOOP('',(#6204,#6205,#6206,#6207));
#1044=EDGE_LOOP('',(#6208,#6209,#6210,#6211));
#1045=EDGE_LOOP('',(#6212,#6213,#6214,#6215));
#1046=EDGE_LOOP('',(#6216,#6217,#6218,#6219));
#1047=EDGE_LOOP('',(#6220,#6221,#6222,#6223));
#1048=EDGE_LOOP('',(#6224,#6225,#6226,#6227));
#1049=EDGE_LOOP('',(#6228,#6229,#6230,#6231));
#1050=EDGE_LOOP('',(#6232,#6233,#6234,#6235));
#1051=EDGE_LOOP('',(#6236,#6237,#6238,#6239));
#1052=EDGE_LOOP('',(#6240,#6241,#6242,#6243));
#1053=EDGE_LOOP('',(#6244,#6245,#6246,#6247));
#1054=EDGE_LOOP('',(#6248,#6249,#6250,#6251));
#1055=EDGE_LOOP('',(#6252,#6253,#6254,#6255));
#1056=EDGE_LOOP('',(#6256,#6257,#6258,#6259));
#1057=EDGE_LOOP('',(#6260,#6261,#6262,#6263));
#1058=EDGE_LOOP('',(#6264,#6265,#6266,#6267));
#1059=EDGE_LOOP('',(#6268,#6269,#6270,#6271));
#1060=EDGE_LOOP('',(#6272,#6273,#6274,#6275));
#1061=EDGE_LOOP('',(#6276,#6277,#6278,#6279));
#1062=EDGE_LOOP('',(#6280,#6281,#6282,#6283));
#1063=EDGE_LOOP('',(#6284,#6285,#6286,#6287));
#1064=EDGE_LOOP('',(#6288,#6289,#6290,#6291));
#1065=EDGE_LOOP('',(#6292,#6293,#6294,#6295));
#1066=EDGE_LOOP('',(#6296,#6297,#6298,#6299));
#1067=EDGE_LOOP('',(#6300,#6301,#6302,#6303));
#1068=EDGE_LOOP('',(#6304,#6305,#6306,#6307));
#1069=EDGE_LOOP('',(#6308,#6309,#6310,#6311));
#1070=EDGE_LOOP('',(#6312,#6313,#6314,#6315));
#1071=EDGE_LOOP('',(#6316,#6317,#6318,#6319));
#1072=EDGE_LOOP('',(#6320,#6321,#6322,#6323));
#1073=EDGE_LOOP('',(#6324,#6325,#6326,#6327));
#1074=EDGE_LOOP('',(#6328,#6329,#6330,#6331));
#1075=EDGE_LOOP('',(#6332,#6333,#6334,#6335));
#1076=EDGE_LOOP('',(#6336,#6337,#6338,#6339));
#1077=EDGE_LOOP('',(#6340,#6341,#6342,#6343));
#1078=EDGE_LOOP('',(#6344,#6345,#6346,#6347));
#1079=EDGE_LOOP('',(#6348,#6349,#6350,#6351));
#1080=EDGE_LOOP('',(#6352,#6353,#6354,#6355));
#1081=EDGE_LOOP('',(#6356,#6357,#6358,#6359));
#1082=EDGE_LOOP('',(#6360,#6361,#6362,#6363));
#1083=EDGE_LOOP('',(#6364,#6365,#6366,#6367));
#1084=EDGE_LOOP('',(#6368,#6369,#6370,#6371));
#1085=EDGE_LOOP('',(#6372,#6373,#6374,#6375));
#1086=EDGE_LOOP('',(#6376,#6377,#6378,#6379));
#1087=EDGE_LOOP('',(#6380,#6381,#6382,#6383,#6384,#6385,#6386,#6387,#6388,
#6389,#6390,#6391,#6392,#6393,#6394,#6395,#6396,#6397,#6398,#6399,#6400,
#6401,#6402,#6403,#6404,#6405,#6406,#6407,#6408,#6409,#6410,#6411,#6412,
#6413));
#1088=EDGE_LOOP('',(#6414,#6415,#6416,#6417));
#1089=EDGE_LOOP('',(#6418,#6419,#6420,#6421));
#1090=EDGE_LOOP('',(#6422,#6423,#6424,#6425));
#1091=EDGE_LOOP('',(#6426,#6427,#6428,#6429));
#1092=EDGE_LOOP('',(#6430,#6431,#6432,#6433));
#1093=EDGE_LOOP('',(#6434,#6435,#6436,#6437));
#1094=EDGE_LOOP('',(#6438,#6439,#6440,#6441));
#1095=EDGE_LOOP('',(#6442,#6443,#6444,#6445));
#1096=EDGE_LOOP('',(#6446,#6447,#6448,#6449));
#1097=EDGE_LOOP('',(#6450,#6451,#6452,#6453));
#1098=EDGE_LOOP('',(#6454,#6455,#6456,#6457));
#1099=EDGE_LOOP('',(#6458,#6459,#6460,#6461));
#1100=EDGE_LOOP('',(#6462,#6463,#6464,#6465));
#1101=EDGE_LOOP('',(#6466,#6467,#6468,#6469));
#1102=EDGE_LOOP('',(#6470,#6471,#6472,#6473));
#1103=EDGE_LOOP('',(#6474,#6475,#6476,#6477));
#1104=EDGE_LOOP('',(#6478,#6479,#6480,#6481));
#1105=EDGE_LOOP('',(#6482,#6483,#6484,#6485));
#1106=EDGE_LOOP('',(#6486,#6487,#6488,#6489));
#1107=EDGE_LOOP('',(#6490,#6491,#6492,#6493));
#1108=EDGE_LOOP('',(#6494,#6495,#6496,#6497));
#1109=EDGE_LOOP('',(#6498,#6499,#6500,#6501));
#1110=EDGE_LOOP('',(#6502,#6503,#6504,#6505));
#1111=EDGE_LOOP('',(#6506,#6507,#6508,#6509));
#1112=EDGE_LOOP('',(#6510,#6511,#6512,#6513));
#1113=EDGE_LOOP('',(#6514,#6515,#6516,#6517));
#1114=EDGE_LOOP('',(#6518,#6519,#6520,#6521));
#1115=EDGE_LOOP('',(#6522,#6523,#6524,#6525));
#1116=EDGE_LOOP('',(#6526,#6527,#6528,#6529));
#1117=EDGE_LOOP('',(#6530,#6531,#6532,#6533));
#1118=EDGE_LOOP('',(#6534,#6535,#6536,#6537));
#1119=EDGE_LOOP('',(#6538,#6539,#6540,#6541));
#1120=EDGE_LOOP('',(#6542,#6543,#6544,#6545));
#1121=EDGE_LOOP('',(#6546,#6547,#6548,#6549));
#1122=EDGE_LOOP('',(#6550,#6551,#6552,#6553));
#1123=EDGE_LOOP('',(#6554,#6555,#6556,#6557));
#1124=EDGE_LOOP('',(#6558,#6559,#6560,#6561));
#1125=EDGE_LOOP('',(#6562,#6563,#6564,#6565));
#1126=EDGE_LOOP('',(#6566,#6567,#6568,#6569));
#1127=EDGE_LOOP('',(#6570,#6571,#6572,#6573));
#1128=EDGE_LOOP('',(#6574,#6575,#6576,#6577));
#1129=EDGE_LOOP('',(#6578,#6579,#6580,#6581));
#1130=EDGE_LOOP('',(#6582,#6583,#6584,#6585));
#1131=EDGE_LOOP('',(#6586,#6587,#6588,#6589));
#1132=EDGE_LOOP('',(#6590,#6591,#6592,#6593));
#1133=EDGE_LOOP('',(#6594,#6595,#6596,#6597));
#1134=EDGE_LOOP('',(#6598,#6599,#6600,#6601));
#1135=EDGE_LOOP('',(#6602,#6603,#6604,#6605));
#1136=EDGE_LOOP('',(#6606,#6607,#6608,#6609));
#1137=EDGE_LOOP('',(#6610,#6611,#6612,#6613));
#1138=EDGE_LOOP('',(#6614,#6615,#6616,#6617));
#1139=EDGE_LOOP('',(#6618,#6619,#6620,#6621));
#1140=EDGE_LOOP('',(#6622,#6623,#6624,#6625));
#1141=EDGE_LOOP('',(#6626,#6627,#6628,#6629));
#1142=EDGE_LOOP('',(#6630,#6631,#6632,#6633));
#1143=EDGE_LOOP('',(#6634,#6635,#6636,#6637));
#1144=EDGE_LOOP('',(#6638,#6639,#6640,#6641));
#1145=EDGE_LOOP('',(#6642,#6643,#6644,#6645));
#1146=EDGE_LOOP('',(#6646,#6647,#6648,#6649));
#1147=EDGE_LOOP('',(#6650,#6651,#6652,#6653));
#1148=EDGE_LOOP('',(#6654,#6655,#6656,#6657));
#1149=EDGE_LOOP('',(#6658,#6659,#6660,#6661));
#1150=EDGE_LOOP('',(#6662,#6663,#6664,#6665));
#1151=EDGE_LOOP('',(#6666,#6667,#6668,#6669));
#1152=EDGE_LOOP('',(#6670,#6671,#6672,#6673));
#1153=EDGE_LOOP('',(#6674,#6675,#6676,#6677));
#1154=EDGE_LOOP('',(#6678,#6679,#6680,#6681));
#1155=EDGE_LOOP('',(#6682,#6683,#6684,#6685));
#1156=EDGE_LOOP('',(#6686,#6687,#6688,#6689));
#1157=EDGE_LOOP('',(#6690,#6691,#6692,#6693));
#1158=EDGE_LOOP('',(#6694,#6695,#6696,#6697));
#1159=EDGE_LOOP('',(#6698,#6699,#6700,#6701));
#1160=EDGE_LOOP('',(#6702,#6703,#6704,#6705));
#1161=EDGE_LOOP('',(#6706,#6707,#6708,#6709));
#1162=EDGE_LOOP('',(#6710,#6711,#6712,#6713));
#1163=EDGE_LOOP('',(#6714,#6715,#6716,#6717));
#1164=EDGE_LOOP('',(#6718,#6719,#6720,#6721));
#1165=EDGE_LOOP('',(#6722,#6723,#6724,#6725));
#1166=EDGE_LOOP('',(#6726,#6727,#6728,#6729));
#1167=EDGE_LOOP('',(#6730,#6731,#6732,#6733));
#1168=EDGE_LOOP('',(#6734,#6735,#6736,#6737));
#1169=EDGE_LOOP('',(#6738,#6739,#6740,#6741));
#1170=EDGE_LOOP('',(#6742,#6743,#6744,#6745));
#1171=EDGE_LOOP('',(#6746,#6747,#6748,#6749));
#1172=EDGE_LOOP('',(#6750,#6751,#6752,#6753,#6754));
#1173=EDGE_LOOP('',(#6755,#6756,#6757,#6758));
#1174=EDGE_LOOP('',(#6759,#6760,#6761,#6762));
#1175=EDGE_LOOP('',(#6763,#6764,#6765,#6766,#6767));
#1176=EDGE_LOOP('',(#6768,#6769,#6770,#6771,#6772));
#1177=EDGE_LOOP('',(#6773,#6774,#6775,#6776,#6777,#6778,#6779,#6780,#6781,
#6782,#6783,#6784));
#1178=EDGE_LOOP('',(#6785,#6786,#6787,#6788,#6789,#6790,#6791,#6792,#6793,
#6794,#6795,#6796,#6797,#6798,#6799,#6800,#6801,#6802,#6803,#6804,#6805,
#6806,#6807,#6808,#6809,#6810,#6811,#6812,#6813,#6814,#6815,#6816));
#1179=EDGE_LOOP('',(#6817,#6818,#6819,#6820,#6821,#6822,#6823,#6824));
#1180=EDGE_LOOP('',(#6825,#6826,#6827,#6828));
#1181=EDGE_LOOP('',(#6829,#6830,#6831,#6832));
#1182=EDGE_LOOP('',(#6833,#6834,#6835,#6836));
#1183=EDGE_LOOP('',(#6837,#6838,#6839,#6840,#6841,#6842,#6843,#6844));
#1184=EDGE_LOOP('',(#6845,#6846,#6847,#6848));
#1185=EDGE_LOOP('',(#6849,#6850,#6851,#6852));
#1186=EDGE_LOOP('',(#6853,#6854,#6855,#6856));
#1187=EDGE_LOOP('',(#6857,#6858,#6859,#6860));
#1188=EDGE_LOOP('',(#6861,#6862,#6863,#6864));
#1189=EDGE_LOOP('',(#6865,#6866,#6867,#6868,#6869,#6870));
#1190=EDGE_LOOP('',(#6871,#6872,#6873,#6874));
#1191=EDGE_LOOP('',(#6875));
#1192=EDGE_LOOP('',(#6876,#6877,#6878,#6879));
#1193=EDGE_LOOP('',(#6880));
#1194=EDGE_LOOP('',(#6881,#6882,#6883,#6884));
#1195=EDGE_LOOP('',(#6885,#6886,#6887,#6888,#6889));
#1196=EDGE_LOOP('',(#6890,#6891,#6892,#6893));
#1197=EDGE_LOOP('',(#6894,#6895,#6896,#6897,#6898));
#1198=EDGE_LOOP('',(#6899,#6900,#6901,#6902));
#1199=EDGE_LOOP('',(#6903,#6904,#6905,#6906));
#1200=EDGE_LOOP('',(#6907,#6908,#6909,#6910));
#1201=EDGE_LOOP('',(#6911,#6912,#6913,#6914));
#1202=EDGE_LOOP('',(#6915,#6916,#6917,#6918));
#1203=EDGE_LOOP('',(#6919,#6920,#6921,#6922));
#1204=EDGE_LOOP('',(#6923,#6924,#6925,#6926));
#1205=EDGE_LOOP('',(#6927,#6928,#6929,#6930));
#1206=EDGE_LOOP('',(#6931,#6932,#6933,#6934));
#1207=EDGE_LOOP('',(#6935,#6936,#6937,#6938));
#1208=EDGE_LOOP('',(#6939,#6940,#6941,#6942));
#1209=EDGE_LOOP('',(#6943,#6944,#6945,#6946));
#1210=EDGE_LOOP('',(#6947,#6948,#6949,#6950));
#1211=EDGE_LOOP('',(#6951,#6952,#6953,#6954));
#1212=EDGE_LOOP('',(#6955,#6956,#6957,#6958));
#1213=EDGE_LOOP('',(#6959,#6960,#6961,#6962));
#1214=EDGE_LOOP('',(#6963,#6964,#6965,#6966));
#1215=EDGE_LOOP('',(#6967,#6968,#6969,#6970));
#1216=EDGE_LOOP('',(#6971,#6972,#6973,#6974));
#1217=EDGE_LOOP('',(#6975,#6976,#6977,#6978));
#1218=EDGE_LOOP('',(#6979,#6980,#6981,#6982));
#1219=EDGE_LOOP('',(#6983,#6984,#6985,#6986));
#1220=EDGE_LOOP('',(#6987,#6988,#6989,#6990));
#1221=EDGE_LOOP('',(#6991,#6992,#6993,#6994));
#1222=EDGE_LOOP('',(#6995,#6996,#6997,#6998));
#1223=EDGE_LOOP('',(#6999,#7000,#7001,#7002));
#1224=EDGE_LOOP('',(#7003,#7004,#7005,#7006));
#1225=EDGE_LOOP('',(#7007,#7008,#7009,#7010));
#1226=EDGE_LOOP('',(#7011,#7012,#7013,#7014));
#1227=EDGE_LOOP('',(#7015,#7016,#7017,#7018));
#1228=EDGE_LOOP('',(#7019,#7020,#7021,#7022));
#1229=EDGE_LOOP('',(#7023,#7024,#7025,#7026));
#1230=EDGE_LOOP('',(#7027,#7028,#7029,#7030));
#1231=EDGE_LOOP('',(#7031,#7032,#7033,#7034));
#1232=EDGE_LOOP('',(#7035,#7036,#7037,#7038));
#1233=EDGE_LOOP('',(#7039,#7040,#7041,#7042));
#1234=EDGE_LOOP('',(#7043,#7044,#7045,#7046));
#1235=EDGE_LOOP('',(#7047,#7048,#7049,#7050));
#1236=EDGE_LOOP('',(#7051,#7052,#7053,#7054));
#1237=EDGE_LOOP('',(#7055,#7056,#7057,#7058));
#1238=EDGE_LOOP('',(#7059,#7060,#7061,#7062));
#1239=EDGE_LOOP('',(#7063,#7064,#7065,#7066));
#1240=EDGE_LOOP('',(#7067,#7068,#7069,#7070));
#1241=EDGE_LOOP('',(#7071,#7072,#7073,#7074));
#1242=EDGE_LOOP('',(#7075,#7076,#7077,#7078));
#1243=EDGE_LOOP('',(#7079,#7080,#7081,#7082));
#1244=EDGE_LOOP('',(#7083,#7084,#7085,#7086));
#1245=EDGE_LOOP('',(#7087,#7088,#7089,#7090));
#1246=EDGE_LOOP('',(#7091,#7092,#7093,#7094));
#1247=EDGE_LOOP('',(#7095,#7096,#7097,#7098,#7099));
#1248=EDGE_LOOP('',(#7100,#7101,#7102,#7103));
#1249=EDGE_LOOP('',(#7104,#7105,#7106,#7107,#7108));
#1250=EDGE_LOOP('',(#7109,#7110,#7111,#7112));
#1251=EDGE_LOOP('',(#7113,#7114,#7115,#7116));
#1252=EDGE_LOOP('',(#7117,#7118,#7119,#7120));
#1253=EDGE_LOOP('',(#7121,#7122,#7123,#7124));
#1254=EDGE_LOOP('',(#7125,#7126,#7127,#7128));
#1255=EDGE_LOOP('',(#7129,#7130,#7131,#7132));
#1256=EDGE_LOOP('',(#7133,#7134,#7135,#7136));
#1257=EDGE_LOOP('',(#7137,#7138,#7139,#7140));
#1258=EDGE_LOOP('',(#7141,#7142,#7143,#7144));
#1259=EDGE_LOOP('',(#7145,#7146,#7147,#7148));
#1260=EDGE_LOOP('',(#7149,#7150,#7151,#7152));
#1261=EDGE_LOOP('',(#7153,#7154,#7155,#7156));
#1262=EDGE_LOOP('',(#7157,#7158,#7159,#7160));
#1263=EDGE_LOOP('',(#7161,#7162,#7163,#7164));
#1264=EDGE_LOOP('',(#7165,#7166,#7167,#7168));
#1265=EDGE_LOOP('',(#7169,#7170,#7171,#7172));
#1266=EDGE_LOOP('',(#7173,#7174,#7175,#7176));
#1267=EDGE_LOOP('',(#7177,#7178,#7179,#7180));
#1268=EDGE_LOOP('',(#7181,#7182,#7183,#7184));
#1269=EDGE_LOOP('',(#7185,#7186,#7187,#7188));
#1270=EDGE_LOOP('',(#7189,#7190,#7191,#7192));
#1271=EDGE_LOOP('',(#7193,#7194,#7195,#7196));
#1272=EDGE_LOOP('',(#7197,#7198,#7199,#7200));
#1273=EDGE_LOOP('',(#7201,#7202,#7203,#7204));
#1274=EDGE_LOOP('',(#7205,#7206,#7207,#7208));
#1275=EDGE_LOOP('',(#7209,#7210,#7211,#7212));
#1276=EDGE_LOOP('',(#7213,#7214,#7215,#7216));
#1277=EDGE_LOOP('',(#7217,#7218,#7219,#7220));
#1278=EDGE_LOOP('',(#7221,#7222,#7223,#7224));
#1279=EDGE_LOOP('',(#7225,#7226,#7227,#7228));
#1280=EDGE_LOOP('',(#7229,#7230,#7231,#7232));
#1281=EDGE_LOOP('',(#7233,#7234,#7235,#7236));
#1282=EDGE_LOOP('',(#7237,#7238,#7239,#7240));
#1283=EDGE_LOOP('',(#7241,#7242,#7243,#7244));
#1284=EDGE_LOOP('',(#7245,#7246,#7247,#7248));
#1285=EDGE_LOOP('',(#7249,#7250,#7251,#7252));
#1286=EDGE_LOOP('',(#7253,#7254,#7255,#7256));
#1287=EDGE_LOOP('',(#7257,#7258,#7259,#7260));
#1288=EDGE_LOOP('',(#7261,#7262,#7263,#7264));
#1289=EDGE_LOOP('',(#7265,#7266,#7267,#7268));
#1290=EDGE_LOOP('',(#7269,#7270,#7271,#7272));
#1291=EDGE_LOOP('',(#7273,#7274,#7275,#7276));
#1292=EDGE_LOOP('',(#7277,#7278,#7279,#7280));
#1293=EDGE_LOOP('',(#7281,#7282,#7283,#7284));
#1294=EDGE_LOOP('',(#7285,#7286,#7287,#7288));
#1295=EDGE_LOOP('',(#7289,#7290,#7291,#7292));
#1296=EDGE_LOOP('',(#7293,#7294,#7295,#7296));
#1297=EDGE_LOOP('',(#7297,#7298,#7299,#7300));
#1298=EDGE_LOOP('',(#7301,#7302,#7303,#7304));
#1299=EDGE_LOOP('',(#7305,#7306,#7307,#7308,#7309));
#1300=EDGE_LOOP('',(#7310,#7311,#7312,#7313));
#1301=EDGE_LOOP('',(#7314,#7315,#7316,#7317,#7318));
#1302=EDGE_LOOP('',(#7319,#7320,#7321,#7322));
#1303=EDGE_LOOP('',(#7323,#7324,#7325,#7326));
#1304=EDGE_LOOP('',(#7327,#7328,#7329,#7330));
#1305=EDGE_LOOP('',(#7331,#7332,#7333,#7334));
#1306=EDGE_LOOP('',(#7335,#7336,#7337,#7338));
#1307=EDGE_LOOP('',(#7339,#7340,#7341,#7342));
#1308=EDGE_LOOP('',(#7343,#7344,#7345,#7346));
#1309=EDGE_LOOP('',(#7347,#7348,#7349,#7350));
#1310=EDGE_LOOP('',(#7351,#7352,#7353,#7354));
#1311=EDGE_LOOP('',(#7355,#7356,#7357,#7358));
#1312=EDGE_LOOP('',(#7359,#7360,#7361,#7362));
#1313=EDGE_LOOP('',(#7363,#7364,#7365,#7366));
#1314=EDGE_LOOP('',(#7367,#7368,#7369,#7370));
#1315=EDGE_LOOP('',(#7371,#7372,#7373,#7374));
#1316=EDGE_LOOP('',(#7375,#7376,#7377,#7378));
#1317=EDGE_LOOP('',(#7379,#7380,#7381,#7382));
#1318=EDGE_LOOP('',(#7383,#7384,#7385,#7386));
#1319=EDGE_LOOP('',(#7387,#7388,#7389,#7390));
#1320=EDGE_LOOP('',(#7391,#7392,#7393,#7394));
#1321=EDGE_LOOP('',(#7395,#7396,#7397,#7398));
#1322=EDGE_LOOP('',(#7399,#7400,#7401,#7402));
#1323=EDGE_LOOP('',(#7403,#7404,#7405,#7406));
#1324=EDGE_LOOP('',(#7407,#7408,#7409,#7410));
#1325=EDGE_LOOP('',(#7411,#7412,#7413,#7414));
#1326=EDGE_LOOP('',(#7415,#7416,#7417,#7418));
#1327=EDGE_LOOP('',(#7419,#7420,#7421,#7422));
#1328=EDGE_LOOP('',(#7423,#7424,#7425,#7426));
#1329=EDGE_LOOP('',(#7427,#7428,#7429,#7430));
#1330=EDGE_LOOP('',(#7431,#7432,#7433,#7434));
#1331=EDGE_LOOP('',(#7435,#7436,#7437,#7438));
#1332=EDGE_LOOP('',(#7439,#7440,#7441,#7442));
#1333=EDGE_LOOP('',(#7443,#7444,#7445,#7446));
#1334=EDGE_LOOP('',(#7447,#7448,#7449,#7450));
#1335=EDGE_LOOP('',(#7451,#7452,#7453,#7454));
#1336=EDGE_LOOP('',(#7455,#7456,#7457,#7458));
#1337=EDGE_LOOP('',(#7459,#7460,#7461,#7462));
#1338=EDGE_LOOP('',(#7463,#7464,#7465,#7466));
#1339=EDGE_LOOP('',(#7467,#7468,#7469,#7470));
#1340=EDGE_LOOP('',(#7471,#7472,#7473,#7474));
#1341=EDGE_LOOP('',(#7475,#7476,#7477,#7478));
#1342=EDGE_LOOP('',(#7479,#7480,#7481,#7482));
#1343=EDGE_LOOP('',(#7483,#7484,#7485,#7486));
#1344=EDGE_LOOP('',(#7487,#7488,#7489,#7490));
#1345=EDGE_LOOP('',(#7491,#7492,#7493,#7494));
#1346=EDGE_LOOP('',(#7495,#7496,#7497,#7498));
#1347=EDGE_LOOP('',(#7499,#7500,#7501,#7502));
#1348=EDGE_LOOP('',(#7503,#7504,#7505,#7506));
#1349=EDGE_LOOP('',(#7507,#7508,#7509,#7510));
#1350=EDGE_LOOP('',(#7511,#7512,#7513,#7514));
#1351=EDGE_LOOP('',(#7515,#7516,#7517,#7518,#7519));
#1352=EDGE_LOOP('',(#7520,#7521,#7522,#7523));
#1353=EDGE_LOOP('',(#7524,#7525,#7526,#7527,#7528));
#1354=EDGE_LOOP('',(#7529,#7530,#7531,#7532));
#1355=EDGE_LOOP('',(#7533,#7534,#7535,#7536));
#1356=EDGE_LOOP('',(#7537,#7538,#7539,#7540));
#1357=EDGE_LOOP('',(#7541,#7542,#7543,#7544));
#1358=EDGE_LOOP('',(#7545,#7546,#7547,#7548));
#1359=EDGE_LOOP('',(#7549,#7550,#7551,#7552));
#1360=EDGE_LOOP('',(#7553,#7554,#7555,#7556));
#1361=EDGE_LOOP('',(#7557,#7558,#7559,#7560));
#1362=EDGE_LOOP('',(#7561,#7562,#7563,#7564));
#1363=EDGE_LOOP('',(#7565,#7566,#7567,#7568));
#1364=EDGE_LOOP('',(#7569,#7570,#7571,#7572));
#1365=EDGE_LOOP('',(#7573,#7574,#7575,#7576));
#1366=EDGE_LOOP('',(#7577,#7578,#7579,#7580));
#1367=EDGE_LOOP('',(#7581,#7582,#7583,#7584));
#1368=EDGE_LOOP('',(#7585,#7586,#7587,#7588));
#1369=EDGE_LOOP('',(#7589,#7590,#7591,#7592));
#1370=EDGE_LOOP('',(#7593,#7594,#7595,#7596));
#1371=EDGE_LOOP('',(#7597,#7598,#7599,#7600));
#1372=EDGE_LOOP('',(#7601,#7602,#7603,#7604));
#1373=EDGE_LOOP('',(#7605,#7606,#7607,#7608));
#1374=EDGE_LOOP('',(#7609,#7610,#7611,#7612));
#1375=EDGE_LOOP('',(#7613,#7614,#7615,#7616));
#1376=EDGE_LOOP('',(#7617,#7618,#7619,#7620));
#1377=EDGE_LOOP('',(#7621,#7622,#7623,#7624));
#1378=EDGE_LOOP('',(#7625,#7626,#7627,#7628));
#1379=EDGE_LOOP('',(#7629,#7630,#7631,#7632));
#1380=EDGE_LOOP('',(#7633,#7634,#7635,#7636));
#1381=EDGE_LOOP('',(#7637,#7638,#7639,#7640));
#1382=EDGE_LOOP('',(#7641,#7642,#7643,#7644));
#1383=EDGE_LOOP('',(#7645,#7646,#7647,#7648));
#1384=EDGE_LOOP('',(#7649,#7650,#7651,#7652));
#1385=EDGE_LOOP('',(#7653,#7654,#7655,#7656));
#1386=EDGE_LOOP('',(#7657,#7658,#7659,#7660));
#1387=EDGE_LOOP('',(#7661,#7662,#7663,#7664));
#1388=EDGE_LOOP('',(#7665,#7666,#7667,#7668));
#1389=EDGE_LOOP('',(#7669,#7670,#7671,#7672));
#1390=EDGE_LOOP('',(#7673,#7674,#7675,#7676));
#1391=EDGE_LOOP('',(#7677,#7678,#7679,#7680));
#1392=EDGE_LOOP('',(#7681,#7682,#7683,#7684));
#1393=EDGE_LOOP('',(#7685,#7686,#7687,#7688));
#1394=EDGE_LOOP('',(#7689,#7690,#7691,#7692));
#1395=EDGE_LOOP('',(#7693,#7694,#7695,#7696));
#1396=EDGE_LOOP('',(#7697,#7698,#7699,#7700));
#1397=EDGE_LOOP('',(#7701,#7702,#7703,#7704));
#1398=EDGE_LOOP('',(#7705,#7706,#7707,#7708));
#1399=EDGE_LOOP('',(#7709,#7710,#7711,#7712,#7713));
#1400=EDGE_LOOP('',(#7714,#7715,#7716,#7717));
#1401=EDGE_LOOP('',(#7718,#7719,#7720,#7721,#7722));
#1402=EDGE_LOOP('',(#7723,#7724,#7725,#7726));
#1403=EDGE_LOOP('',(#7727,#7728,#7729,#7730));
#1404=EDGE_LOOP('',(#7731,#7732,#7733,#7734));
#1405=EDGE_LOOP('',(#7735,#7736,#7737,#7738));
#1406=EDGE_LOOP('',(#7739,#7740,#7741,#7742));
#1407=EDGE_LOOP('',(#7743,#7744,#7745,#7746));
#1408=EDGE_LOOP('',(#7747,#7748,#7749,#7750));
#1409=EDGE_LOOP('',(#7751,#7752,#7753,#7754));
#1410=EDGE_LOOP('',(#7755,#7756,#7757,#7758));
#1411=EDGE_LOOP('',(#7759,#7760,#7761,#7762));
#1412=EDGE_LOOP('',(#7763,#7764,#7765,#7766));
#1413=EDGE_LOOP('',(#7767,#7768,#7769,#7770));
#1414=EDGE_LOOP('',(#7771,#7772,#7773,#7774));
#1415=EDGE_LOOP('',(#7775,#7776,#7777,#7778));
#1416=EDGE_LOOP('',(#7779,#7780,#7781,#7782));
#1417=EDGE_LOOP('',(#7783,#7784,#7785,#7786));
#1418=EDGE_LOOP('',(#7787,#7788,#7789,#7790));
#1419=EDGE_LOOP('',(#7791,#7792,#7793,#7794));
#1420=EDGE_LOOP('',(#7795,#7796,#7797,#7798));
#1421=EDGE_LOOP('',(#7799,#7800,#7801,#7802));
#1422=EDGE_LOOP('',(#7803,#7804,#7805,#7806));
#1423=EDGE_LOOP('',(#7807,#7808,#7809,#7810));
#1424=EDGE_LOOP('',(#7811,#7812,#7813,#7814));
#1425=EDGE_LOOP('',(#7815,#7816,#7817,#7818));
#1426=EDGE_LOOP('',(#7819,#7820,#7821,#7822));
#1427=EDGE_LOOP('',(#7823,#7824,#7825,#7826));
#1428=EDGE_LOOP('',(#7827,#7828,#7829,#7830));
#1429=EDGE_LOOP('',(#7831,#7832,#7833,#7834));
#1430=EDGE_LOOP('',(#7835,#7836,#7837,#7838));
#1431=EDGE_LOOP('',(#7839,#7840,#7841,#7842));
#1432=EDGE_LOOP('',(#7843,#7844,#7845,#7846));
#1433=EDGE_LOOP('',(#7847,#7848,#7849,#7850));
#1434=EDGE_LOOP('',(#7851,#7852,#7853,#7854));
#1435=EDGE_LOOP('',(#7855,#7856,#7857,#7858));
#1436=EDGE_LOOP('',(#7859,#7860,#7861,#7862));
#1437=EDGE_LOOP('',(#7863,#7864,#7865,#7866));
#1438=EDGE_LOOP('',(#7867,#7868,#7869,#7870));
#1439=EDGE_LOOP('',(#7871,#7872,#7873,#7874));
#1440=EDGE_LOOP('',(#7875,#7876,#7877,#7878));
#1441=EDGE_LOOP('',(#7879,#7880,#7881,#7882));
#1442=EDGE_LOOP('',(#7883,#7884,#7885,#7886));
#1443=EDGE_LOOP('',(#7887,#7888,#7889,#7890));
#1444=EDGE_LOOP('',(#7891,#7892,#7893,#7894));
#1445=EDGE_LOOP('',(#7895,#7896,#7897,#7898));
#1446=EDGE_LOOP('',(#7899,#7900,#7901,#7902));
#1447=EDGE_LOOP('',(#7903,#7904,#7905,#7906));
#1448=EDGE_LOOP('',(#7907,#7908,#7909,#7910));
#1449=EDGE_LOOP('',(#7911,#7912,#7913,#7914));
#1450=EDGE_LOOP('',(#7915,#7916,#7917,#7918));
#1451=EDGE_LOOP('',(#7919,#7920,#7921,#7922,#7923));
#1452=EDGE_LOOP('',(#7924,#7925,#7926,#7927));
#1453=EDGE_LOOP('',(#7928,#7929,#7930,#7931,#7932));
#1454=EDGE_LOOP('',(#7933,#7934,#7935,#7936));
#1455=EDGE_LOOP('',(#7937,#7938,#7939,#7940));
#1456=EDGE_LOOP('',(#7941,#7942,#7943,#7944));
#1457=EDGE_LOOP('',(#7945,#7946,#7947,#7948));
#1458=EDGE_LOOP('',(#7949,#7950,#7951,#7952));
#1459=EDGE_LOOP('',(#7953,#7954,#7955,#7956));
#1460=EDGE_LOOP('',(#7957,#7958,#7959,#7960));
#1461=EDGE_LOOP('',(#7961,#7962,#7963,#7964));
#1462=EDGE_LOOP('',(#7965,#7966,#7967,#7968));
#1463=EDGE_LOOP('',(#7969,#7970,#7971,#7972));
#1464=EDGE_LOOP('',(#7973,#7974,#7975,#7976));
#1465=EDGE_LOOP('',(#7977,#7978,#7979,#7980));
#1466=EDGE_LOOP('',(#7981,#7982,#7983,#7984));
#1467=EDGE_LOOP('',(#7985,#7986,#7987,#7988));
#1468=EDGE_LOOP('',(#7989,#7990,#7991,#7992));
#1469=EDGE_LOOP('',(#7993,#7994,#7995,#7996));
#1470=EDGE_LOOP('',(#7997,#7998,#7999,#8000));
#1471=EDGE_LOOP('',(#8001,#8002,#8003,#8004));
#1472=EDGE_LOOP('',(#8005,#8006,#8007,#8008));
#1473=EDGE_LOOP('',(#8009,#8010,#8011,#8012));
#1474=EDGE_LOOP('',(#8013,#8014,#8015,#8016));
#1475=EDGE_LOOP('',(#8017,#8018,#8019,#8020));
#1476=EDGE_LOOP('',(#8021,#8022,#8023,#8024));
#1477=EDGE_LOOP('',(#8025,#8026,#8027,#8028));
#1478=EDGE_LOOP('',(#8029,#8030,#8031,#8032));
#1479=EDGE_LOOP('',(#8033,#8034,#8035,#8036));
#1480=EDGE_LOOP('',(#8037,#8038,#8039,#8040));
#1481=EDGE_LOOP('',(#8041,#8042,#8043,#8044));
#1482=EDGE_LOOP('',(#8045,#8046,#8047,#8048));
#1483=EDGE_LOOP('',(#8049,#8050,#8051,#8052));
#1484=EDGE_LOOP('',(#8053,#8054,#8055,#8056));
#1485=EDGE_LOOP('',(#8057,#8058,#8059,#8060));
#1486=EDGE_LOOP('',(#8061,#8062,#8063,#8064));
#1487=EDGE_LOOP('',(#8065,#8066,#8067,#8068));
#1488=EDGE_LOOP('',(#8069,#8070,#8071,#8072));
#1489=EDGE_LOOP('',(#8073,#8074,#8075,#8076));
#1490=EDGE_LOOP('',(#8077,#8078,#8079,#8080));
#1491=EDGE_LOOP('',(#8081,#8082,#8083,#8084));
#1492=EDGE_LOOP('',(#8085,#8086,#8087,#8088));
#1493=EDGE_LOOP('',(#8089,#8090,#8091,#8092));
#1494=EDGE_LOOP('',(#8093,#8094,#8095,#8096));
#1495=EDGE_LOOP('',(#8097,#8098,#8099,#8100));
#1496=EDGE_LOOP('',(#8101,#8102,#8103,#8104));
#1497=EDGE_LOOP('',(#8105,#8106,#8107,#8108));
#1498=EDGE_LOOP('',(#8109,#8110,#8111,#8112));
#1499=EDGE_LOOP('',(#8113,#8114,#8115,#8116));
#1500=EDGE_LOOP('',(#8117,#8118,#8119,#8120));
#1501=EDGE_LOOP('',(#8121,#8122,#8123,#8124));
#1502=EDGE_LOOP('',(#8125,#8126,#8127,#8128));
#1503=EDGE_LOOP('',(#8129,#8130,#8131,#8132,#8133));
#1504=EDGE_LOOP('',(#8134,#8135,#8136,#8137));
#1505=EDGE_LOOP('',(#8138,#8139,#8140,#8141,#8142));
#1506=EDGE_LOOP('',(#8143,#8144,#8145,#8146));
#1507=EDGE_LOOP('',(#8147,#8148,#8149,#8150));
#1508=EDGE_LOOP('',(#8151,#8152,#8153,#8154));
#1509=EDGE_LOOP('',(#8155,#8156,#8157,#8158));
#1510=EDGE_LOOP('',(#8159,#8160,#8161,#8162));
#1511=EDGE_LOOP('',(#8163,#8164,#8165,#8166));
#1512=EDGE_LOOP('',(#8167,#8168,#8169,#8170));
#1513=EDGE_LOOP('',(#8171,#8172,#8173,#8174));
#1514=EDGE_LOOP('',(#8175,#8176,#8177,#8178));
#1515=EDGE_LOOP('',(#8179,#8180,#8181,#8182));
#1516=EDGE_LOOP('',(#8183,#8184,#8185,#8186));
#1517=EDGE_LOOP('',(#8187,#8188,#8189,#8190));
#1518=EDGE_LOOP('',(#8191,#8192,#8193,#8194));
#1519=EDGE_LOOP('',(#8195,#8196,#8197,#8198));
#1520=EDGE_LOOP('',(#8199,#8200,#8201,#8202));
#1521=EDGE_LOOP('',(#8203,#8204,#8205,#8206));
#1522=EDGE_LOOP('',(#8207,#8208,#8209,#8210));
#1523=EDGE_LOOP('',(#8211,#8212,#8213,#8214));
#1524=EDGE_LOOP('',(#8215,#8216,#8217,#8218));
#1525=EDGE_LOOP('',(#8219,#8220,#8221,#8222));
#1526=EDGE_LOOP('',(#8223,#8224,#8225,#8226));
#1527=EDGE_LOOP('',(#8227,#8228,#8229,#8230));
#1528=EDGE_LOOP('',(#8231,#8232,#8233,#8234));
#1529=EDGE_LOOP('',(#8235,#8236,#8237,#8238));
#1530=EDGE_LOOP('',(#8239,#8240,#8241,#8242));
#1531=EDGE_LOOP('',(#8243,#8244,#8245,#8246));
#1532=EDGE_LOOP('',(#8247,#8248,#8249,#8250));
#1533=EDGE_LOOP('',(#8251,#8252,#8253,#8254));
#1534=EDGE_LOOP('',(#8255,#8256,#8257,#8258));
#1535=EDGE_LOOP('',(#8259,#8260,#8261,#8262));
#1536=EDGE_LOOP('',(#8263,#8264,#8265,#8266));
#1537=EDGE_LOOP('',(#8267,#8268,#8269,#8270));
#1538=EDGE_LOOP('',(#8271,#8272,#8273,#8274));
#1539=EDGE_LOOP('',(#8275,#8276,#8277,#8278));
#1540=EDGE_LOOP('',(#8279,#8280,#8281,#8282));
#1541=EDGE_LOOP('',(#8283,#8284,#8285,#8286));
#1542=EDGE_LOOP('',(#8287,#8288,#8289,#8290));
#1543=EDGE_LOOP('',(#8291,#8292,#8293,#8294));
#1544=EDGE_LOOP('',(#8295,#8296,#8297,#8298));
#1545=EDGE_LOOP('',(#8299,#8300,#8301,#8302));
#1546=EDGE_LOOP('',(#8303,#8304,#8305,#8306));
#1547=EDGE_LOOP('',(#8307,#8308,#8309,#8310));
#1548=EDGE_LOOP('',(#8311,#8312,#8313,#8314));
#1549=EDGE_LOOP('',(#8315,#8316,#8317,#8318));
#1550=EDGE_LOOP('',(#8319,#8320,#8321,#8322));
#1551=EDGE_LOOP('',(#8323,#8324,#8325,#8326));
#1552=EDGE_LOOP('',(#8327,#8328,#8329,#8330));
#1553=EDGE_LOOP('',(#8331,#8332,#8333,#8334));
#1554=EDGE_LOOP('',(#8335,#8336,#8337,#8338));
#1555=EDGE_LOOP('',(#8339,#8340,#8341,#8342));
#1556=EDGE_LOOP('',(#8343,#8344,#8345,#8346));
#1557=EDGE_LOOP('',(#8347,#8348,#8349,#8350));
#1558=EDGE_LOOP('',(#8351,#8352,#8353,#8354));
#1559=EDGE_LOOP('',(#8355,#8356,#8357,#8358));
#1560=EDGE_LOOP('',(#8359,#8360,#8361,#8362));
#1561=EDGE_LOOP('',(#8363,#8364,#8365,#8366));
#1562=EDGE_LOOP('',(#8367,#8368,#8369,#8370));
#1563=EDGE_LOOP('',(#8371,#8372,#8373,#8374));
#1564=CIRCLE('',#8801,0.6);
#1565=CIRCLE('',#8806,0.6);
#1566=CIRCLE('',#8813,0.400000000000108);
#1567=CIRCLE('',#8814,0.400000000000108);
#1568=CIRCLE('',#8815,3.125);
#1569=CIRCLE('',#8816,3.125);
#1570=CIRCLE('',#8821,1.95000000000007);
#1571=CIRCLE('',#8822,0.500000000000074);
#1572=CIRCLE('',#8827,0.400000000000108);
#1573=CIRCLE('',#8828,0.400000000000108);
#1574=CIRCLE('',#8831,1.95000000000007);
#1575=CIRCLE('',#8836,1.95000000000007);
#1576=CIRCLE('',#8843,1.95000000000007);
#1577=CIRCLE('',#8845,3.125);
#1578=CIRCLE('',#8848,3.125);
#1579=LINE('',#11257,#2764);
#1580=LINE('',#11264,#2765);
#1581=LINE('',#11267,#2766);
#1582=LINE('',#11271,#2767);
#1583=LINE('',#11273,#2768);
#1584=LINE('',#11274,#2769);
#1585=LINE('',#11277,#2770);
#1586=LINE('',#11281,#2771);
#1587=LINE('',#11283,#2772);
#1588=LINE('',#11285,#2773);
#1589=LINE('',#11291,#2774);
#1590=LINE('',#11292,#2775);
#1591=LINE('',#11295,#2776);
#1592=LINE('',#11296,#2777);
#1593=LINE('',#11299,#2778);
#1594=LINE('',#11301,#2779);
#1595=LINE('',#11303,#2780);
#1596=LINE('',#11305,#2781);
#1597=LINE('',#11307,#2782);
#1598=LINE('',#11309,#2783);
#1599=LINE('',#11313,#2784);
#1600=LINE('',#11317,#2785);
#1601=LINE('',#11319,#2786);
#1602=LINE('',#11321,#2787);
#1603=LINE('',#11322,#2788);
#1604=LINE('',#11329,#2789);
#1605=LINE('',#11331,#2790);
#1606=LINE('',#11333,#2791);
#1607=LINE('',#11334,#2792);
#1608=LINE('',#11337,#2793);
#1609=LINE('',#11339,#2794);
#1610=LINE('',#11341,#2795);
#1611=LINE('',#11342,#2796);
#1612=LINE('',#11345,#2797);
#1613=LINE('',#11347,#2798);
#1614=LINE('',#11349,#2799);
#1615=LINE('',#11350,#2800);
#1616=LINE('',#11353,#2801);
#1617=LINE('',#11355,#2802);
#1618=LINE('',#11357,#2803);
#1619=LINE('',#11358,#2804);
#1620=LINE('',#11361,#2805);
#1621=LINE('',#11363,#2806);
#1622=LINE('',#11365,#2807);
#1623=LINE('',#11366,#2808);
#1624=LINE('',#11369,#2809);
#1625=LINE('',#11371,#2810);
#1626=LINE('',#11373,#2811);
#1627=LINE('',#11374,#2812);
#1628=LINE('',#11377,#2813);
#1629=LINE('',#11379,#2814);
#1630=LINE('',#11381,#2815);
#1631=LINE('',#11382,#2816);
#1632=LINE('',#11385,#2817);
#1633=LINE('',#11387,#2818);
#1634=LINE('',#11389,#2819);
#1635=LINE('',#11390,#2820);
#1636=LINE('',#11393,#2821);
#1637=LINE('',#11395,#2822);
#1638=LINE('',#11397,#2823);
#1639=LINE('',#11398,#2824);
#1640=LINE('',#11401,#2825);
#1641=LINE('',#11403,#2826);
#1642=LINE('',#11405,#2827);
#1643=LINE('',#11406,#2828);
#1644=LINE('',#11409,#2829);
#1645=LINE('',#11411,#2830);
#1646=LINE('',#11413,#2831);
#1647=LINE('',#11414,#2832);
#1648=LINE('',#11417,#2833);
#1649=LINE('',#11419,#2834);
#1650=LINE('',#11421,#2835);
#1651=LINE('',#11422,#2836);
#1652=LINE('',#11425,#2837);
#1653=LINE('',#11427,#2838);
#1654=LINE('',#11429,#2839);
#1655=LINE('',#11430,#2840);
#1656=LINE('',#11433,#2841);
#1657=LINE('',#11435,#2842);
#1658=LINE('',#11437,#2843);
#1659=LINE('',#11438,#2844);
#1660=LINE('',#11441,#2845);
#1661=LINE('',#11443,#2846);
#1662=LINE('',#11445,#2847);
#1663=LINE('',#11446,#2848);
#1664=LINE('',#11449,#2849);
#1665=LINE('',#11451,#2850);
#1666=LINE('',#11453,#2851);
#1667=LINE('',#11454,#2852);
#1668=LINE('',#11457,#2853);
#1669=LINE('',#11459,#2854);
#1670=LINE('',#11461,#2855);
#1671=LINE('',#11462,#2856);
#1672=LINE('',#11465,#2857);
#1673=LINE('',#11467,#2858);
#1674=LINE('',#11469,#2859);
#1675=LINE('',#11470,#2860);
#1676=LINE('',#11473,#2861);
#1677=LINE('',#11475,#2862);
#1678=LINE('',#11477,#2863);
#1679=LINE('',#11478,#2864);
#1680=LINE('',#11481,#2865);
#1681=LINE('',#11483,#2866);
#1682=LINE('',#11485,#2867);
#1683=LINE('',#11486,#2868);
#1684=LINE('',#11489,#2869);
#1685=LINE('',#11491,#2870);
#1686=LINE('',#11493,#2871);
#1687=LINE('',#11494,#2872);
#1688=LINE('',#11497,#2873);
#1689=LINE('',#11499,#2874);
#1690=LINE('',#11501,#2875);
#1691=LINE('',#11502,#2876);
#1692=LINE('',#11505,#2877);
#1693=LINE('',#11507,#2878);
#1694=LINE('',#11509,#2879);
#1695=LINE('',#11510,#2880);
#1696=LINE('',#11513,#2881);
#1697=LINE('',#11515,#2882);
#1698=LINE('',#11517,#2883);
#1699=LINE('',#11518,#2884);
#1700=LINE('',#11521,#2885);
#1701=LINE('',#11523,#2886);
#1702=LINE('',#11525,#2887);
#1703=LINE('',#11526,#2888);
#1704=LINE('',#11529,#2889);
#1705=LINE('',#11531,#2890);
#1706=LINE('',#11533,#2891);
#1707=LINE('',#11534,#2892);
#1708=LINE('',#11537,#2893);
#1709=LINE('',#11539,#2894);
#1710=LINE('',#11541,#2895);
#1711=LINE('',#11542,#2896);
#1712=LINE('',#11545,#2897);
#1713=LINE('',#11547,#2898);
#1714=LINE('',#11549,#2899);
#1715=LINE('',#11550,#2900);
#1716=LINE('',#11553,#2901);
#1717=LINE('',#11555,#2902);
#1718=LINE('',#11557,#2903);
#1719=LINE('',#11558,#2904);
#1720=LINE('',#11561,#2905);
#1721=LINE('',#11563,#2906);
#1722=LINE('',#11565,#2907);
#1723=LINE('',#11566,#2908);
#1724=LINE('',#11569,#2909);
#1725=LINE('',#11571,#2910);
#1726=LINE('',#11573,#2911);
#1727=LINE('',#11574,#2912);
#1728=LINE('',#11577,#2913);
#1729=LINE('',#11579,#2914);
#1730=LINE('',#11581,#2915);
#1731=LINE('',#11582,#2916);
#1732=LINE('',#11585,#2917);
#1733=LINE('',#11587,#2918);
#1734=LINE('',#11589,#2919);
#1735=LINE('',#11590,#2920);
#1736=LINE('',#11593,#2921);
#1737=LINE('',#11595,#2922);
#1738=LINE('',#11597,#2923);
#1739=LINE('',#11598,#2924);
#1740=LINE('',#11601,#2925);
#1741=LINE('',#11603,#2926);
#1742=LINE('',#11605,#2927);
#1743=LINE('',#11606,#2928);
#1744=LINE('',#11609,#2929);
#1745=LINE('',#11611,#2930);
#1746=LINE('',#11613,#2931);
#1747=LINE('',#11614,#2932);
#1748=LINE('',#11617,#2933);
#1749=LINE('',#11619,#2934);
#1750=LINE('',#11621,#2935);
#1751=LINE('',#11622,#2936);
#1752=LINE('',#11625,#2937);
#1753=LINE('',#11627,#2938);
#1754=LINE('',#11629,#2939);
#1755=LINE('',#11630,#2940);
#1756=LINE('',#11633,#2941);
#1757=LINE('',#11635,#2942);
#1758=LINE('',#11637,#2943);
#1759=LINE('',#11638,#2944);
#1760=LINE('',#11641,#2945);
#1761=LINE('',#11643,#2946);
#1762=LINE('',#11645,#2947);
#1763=LINE('',#11646,#2948);
#1764=LINE('',#11649,#2949);
#1765=LINE('',#11651,#2950);
#1766=LINE('',#11653,#2951);
#1767=LINE('',#11654,#2952);
#1768=LINE('',#11657,#2953);
#1769=LINE('',#11659,#2954);
#1770=LINE('',#11661,#2955);
#1771=LINE('',#11662,#2956);
#1772=LINE('',#11665,#2957);
#1773=LINE('',#11667,#2958);
#1774=LINE('',#11669,#2959);
#1775=LINE('',#11670,#2960);
#1776=LINE('',#11673,#2961);
#1777=LINE('',#11675,#2962);
#1778=LINE('',#11677,#2963);
#1779=LINE('',#11678,#2964);
#1780=LINE('',#11681,#2965);
#1781=LINE('',#11683,#2966);
#1782=LINE('',#11685,#2967);
#1783=LINE('',#11686,#2968);
#1784=LINE('',#11689,#2969);
#1785=LINE('',#11691,#2970);
#1786=LINE('',#11693,#2971);
#1787=LINE('',#11694,#2972);
#1788=LINE('',#11697,#2973);
#1789=LINE('',#11699,#2974);
#1790=LINE('',#11701,#2975);
#1791=LINE('',#11702,#2976);
#1792=LINE('',#11705,#2977);
#1793=LINE('',#11707,#2978);
#1794=LINE('',#11709,#2979);
#1795=LINE('',#11710,#2980);
#1796=LINE('',#11713,#2981);
#1797=LINE('',#11715,#2982);
#1798=LINE('',#11717,#2983);
#1799=LINE('',#11718,#2984);
#1800=LINE('',#11721,#2985);
#1801=LINE('',#11723,#2986);
#1802=LINE('',#11725,#2987);
#1803=LINE('',#11726,#2988);
#1804=LINE('',#11729,#2989);
#1805=LINE('',#11731,#2990);
#1806=LINE('',#11733,#2991);
#1807=LINE('',#11734,#2992);
#1808=LINE('',#11737,#2993);
#1809=LINE('',#11739,#2994);
#1810=LINE('',#11741,#2995);
#1811=LINE('',#11742,#2996);
#1812=LINE('',#11745,#2997);
#1813=LINE('',#11747,#2998);
#1814=LINE('',#11749,#2999);
#1815=LINE('',#11750,#3000);
#1816=LINE('',#11753,#3001);
#1817=LINE('',#11755,#3002);
#1818=LINE('',#11757,#3003);
#1819=LINE('',#11758,#3004);
#1820=LINE('',#11761,#3005);
#1821=LINE('',#11763,#3006);
#1822=LINE('',#11765,#3007);
#1823=LINE('',#11766,#3008);
#1824=LINE('',#11769,#3009);
#1825=LINE('',#11771,#3010);
#1826=LINE('',#11773,#3011);
#1827=LINE('',#11774,#3012);
#1828=LINE('',#11777,#3013);
#1829=LINE('',#11779,#3014);
#1830=LINE('',#11781,#3015);
#1831=LINE('',#11782,#3016);
#1832=LINE('',#11785,#3017);
#1833=LINE('',#11787,#3018);
#1834=LINE('',#11789,#3019);
#1835=LINE('',#11790,#3020);
#1836=LINE('',#11793,#3021);
#1837=LINE('',#11795,#3022);
#1838=LINE('',#11797,#3023);
#1839=LINE('',#11798,#3024);
#1840=LINE('',#11801,#3025);
#1841=LINE('',#11803,#3026);
#1842=LINE('',#11805,#3027);
#1843=LINE('',#11806,#3028);
#1844=LINE('',#11809,#3029);
#1845=LINE('',#11811,#3030);
#1846=LINE('',#11813,#3031);
#1847=LINE('',#11814,#3032);
#1848=LINE('',#11817,#3033);
#1849=LINE('',#11819,#3034);
#1850=LINE('',#11821,#3035);
#1851=LINE('',#11822,#3036);
#1852=LINE('',#11825,#3037);
#1853=LINE('',#11827,#3038);
#1854=LINE('',#11829,#3039);
#1855=LINE('',#11830,#3040);
#1856=LINE('',#11833,#3041);
#1857=LINE('',#11835,#3042);
#1858=LINE('',#11837,#3043);
#1859=LINE('',#11838,#3044);
#1860=LINE('',#11841,#3045);
#1861=LINE('',#11843,#3046);
#1862=LINE('',#11845,#3047);
#1863=LINE('',#11846,#3048);
#1864=LINE('',#11849,#3049);
#1865=LINE('',#11851,#3050);
#1866=LINE('',#11853,#3051);
#1867=LINE('',#11854,#3052);
#1868=LINE('',#11857,#3053);
#1869=LINE('',#11859,#3054);
#1870=LINE('',#11861,#3055);
#1871=LINE('',#11862,#3056);
#1872=LINE('',#11865,#3057);
#1873=LINE('',#11867,#3058);
#1874=LINE('',#11869,#3059);
#1875=LINE('',#11870,#3060);
#1876=LINE('',#11873,#3061);
#1877=LINE('',#11875,#3062);
#1878=LINE('',#11877,#3063);
#1879=LINE('',#11878,#3064);
#1880=LINE('',#11881,#3065);
#1881=LINE('',#11883,#3066);
#1882=LINE('',#11885,#3067);
#1883=LINE('',#11886,#3068);
#1884=LINE('',#11889,#3069);
#1885=LINE('',#11891,#3070);
#1886=LINE('',#11893,#3071);
#1887=LINE('',#11894,#3072);
#1888=LINE('',#11897,#3073);
#1889=LINE('',#11899,#3074);
#1890=LINE('',#11901,#3075);
#1891=LINE('',#11902,#3076);
#1892=LINE('',#11905,#3077);
#1893=LINE('',#11907,#3078);
#1894=LINE('',#11909,#3079);
#1895=LINE('',#11910,#3080);
#1896=LINE('',#11913,#3081);
#1897=LINE('',#11915,#3082);
#1898=LINE('',#11917,#3083);
#1899=LINE('',#11918,#3084);
#1900=LINE('',#11921,#3085);
#1901=LINE('',#11923,#3086);
#1902=LINE('',#11925,#3087);
#1903=LINE('',#11926,#3088);
#1904=LINE('',#11929,#3089);
#1905=LINE('',#11931,#3090);
#1906=LINE('',#11933,#3091);
#1907=LINE('',#11934,#3092);
#1908=LINE('',#11937,#3093);
#1909=LINE('',#11939,#3094);
#1910=LINE('',#11941,#3095);
#1911=LINE('',#11942,#3096);
#1912=LINE('',#11945,#3097);
#1913=LINE('',#11947,#3098);
#1914=LINE('',#11949,#3099);
#1915=LINE('',#11950,#3100);
#1916=LINE('',#11953,#3101);
#1917=LINE('',#11955,#3102);
#1918=LINE('',#11957,#3103);
#1919=LINE('',#11958,#3104);
#1920=LINE('',#11961,#3105);
#1921=LINE('',#11963,#3106);
#1922=LINE('',#11965,#3107);
#1923=LINE('',#11966,#3108);
#1924=LINE('',#11969,#3109);
#1925=LINE('',#11971,#3110);
#1926=LINE('',#11973,#3111);
#1927=LINE('',#11974,#3112);
#1928=LINE('',#11977,#3113);
#1929=LINE('',#11979,#3114);
#1930=LINE('',#11981,#3115);
#1931=LINE('',#11982,#3116);
#1932=LINE('',#11985,#3117);
#1933=LINE('',#11987,#3118);
#1934=LINE('',#11989,#3119);
#1935=LINE('',#11990,#3120);
#1936=LINE('',#11993,#3121);
#1937=LINE('',#11995,#3122);
#1938=LINE('',#11997,#3123);
#1939=LINE('',#11998,#3124);
#1940=LINE('',#12001,#3125);
#1941=LINE('',#12003,#3126);
#1942=LINE('',#12005,#3127);
#1943=LINE('',#12006,#3128);
#1944=LINE('',#12009,#3129);
#1945=LINE('',#12011,#3130);
#1946=LINE('',#12013,#3131);
#1947=LINE('',#12014,#3132);
#1948=LINE('',#12017,#3133);
#1949=LINE('',#12019,#3134);
#1950=LINE('',#12021,#3135);
#1951=LINE('',#12022,#3136);
#1952=LINE('',#12025,#3137);
#1953=LINE('',#12027,#3138);
#1954=LINE('',#12029,#3139);
#1955=LINE('',#12030,#3140);
#1956=LINE('',#12033,#3141);
#1957=LINE('',#12035,#3142);
#1958=LINE('',#12037,#3143);
#1959=LINE('',#12038,#3144);
#1960=LINE('',#12041,#3145);
#1961=LINE('',#12043,#3146);
#1962=LINE('',#12045,#3147);
#1963=LINE('',#12046,#3148);
#1964=LINE('',#12049,#3149);
#1965=LINE('',#12051,#3150);
#1966=LINE('',#12053,#3151);
#1967=LINE('',#12054,#3152);
#1968=LINE('',#12057,#3153);
#1969=LINE('',#12058,#3154);
#1970=LINE('',#12061,#3155);
#1971=LINE('',#12063,#3156);
#1972=LINE('',#12065,#3157);
#1973=LINE('',#12067,#3158);
#1974=LINE('',#12069,#3159);
#1975=LINE('',#12071,#3160);
#1976=LINE('',#12073,#3161);
#1977=LINE('',#12075,#3162);
#1978=LINE('',#12077,#3163);
#1979=LINE('',#12079,#3164);
#1980=LINE('',#12081,#3165);
#1981=LINE('',#12083,#3166);
#1982=LINE('',#12085,#3167);
#1983=LINE('',#12087,#3168);
#1984=LINE('',#12089,#3169);
#1985=LINE('',#12091,#3170);
#1986=LINE('',#12093,#3171);
#1987=LINE('',#12095,#3172);
#1988=LINE('',#12097,#3173);
#1989=LINE('',#12099,#3174);
#1990=LINE('',#12101,#3175);
#1991=LINE('',#12103,#3176);
#1992=LINE('',#12105,#3177);
#1993=LINE('',#12107,#3178);
#1994=LINE('',#12109,#3179);
#1995=LINE('',#12111,#3180);
#1996=LINE('',#12113,#3181);
#1997=LINE('',#12115,#3182);
#1998=LINE('',#12117,#3183);
#1999=LINE('',#12119,#3184);
#2000=LINE('',#12121,#3185);
#2001=LINE('',#12122,#3186);
#2002=LINE('',#12125,#3187);
#2003=LINE('',#12127,#3188);
#2004=LINE('',#12129,#3189);
#2005=LINE('',#12130,#3190);
#2006=LINE('',#12133,#3191);
#2007=LINE('',#12135,#3192);
#2008=LINE('',#12137,#3193);
#2009=LINE('',#12138,#3194);
#2010=LINE('',#12141,#3195);
#2011=LINE('',#12143,#3196);
#2012=LINE('',#12145,#3197);
#2013=LINE('',#12146,#3198);
#2014=LINE('',#12149,#3199);
#2015=LINE('',#12151,#3200);
#2016=LINE('',#12153,#3201);
#2017=LINE('',#12154,#3202);
#2018=LINE('',#12157,#3203);
#2019=LINE('',#12159,#3204);
#2020=LINE('',#12161,#3205);
#2021=LINE('',#12162,#3206);
#2022=LINE('',#12165,#3207);
#2023=LINE('',#12167,#3208);
#2024=LINE('',#12169,#3209);
#2025=LINE('',#12170,#3210);
#2026=LINE('',#12173,#3211);
#2027=LINE('',#12175,#3212);
#2028=LINE('',#12177,#3213);
#2029=LINE('',#12178,#3214);
#2030=LINE('',#12181,#3215);
#2031=LINE('',#12183,#3216);
#2032=LINE('',#12185,#3217);
#2033=LINE('',#12186,#3218);
#2034=LINE('',#12189,#3219);
#2035=LINE('',#12191,#3220);
#2036=LINE('',#12193,#3221);
#2037=LINE('',#12194,#3222);
#2038=LINE('',#12197,#3223);
#2039=LINE('',#12199,#3224);
#2040=LINE('',#12201,#3225);
#2041=LINE('',#12202,#3226);
#2042=LINE('',#12205,#3227);
#2043=LINE('',#12207,#3228);
#2044=LINE('',#12209,#3229);
#2045=LINE('',#12210,#3230);
#2046=LINE('',#12213,#3231);
#2047=LINE('',#12215,#3232);
#2048=LINE('',#12217,#3233);
#2049=LINE('',#12218,#3234);
#2050=LINE('',#12221,#3235);
#2051=LINE('',#12223,#3236);
#2052=LINE('',#12225,#3237);
#2053=LINE('',#12226,#3238);
#2054=LINE('',#12229,#3239);
#2055=LINE('',#12231,#3240);
#2056=LINE('',#12233,#3241);
#2057=LINE('',#12234,#3242);
#2058=LINE('',#12237,#3243);
#2059=LINE('',#12239,#3244);
#2060=LINE('',#12241,#3245);
#2061=LINE('',#12242,#3246);
#2062=LINE('',#12245,#3247);
#2063=LINE('',#12247,#3248);
#2064=LINE('',#12249,#3249);
#2065=LINE('',#12250,#3250);
#2066=LINE('',#12253,#3251);
#2067=LINE('',#12255,#3252);
#2068=LINE('',#12257,#3253);
#2069=LINE('',#12258,#3254);
#2070=LINE('',#12261,#3255);
#2071=LINE('',#12263,#3256);
#2072=LINE('',#12265,#3257);
#2073=LINE('',#12266,#3258);
#2074=LINE('',#12269,#3259);
#2075=LINE('',#12271,#3260);
#2076=LINE('',#12273,#3261);
#2077=LINE('',#12274,#3262);
#2078=LINE('',#12277,#3263);
#2079=LINE('',#12279,#3264);
#2080=LINE('',#12281,#3265);
#2081=LINE('',#12282,#3266);
#2082=LINE('',#12285,#3267);
#2083=LINE('',#12287,#3268);
#2084=LINE('',#12289,#3269);
#2085=LINE('',#12290,#3270);
#2086=LINE('',#12293,#3271);
#2087=LINE('',#12295,#3272);
#2088=LINE('',#12297,#3273);
#2089=LINE('',#12298,#3274);
#2090=LINE('',#12301,#3275);
#2091=LINE('',#12303,#3276);
#2092=LINE('',#12305,#3277);
#2093=LINE('',#12306,#3278);
#2094=LINE('',#12309,#3279);
#2095=LINE('',#12311,#3280);
#2096=LINE('',#12313,#3281);
#2097=LINE('',#12314,#3282);
#2098=LINE('',#12317,#3283);
#2099=LINE('',#12319,#3284);
#2100=LINE('',#12321,#3285);
#2101=LINE('',#12322,#3286);
#2102=LINE('',#12325,#3287);
#2103=LINE('',#12327,#3288);
#2104=LINE('',#12329,#3289);
#2105=LINE('',#12330,#3290);
#2106=LINE('',#12333,#3291);
#2107=LINE('',#12335,#3292);
#2108=LINE('',#12337,#3293);
#2109=LINE('',#12338,#3294);
#2110=LINE('',#12341,#3295);
#2111=LINE('',#12343,#3296);
#2112=LINE('',#12345,#3297);
#2113=LINE('',#12346,#3298);
#2114=LINE('',#12349,#3299);
#2115=LINE('',#12351,#3300);
#2116=LINE('',#12353,#3301);
#2117=LINE('',#12354,#3302);
#2118=LINE('',#12357,#3303);
#2119=LINE('',#12359,#3304);
#2120=LINE('',#12361,#3305);
#2121=LINE('',#12362,#3306);
#2122=LINE('',#12365,#3307);
#2123=LINE('',#12367,#3308);
#2124=LINE('',#12369,#3309);
#2125=LINE('',#12370,#3310);
#2126=LINE('',#12373,#3311);
#2127=LINE('',#12375,#3312);
#2128=LINE('',#12377,#3313);
#2129=LINE('',#12378,#3314);
#2130=LINE('',#12381,#3315);
#2131=LINE('',#12383,#3316);
#2132=LINE('',#12385,#3317);
#2133=LINE('',#12386,#3318);
#2134=LINE('',#12389,#3319);
#2135=LINE('',#12391,#3320);
#2136=LINE('',#12393,#3321);
#2137=LINE('',#12394,#3322);
#2138=LINE('',#12397,#3323);
#2139=LINE('',#12399,#3324);
#2140=LINE('',#12401,#3325);
#2141=LINE('',#12402,#3326);
#2142=LINE('',#12405,#3327);
#2143=LINE('',#12407,#3328);
#2144=LINE('',#12409,#3329);
#2145=LINE('',#12410,#3330);
#2146=LINE('',#12413,#3331);
#2147=LINE('',#12415,#3332);
#2148=LINE('',#12417,#3333);
#2149=LINE('',#12418,#3334);
#2150=LINE('',#12421,#3335);
#2151=LINE('',#12423,#3336);
#2152=LINE('',#12425,#3337);
#2153=LINE('',#12426,#3338);
#2154=LINE('',#12429,#3339);
#2155=LINE('',#12431,#3340);
#2156=LINE('',#12433,#3341);
#2157=LINE('',#12434,#3342);
#2158=LINE('',#12437,#3343);
#2159=LINE('',#12439,#3344);
#2160=LINE('',#12441,#3345);
#2161=LINE('',#12442,#3346);
#2162=LINE('',#12445,#3347);
#2163=LINE('',#12447,#3348);
#2164=LINE('',#12449,#3349);
#2165=LINE('',#12450,#3350);
#2166=LINE('',#12453,#3351);
#2167=LINE('',#12455,#3352);
#2168=LINE('',#12457,#3353);
#2169=LINE('',#12458,#3354);
#2170=LINE('',#12461,#3355);
#2171=LINE('',#12463,#3356);
#2172=LINE('',#12465,#3357);
#2173=LINE('',#12466,#3358);
#2174=LINE('',#12469,#3359);
#2175=LINE('',#12471,#3360);
#2176=LINE('',#12473,#3361);
#2177=LINE('',#12474,#3362);
#2178=LINE('',#12477,#3363);
#2179=LINE('',#12479,#3364);
#2180=LINE('',#12481,#3365);
#2181=LINE('',#12482,#3366);
#2182=LINE('',#12485,#3367);
#2183=LINE('',#12487,#3368);
#2184=LINE('',#12489,#3369);
#2185=LINE('',#12490,#3370);
#2186=LINE('',#12493,#3371);
#2187=LINE('',#12495,#3372);
#2188=LINE('',#12497,#3373);
#2189=LINE('',#12498,#3374);
#2190=LINE('',#12501,#3375);
#2191=LINE('',#12503,#3376);
#2192=LINE('',#12505,#3377);
#2193=LINE('',#12506,#3378);
#2194=LINE('',#12509,#3379);
#2195=LINE('',#12511,#3380);
#2196=LINE('',#12513,#3381);
#2197=LINE('',#12514,#3382);
#2198=LINE('',#12517,#3383);
#2199=LINE('',#12519,#3384);
#2200=LINE('',#12521,#3385);
#2201=LINE('',#12522,#3386);
#2202=LINE('',#12525,#3387);
#2203=LINE('',#12527,#3388);
#2204=LINE('',#12529,#3389);
#2205=LINE('',#12530,#3390);
#2206=LINE('',#12533,#3391);
#2207=LINE('',#12535,#3392);
#2208=LINE('',#12537,#3393);
#2209=LINE('',#12538,#3394);
#2210=LINE('',#12541,#3395);
#2211=LINE('',#12543,#3396);
#2212=LINE('',#12545,#3397);
#2213=LINE('',#12546,#3398);
#2214=LINE('',#12549,#3399);
#2215=LINE('',#12551,#3400);
#2216=LINE('',#12553,#3401);
#2217=LINE('',#12554,#3402);
#2218=LINE('',#12557,#3403);
#2219=LINE('',#12559,#3404);
#2220=LINE('',#12561,#3405);
#2221=LINE('',#12562,#3406);
#2222=LINE('',#12565,#3407);
#2223=LINE('',#12567,#3408);
#2224=LINE('',#12569,#3409);
#2225=LINE('',#12570,#3410);
#2226=LINE('',#12573,#3411);
#2227=LINE('',#12575,#3412);
#2228=LINE('',#12577,#3413);
#2229=LINE('',#12578,#3414);
#2230=LINE('',#12581,#3415);
#2231=LINE('',#12583,#3416);
#2232=LINE('',#12585,#3417);
#2233=LINE('',#12586,#3418);
#2234=LINE('',#12589,#3419);
#2235=LINE('',#12591,#3420);
#2236=LINE('',#12593,#3421);
#2237=LINE('',#12594,#3422);
#2238=LINE('',#12597,#3423);
#2239=LINE('',#12599,#3424);
#2240=LINE('',#12601,#3425);
#2241=LINE('',#12602,#3426);
#2242=LINE('',#12605,#3427);
#2243=LINE('',#12607,#3428);
#2244=LINE('',#12609,#3429);
#2245=LINE('',#12610,#3430);
#2246=LINE('',#12613,#3431);
#2247=LINE('',#12615,#3432);
#2248=LINE('',#12617,#3433);
#2249=LINE('',#12618,#3434);
#2250=LINE('',#12621,#3435);
#2251=LINE('',#12623,#3436);
#2252=LINE('',#12625,#3437);
#2253=LINE('',#12626,#3438);
#2254=LINE('',#12629,#3439);
#2255=LINE('',#12631,#3440);
#2256=LINE('',#12633,#3441);
#2257=LINE('',#12634,#3442);
#2258=LINE('',#12637,#3443);
#2259=LINE('',#12639,#3444);
#2260=LINE('',#12641,#3445);
#2261=LINE('',#12642,#3446);
#2262=LINE('',#12645,#3447);
#2263=LINE('',#12647,#3448);
#2264=LINE('',#12649,#3449);
#2265=LINE('',#12650,#3450);
#2266=LINE('',#12653,#3451);
#2267=LINE('',#12655,#3452);
#2268=LINE('',#12657,#3453);
#2269=LINE('',#12658,#3454);
#2270=LINE('',#12661,#3455);
#2271=LINE('',#12663,#3456);
#2272=LINE('',#12665,#3457);
#2273=LINE('',#12666,#3458);
#2274=LINE('',#12669,#3459);
#2275=LINE('',#12671,#3460);
#2276=LINE('',#12673,#3461);
#2277=LINE('',#12674,#3462);
#2278=LINE('',#12677,#3463);
#2279=LINE('',#12679,#3464);
#2280=LINE('',#12681,#3465);
#2281=LINE('',#12682,#3466);
#2282=LINE('',#12685,#3467);
#2283=LINE('',#12687,#3468);
#2284=LINE('',#12689,#3469);
#2285=LINE('',#12690,#3470);
#2286=LINE('',#12693,#3471);
#2287=LINE('',#12695,#3472);
#2288=LINE('',#12697,#3473);
#2289=LINE('',#12698,#3474);
#2290=LINE('',#12701,#3475);
#2291=LINE('',#12703,#3476);
#2292=LINE('',#12705,#3477);
#2293=LINE('',#12706,#3478);
#2294=LINE('',#12709,#3479);
#2295=LINE('',#12711,#3480);
#2296=LINE('',#12713,#3481);
#2297=LINE('',#12714,#3482);
#2298=LINE('',#12717,#3483);
#2299=LINE('',#12719,#3484);
#2300=LINE('',#12721,#3485);
#2301=LINE('',#12722,#3486);
#2302=LINE('',#12725,#3487);
#2303=LINE('',#12727,#3488);
#2304=LINE('',#12729,#3489);
#2305=LINE('',#12730,#3490);
#2306=LINE('',#12733,#3491);
#2307=LINE('',#12735,#3492);
#2308=LINE('',#12737,#3493);
#2309=LINE('',#12738,#3494);
#2310=LINE('',#12741,#3495);
#2311=LINE('',#12743,#3496);
#2312=LINE('',#12745,#3497);
#2313=LINE('',#12746,#3498);
#2314=LINE('',#12749,#3499);
#2315=LINE('',#12751,#3500);
#2316=LINE('',#12753,#3501);
#2317=LINE('',#12754,#3502);
#2318=LINE('',#12757,#3503);
#2319=LINE('',#12759,#3504);
#2320=LINE('',#12761,#3505);
#2321=LINE('',#12762,#3506);
#2322=LINE('',#12765,#3507);
#2323=LINE('',#12767,#3508);
#2324=LINE('',#12769,#3509);
#2325=LINE('',#12770,#3510);
#2326=LINE('',#12773,#3511);
#2327=LINE('',#12775,#3512);
#2328=LINE('',#12777,#3513);
#2329=LINE('',#12778,#3514);
#2330=LINE('',#12781,#3515);
#2331=LINE('',#12783,#3516);
#2332=LINE('',#12785,#3517);
#2333=LINE('',#12786,#3518);
#2334=LINE('',#12789,#3519);
#2335=LINE('',#12791,#3520);
#2336=LINE('',#12793,#3521);
#2337=LINE('',#12794,#3522);
#2338=LINE('',#12798,#3523);
#2339=LINE('',#12800,#3524);
#2340=LINE('',#12802,#3525);
#2341=LINE('',#12804,#3526);
#2342=LINE('',#12805,#3527);
#2343=LINE('',#12809,#3528);
#2344=LINE('',#12813,#3529);
#2345=LINE('',#12814,#3530);
#2346=LINE('',#12816,#3531);
#2347=LINE('',#12819,#3532);
#2348=LINE('',#12820,#3533);
#2349=LINE('',#12823,#3534);
#2350=LINE('',#12825,#3535);
#2351=LINE('',#12827,#3536);
#2352=LINE('',#12829,#3537);
#2353=LINE('',#12831,#3538);
#2354=LINE('',#12833,#3539);
#2355=LINE('',#12835,#3540);
#2356=LINE('',#12839,#3541);
#2357=LINE('',#12842,#3542);
#2358=LINE('',#12843,#3543);
#2359=LINE('',#12845,#3544);
#2360=LINE('',#12847,#3545);
#2361=LINE('',#12848,#3546);
#2362=LINE('',#12850,#3547);
#2363=LINE('',#12852,#3548);
#2364=LINE('',#12853,#3549);
#2365=LINE('',#12855,#3550);
#2366=LINE('',#12857,#3551);
#2367=LINE('',#12858,#3552);
#2368=LINE('',#12860,#3553);
#2369=LINE('',#12862,#3554);
#2370=LINE('',#12863,#3555);
#2371=LINE('',#12865,#3556);
#2372=LINE('',#12867,#3557);
#2373=LINE('',#12868,#3558);
#2374=LINE('',#12870,#3559);
#2375=LINE('',#12872,#3560);
#2376=LINE('',#12873,#3561);
#2377=LINE('',#12875,#3562);
#2378=LINE('',#12877,#3563);
#2379=LINE('',#12878,#3564);
#2380=LINE('',#12880,#3565);
#2381=LINE('',#12882,#3566);
#2382=LINE('',#12885,#3567);
#2383=LINE('',#12887,#3568);
#2384=LINE('',#12890,#3569);
#2385=LINE('',#12891,#3570);
#2386=LINE('',#12894,#3571);
#2387=LINE('',#12897,#3572);
#2388=LINE('',#12899,#3573);
#2389=LINE('',#12901,#3574);
#2390=LINE('',#12903,#3575);
#2391=LINE('',#12905,#3576);
#2392=LINE('',#12906,#3577);
#2393=LINE('',#12910,#3578);
#2394=LINE('',#12913,#3579);
#2395=LINE('',#12916,#3580);
#2396=LINE('',#12921,#3581);
#2397=LINE('',#12925,#3582);
#2398=LINE('',#12926,#3583);
#2399=LINE('',#12928,#3584);
#2400=LINE('',#12930,#3585);
#2401=LINE('',#12933,#3586);
#2402=LINE('',#12934,#3587);
#2403=LINE('',#12936,#3588);
#2404=LINE('',#12938,#3589);
#2405=LINE('',#12941,#3590);
#2406=LINE('',#12942,#3591);
#2407=LINE('',#12944,#3592);
#2408=LINE('',#12946,#3593);
#2409=LINE('',#12949,#3594);
#2410=LINE('',#12950,#3595);
#2411=LINE('',#12952,#3596);
#2412=LINE('',#12954,#3597);
#2413=LINE('',#12957,#3598);
#2414=LINE('',#12958,#3599);
#2415=LINE('',#12960,#3600);
#2416=LINE('',#12962,#3601);
#2417=LINE('',#12965,#3602);
#2418=LINE('',#12966,#3603);
#2419=LINE('',#12968,#3604);
#2420=LINE('',#12970,#3605);
#2421=LINE('',#12973,#3606);
#2422=LINE('',#12974,#3607);
#2423=LINE('',#12976,#3608);
#2424=LINE('',#12978,#3609);
#2425=LINE('',#12981,#3610);
#2426=LINE('',#12982,#3611);
#2427=LINE('',#12984,#3612);
#2428=LINE('',#12986,#3613);
#2429=LINE('',#12989,#3614);
#2430=LINE('',#12990,#3615);
#2431=LINE('',#12992,#3616);
#2432=LINE('',#12994,#3617);
#2433=LINE('',#12997,#3618);
#2434=LINE('',#12998,#3619);
#2435=LINE('',#13000,#3620);
#2436=LINE('',#13002,#3621);
#2437=LINE('',#13005,#3622);
#2438=LINE('',#13006,#3623);
#2439=LINE('',#13008,#3624);
#2440=LINE('',#13010,#3625);
#2441=LINE('',#13013,#3626);
#2442=LINE('',#13014,#3627);
#2443=LINE('',#13016,#3628);
#2444=LINE('',#13018,#3629);
#2445=LINE('',#13021,#3630);
#2446=LINE('',#13022,#3631);
#2447=LINE('',#13024,#3632);
#2448=LINE('',#13026,#3633);
#2449=LINE('',#13029,#3634);
#2450=LINE('',#13030,#3635);
#2451=LINE('',#13032,#3636);
#2452=LINE('',#13034,#3637);
#2453=LINE('',#13037,#3638);
#2454=LINE('',#13038,#3639);
#2455=LINE('',#13040,#3640);
#2456=LINE('',#13042,#3641);
#2457=LINE('',#13045,#3642);
#2458=LINE('',#13046,#3643);
#2459=LINE('',#13048,#3644);
#2460=LINE('',#13050,#3645);
#2461=LINE('',#13053,#3646);
#2462=LINE('',#13054,#3647);
#2463=LINE('',#13056,#3648);
#2464=LINE('',#13058,#3649);
#2465=LINE('',#13061,#3650);
#2466=LINE('',#13062,#3651);
#2467=LINE('',#13064,#3652);
#2468=LINE('',#13066,#3653);
#2469=LINE('',#13069,#3654);
#2470=LINE('',#13070,#3655);
#2471=LINE('',#13072,#3656);
#2472=LINE('',#13074,#3657);
#2473=LINE('',#13077,#3658);
#2474=LINE('',#13078,#3659);
#2475=LINE('',#13080,#3660);
#2476=LINE('',#13082,#3661);
#2477=LINE('',#13085,#3662);
#2478=LINE('',#13086,#3663);
#2479=LINE('',#13088,#3664);
#2480=LINE('',#13090,#3665);
#2481=LINE('',#13093,#3666);
#2482=LINE('',#13094,#3667);
#2483=LINE('',#13096,#3668);
#2484=LINE('',#13098,#3669);
#2485=LINE('',#13101,#3670);
#2486=LINE('',#13102,#3671);
#2487=LINE('',#13104,#3672);
#2488=LINE('',#13106,#3673);
#2489=LINE('',#13109,#3674);
#2490=LINE('',#13110,#3675);
#2491=LINE('',#13112,#3676);
#2492=LINE('',#13114,#3677);
#2493=LINE('',#13117,#3678);
#2494=LINE('',#13118,#3679);
#2495=LINE('',#13120,#3680);
#2496=LINE('',#13122,#3681);
#2497=LINE('',#13125,#3682);
#2498=LINE('',#13126,#3683);
#2499=LINE('',#13128,#3684);
#2500=LINE('',#13130,#3685);
#2501=LINE('',#13133,#3686);
#2502=LINE('',#13134,#3687);
#2503=LINE('',#13136,#3688);
#2504=LINE('',#13138,#3689);
#2505=LINE('',#13141,#3690);
#2506=LINE('',#13142,#3691);
#2507=LINE('',#13144,#3692);
#2508=LINE('',#13146,#3693);
#2509=LINE('',#13149,#3694);
#2510=LINE('',#13150,#3695);
#2511=LINE('',#13152,#3696);
#2512=LINE('',#13154,#3697);
#2513=LINE('',#13157,#3698);
#2514=LINE('',#13158,#3699);
#2515=LINE('',#13160,#3700);
#2516=LINE('',#13162,#3701);
#2517=LINE('',#13165,#3702);
#2518=LINE('',#13166,#3703);
#2519=LINE('',#13168,#3704);
#2520=LINE('',#13170,#3705);
#2521=LINE('',#13173,#3706);
#2522=LINE('',#13174,#3707);
#2523=LINE('',#13176,#3708);
#2524=LINE('',#13178,#3709);
#2525=LINE('',#13181,#3710);
#2526=LINE('',#13182,#3711);
#2527=LINE('',#13184,#3712);
#2528=LINE('',#13186,#3713);
#2529=LINE('',#13189,#3714);
#2530=LINE('',#13190,#3715);
#2531=LINE('',#13192,#3716);
#2532=LINE('',#13194,#3717);
#2533=LINE('',#13197,#3718);
#2534=LINE('',#13198,#3719);
#2535=LINE('',#13200,#3720);
#2536=LINE('',#13202,#3721);
#2537=LINE('',#13205,#3722);
#2538=LINE('',#13206,#3723);
#2539=LINE('',#13208,#3724);
#2540=LINE('',#13210,#3725);
#2541=LINE('',#13213,#3726);
#2542=LINE('',#13214,#3727);
#2543=LINE('',#13216,#3728);
#2544=LINE('',#13218,#3729);
#2545=LINE('',#13221,#3730);
#2546=LINE('',#13222,#3731);
#2547=LINE('',#13224,#3732);
#2548=LINE('',#13226,#3733);
#2549=LINE('',#13229,#3734);
#2550=LINE('',#13230,#3735);
#2551=LINE('',#13232,#3736);
#2552=LINE('',#13234,#3737);
#2553=LINE('',#13237,#3738);
#2554=LINE('',#13238,#3739);
#2555=LINE('',#13240,#3740);
#2556=LINE('',#13242,#3741);
#2557=LINE('',#13245,#3742);
#2558=LINE('',#13246,#3743);
#2559=LINE('',#13248,#3744);
#2560=LINE('',#13250,#3745);
#2561=LINE('',#13253,#3746);
#2562=LINE('',#13254,#3747);
#2563=LINE('',#13256,#3748);
#2564=LINE('',#13258,#3749);
#2565=LINE('',#13261,#3750);
#2566=LINE('',#13262,#3751);
#2567=LINE('',#13264,#3752);
#2568=LINE('',#13266,#3753);
#2569=LINE('',#13269,#3754);
#2570=LINE('',#13270,#3755);
#2571=LINE('',#13272,#3756);
#2572=LINE('',#13274,#3757);
#2573=LINE('',#13277,#3758);
#2574=LINE('',#13278,#3759);
#2575=LINE('',#13280,#3760);
#2576=LINE('',#13282,#3761);
#2577=LINE('',#13285,#3762);
#2578=LINE('',#13286,#3763);
#2579=LINE('',#13288,#3764);
#2580=LINE('',#13290,#3765);
#2581=LINE('',#13293,#3766);
#2582=LINE('',#13294,#3767);
#2583=LINE('',#13296,#3768);
#2584=LINE('',#13298,#3769);
#2585=LINE('',#13301,#3770);
#2586=LINE('',#13302,#3771);
#2587=LINE('',#13304,#3772);
#2588=LINE('',#13306,#3773);
#2589=LINE('',#13309,#3774);
#2590=LINE('',#13310,#3775);
#2591=LINE('',#13312,#3776);
#2592=LINE('',#13314,#3777);
#2593=LINE('',#13317,#3778);
#2594=LINE('',#13318,#3779);
#2595=LINE('',#13320,#3780);
#2596=LINE('',#13322,#3781);
#2597=LINE('',#13325,#3782);
#2598=LINE('',#13326,#3783);
#2599=LINE('',#13328,#3784);
#2600=LINE('',#13330,#3785);
#2601=LINE('',#13333,#3786);
#2602=LINE('',#13334,#3787);
#2603=LINE('',#13336,#3788);
#2604=LINE('',#13338,#3789);
#2605=LINE('',#13341,#3790);
#2606=LINE('',#13342,#3791);
#2607=LINE('',#13344,#3792);
#2608=LINE('',#13346,#3793);
#2609=LINE('',#13349,#3794);
#2610=LINE('',#13350,#3795);
#2611=LINE('',#13352,#3796);
#2612=LINE('',#13354,#3797);
#2613=LINE('',#13357,#3798);
#2614=LINE('',#13358,#3799);
#2615=LINE('',#13360,#3800);
#2616=LINE('',#13362,#3801);
#2617=LINE('',#13365,#3802);
#2618=LINE('',#13366,#3803);
#2619=LINE('',#13368,#3804);
#2620=LINE('',#13370,#3805);
#2621=LINE('',#13373,#3806);
#2622=LINE('',#13374,#3807);
#2623=LINE('',#13376,#3808);
#2624=LINE('',#13378,#3809);
#2625=LINE('',#13381,#3810);
#2626=LINE('',#13382,#3811);
#2627=LINE('',#13384,#3812);
#2628=LINE('',#13386,#3813);
#2629=LINE('',#13389,#3814);
#2630=LINE('',#13390,#3815);
#2631=LINE('',#13392,#3816);
#2632=LINE('',#13394,#3817);
#2633=LINE('',#13397,#3818);
#2634=LINE('',#13398,#3819);
#2635=LINE('',#13400,#3820);
#2636=LINE('',#13402,#3821);
#2637=LINE('',#13405,#3822);
#2638=LINE('',#13406,#3823);
#2639=LINE('',#13408,#3824);
#2640=LINE('',#13410,#3825);
#2641=LINE('',#13413,#3826);
#2642=LINE('',#13414,#3827);
#2643=LINE('',#13416,#3828);
#2644=LINE('',#13418,#3829);
#2645=LINE('',#13421,#3830);
#2646=LINE('',#13422,#3831);
#2647=LINE('',#13424,#3832);
#2648=LINE('',#13426,#3833);
#2649=LINE('',#13429,#3834);
#2650=LINE('',#13430,#3835);
#2651=LINE('',#13432,#3836);
#2652=LINE('',#13434,#3837);
#2653=LINE('',#13437,#3838);
#2654=LINE('',#13438,#3839);
#2655=LINE('',#13440,#3840);
#2656=LINE('',#13442,#3841);
#2657=LINE('',#13445,#3842);
#2658=LINE('',#13446,#3843);
#2659=LINE('',#13448,#3844);
#2660=LINE('',#13450,#3845);
#2661=LINE('',#13453,#3846);
#2662=LINE('',#13454,#3847);
#2663=LINE('',#13456,#3848);
#2664=LINE('',#13458,#3849);
#2665=LINE('',#13461,#3850);
#2666=LINE('',#13462,#3851);
#2667=LINE('',#13464,#3852);
#2668=LINE('',#13466,#3853);
#2669=LINE('',#13469,#3854);
#2670=LINE('',#13470,#3855);
#2671=LINE('',#13472,#3856);
#2672=LINE('',#13474,#3857);
#2673=LINE('',#13477,#3858);
#2674=LINE('',#13478,#3859);
#2675=LINE('',#13480,#3860);
#2676=LINE('',#13482,#3861);
#2677=LINE('',#13485,#3862);
#2678=LINE('',#13486,#3863);
#2679=LINE('',#13488,#3864);
#2680=LINE('',#13490,#3865);
#2681=LINE('',#13493,#3866);
#2682=LINE('',#13494,#3867);
#2683=LINE('',#13496,#3868);
#2684=LINE('',#13498,#3869);
#2685=LINE('',#13501,#3870);
#2686=LINE('',#13502,#3871);
#2687=LINE('',#13504,#3872);
#2688=LINE('',#13506,#3873);
#2689=LINE('',#13509,#3874);
#2690=LINE('',#13510,#3875);
#2691=LINE('',#13512,#3876);
#2692=LINE('',#13514,#3877);
#2693=LINE('',#13517,#3878);
#2694=LINE('',#13518,#3879);
#2695=LINE('',#13520,#3880);
#2696=LINE('',#13522,#3881);
#2697=LINE('',#13525,#3882);
#2698=LINE('',#13526,#3883);
#2699=LINE('',#13528,#3884);
#2700=LINE('',#13530,#3885);
#2701=LINE('',#13533,#3886);
#2702=LINE('',#13534,#3887);
#2703=LINE('',#13536,#3888);
#2704=LINE('',#13538,#3889);
#2705=LINE('',#13541,#3890);
#2706=LINE('',#13542,#3891);
#2707=LINE('',#13544,#3892);
#2708=LINE('',#13546,#3893);
#2709=LINE('',#13549,#3894);
#2710=LINE('',#13550,#3895);
#2711=LINE('',#13552,#3896);
#2712=LINE('',#13554,#3897);
#2713=LINE('',#13557,#3898);
#2714=LINE('',#13558,#3899);
#2715=LINE('',#13560,#3900);
#2716=LINE('',#13562,#3901);
#2717=LINE('',#13565,#3902);
#2718=LINE('',#13566,#3903);
#2719=LINE('',#13568,#3904);
#2720=LINE('',#13570,#3905);
#2721=LINE('',#13573,#3906);
#2722=LINE('',#13574,#3907);
#2723=LINE('',#13576,#3908);
#2724=LINE('',#13578,#3909);
#2725=LINE('',#13581,#3910);
#2726=LINE('',#13582,#3911);
#2727=LINE('',#13584,#3912);
#2728=LINE('',#13586,#3913);
#2729=LINE('',#13589,#3914);
#2730=LINE('',#13590,#3915);
#2731=LINE('',#13592,#3916);
#2732=LINE('',#13594,#3917);
#2733=LINE('',#13597,#3918);
#2734=LINE('',#13598,#3919);
#2735=LINE('',#13600,#3920);
#2736=LINE('',#13602,#3921);
#2737=LINE('',#13605,#3922);
#2738=LINE('',#13606,#3923);
#2739=LINE('',#13608,#3924);
#2740=LINE('',#13610,#3925);
#2741=LINE('',#13613,#3926);
#2742=LINE('',#13614,#3927);
#2743=LINE('',#13616,#3928);
#2744=LINE('',#13618,#3929);
#2745=LINE('',#13621,#3930);
#2746=LINE('',#13622,#3931);
#2747=LINE('',#13624,#3932);
#2748=LINE('',#13626,#3933);
#2749=LINE('',#13629,#3934);
#2750=LINE('',#13630,#3935);
#2751=LINE('',#13632,#3936);
#2752=LINE('',#13634,#3937);
#2753=LINE('',#13637,#3938);
#2754=LINE('',#13638,#3939);
#2755=LINE('',#13640,#3940);
#2756=LINE('',#13642,#3941);
#2757=LINE('',#13645,#3942);
#2758=LINE('',#13646,#3943);
#2759=LINE('',#13648,#3944);
#2760=LINE('',#13650,#3945);
#2761=LINE('',#13653,#3946);
#2762=LINE('',#13656,#3947);
#2763=LINE('',#13658,#3948);
#2764=VECTOR('',#9226,10.);
#2765=VECTOR('',#9233,10.);
#2766=VECTOR('',#9236,10.);
#2767=VECTOR('',#9239,10.);
#2768=VECTOR('',#9240,10.);
#2769=VECTOR('',#9241,10.);
#2770=VECTOR('',#9244,10.);
#2771=VECTOR('',#9249,10.);
#2772=VECTOR('',#9250,10.);
#2773=VECTOR('',#9251,10.);
#2774=VECTOR('',#9258,10.);
#2775=VECTOR('',#9259,10.);
#2776=VECTOR('',#9262,10.);
#2777=VECTOR('',#9263,10.);
#2778=VECTOR('',#9266,10.);
#2779=VECTOR('',#9267,10.);
#2780=VECTOR('',#9268,10.);
#2781=VECTOR('',#9269,10.);
#2782=VECTOR('',#9270,10.);
#2783=VECTOR('',#9271,10.);
#2784=VECTOR('',#9274,10.);
#2785=VECTOR('',#9277,10.);
#2786=VECTOR('',#9278,10.);
#2787=VECTOR('',#9279,10.);
#2788=VECTOR('',#9280,10.);
#2789=VECTOR('',#9285,10.);
#2790=VECTOR('',#9286,10.);
#2791=VECTOR('',#9287,10.);
#2792=VECTOR('',#9288,10.);
#2793=VECTOR('',#9289,10.);
#2794=VECTOR('',#9290,10.);
#2795=VECTOR('',#9291,10.);
#2796=VECTOR('',#9292,10.);
#2797=VECTOR('',#9293,10.);
#2798=VECTOR('',#9294,10.);
#2799=VECTOR('',#9295,10.);
#2800=VECTOR('',#9296,10.);
#2801=VECTOR('',#9297,10.);
#2802=VECTOR('',#9298,10.);
#2803=VECTOR('',#9299,10.);
#2804=VECTOR('',#9300,10.);
#2805=VECTOR('',#9301,10.);
#2806=VECTOR('',#9302,10.);
#2807=VECTOR('',#9303,10.);
#2808=VECTOR('',#9304,10.);
#2809=VECTOR('',#9305,10.);
#2810=VECTOR('',#9306,10.);
#2811=VECTOR('',#9307,10.);
#2812=VECTOR('',#9308,10.);
#2813=VECTOR('',#9309,10.);
#2814=VECTOR('',#9310,10.);
#2815=VECTOR('',#9311,10.);
#2816=VECTOR('',#9312,10.);
#2817=VECTOR('',#9313,10.);
#2818=VECTOR('',#9314,10.);
#2819=VECTOR('',#9315,10.);
#2820=VECTOR('',#9316,10.);
#2821=VECTOR('',#9317,10.);
#2822=VECTOR('',#9318,10.);
#2823=VECTOR('',#9319,10.);
#2824=VECTOR('',#9320,10.);
#2825=VECTOR('',#9321,10.);
#2826=VECTOR('',#9322,10.);
#2827=VECTOR('',#9323,10.);
#2828=VECTOR('',#9324,10.);
#2829=VECTOR('',#9325,10.);
#2830=VECTOR('',#9326,10.);
#2831=VECTOR('',#9327,10.);
#2832=VECTOR('',#9328,10.);
#2833=VECTOR('',#9329,10.);
#2834=VECTOR('',#9330,10.);
#2835=VECTOR('',#9331,10.);
#2836=VECTOR('',#9332,10.);
#2837=VECTOR('',#9333,10.);
#2838=VECTOR('',#9334,10.);
#2839=VECTOR('',#9335,10.);
#2840=VECTOR('',#9336,10.);
#2841=VECTOR('',#9337,10.);
#2842=VECTOR('',#9338,10.);
#2843=VECTOR('',#9339,10.);
#2844=VECTOR('',#9340,10.);
#2845=VECTOR('',#9341,10.);
#2846=VECTOR('',#9342,10.);
#2847=VECTOR('',#9343,10.);
#2848=VECTOR('',#9344,10.);
#2849=VECTOR('',#9345,10.);
#2850=VECTOR('',#9346,10.);
#2851=VECTOR('',#9347,10.);
#2852=VECTOR('',#9348,10.);
#2853=VECTOR('',#9349,10.);
#2854=VECTOR('',#9350,10.);
#2855=VECTOR('',#9351,10.);
#2856=VECTOR('',#9352,10.);
#2857=VECTOR('',#9353,10.);
#2858=VECTOR('',#9354,10.);
#2859=VECTOR('',#9355,10.);
#2860=VECTOR('',#9356,10.);
#2861=VECTOR('',#9357,10.);
#2862=VECTOR('',#9358,10.);
#2863=VECTOR('',#9359,10.);
#2864=VECTOR('',#9360,10.);
#2865=VECTOR('',#9361,10.);
#2866=VECTOR('',#9362,10.);
#2867=VECTOR('',#9363,10.);
#2868=VECTOR('',#9364,10.);
#2869=VECTOR('',#9365,10.);
#2870=VECTOR('',#9366,10.);
#2871=VECTOR('',#9367,10.);
#2872=VECTOR('',#9368,10.);
#2873=VECTOR('',#9369,10.);
#2874=VECTOR('',#9370,10.);
#2875=VECTOR('',#9371,10.);
#2876=VECTOR('',#9372,10.);
#2877=VECTOR('',#9373,10.);
#2878=VECTOR('',#9374,10.);
#2879=VECTOR('',#9375,10.);
#2880=VECTOR('',#9376,10.);
#2881=VECTOR('',#9377,10.);
#2882=VECTOR('',#9378,10.);
#2883=VECTOR('',#9379,10.);
#2884=VECTOR('',#9380,10.);
#2885=VECTOR('',#9381,10.);
#2886=VECTOR('',#9382,10.);
#2887=VECTOR('',#9383,10.);
#2888=VECTOR('',#9384,10.);
#2889=VECTOR('',#9385,10.);
#2890=VECTOR('',#9386,10.);
#2891=VECTOR('',#9387,10.);
#2892=VECTOR('',#9388,10.);
#2893=VECTOR('',#9389,10.);
#2894=VECTOR('',#9390,10.);
#2895=VECTOR('',#9391,10.);
#2896=VECTOR('',#9392,10.);
#2897=VECTOR('',#9393,10.);
#2898=VECTOR('',#9394,10.);
#2899=VECTOR('',#9395,10.);
#2900=VECTOR('',#9396,10.);
#2901=VECTOR('',#9397,10.);
#2902=VECTOR('',#9398,10.);
#2903=VECTOR('',#9399,10.);
#2904=VECTOR('',#9400,10.);
#2905=VECTOR('',#9401,10.);
#2906=VECTOR('',#9402,10.);
#2907=VECTOR('',#9403,10.);
#2908=VECTOR('',#9404,10.);
#2909=VECTOR('',#9405,10.);
#2910=VECTOR('',#9406,10.);
#2911=VECTOR('',#9407,10.);
#2912=VECTOR('',#9408,10.);
#2913=VECTOR('',#9409,10.);
#2914=VECTOR('',#9410,10.);
#2915=VECTOR('',#9411,10.);
#2916=VECTOR('',#9412,10.);
#2917=VECTOR('',#9413,10.);
#2918=VECTOR('',#9414,10.);
#2919=VECTOR('',#9415,10.);
#2920=VECTOR('',#9416,10.);
#2921=VECTOR('',#9417,10.);
#2922=VECTOR('',#9418,10.);
#2923=VECTOR('',#9419,10.);
#2924=VECTOR('',#9420,10.);
#2925=VECTOR('',#9421,10.);
#2926=VECTOR('',#9422,10.);
#2927=VECTOR('',#9423,10.);
#2928=VECTOR('',#9424,10.);
#2929=VECTOR('',#9425,10.);
#2930=VECTOR('',#9426,10.);
#2931=VECTOR('',#9427,10.);
#2932=VECTOR('',#9428,10.);
#2933=VECTOR('',#9429,10.);
#2934=VECTOR('',#9430,10.);
#2935=VECTOR('',#9431,10.);
#2936=VECTOR('',#9432,10.);
#2937=VECTOR('',#9433,10.);
#2938=VECTOR('',#9434,10.);
#2939=VECTOR('',#9435,10.);
#2940=VECTOR('',#9436,10.);
#2941=VECTOR('',#9437,10.);
#2942=VECTOR('',#9438,10.);
#2943=VECTOR('',#9439,10.);
#2944=VECTOR('',#9440,10.);
#2945=VECTOR('',#9441,10.);
#2946=VECTOR('',#9442,10.);
#2947=VECTOR('',#9443,10.);
#2948=VECTOR('',#9444,10.);
#2949=VECTOR('',#9445,10.);
#2950=VECTOR('',#9446,10.);
#2951=VECTOR('',#9447,10.);
#2952=VECTOR('',#9448,10.);
#2953=VECTOR('',#9449,10.);
#2954=VECTOR('',#9450,10.);
#2955=VECTOR('',#9451,10.);
#2956=VECTOR('',#9452,10.);
#2957=VECTOR('',#9453,10.);
#2958=VECTOR('',#9454,10.);
#2959=VECTOR('',#9455,10.);
#2960=VECTOR('',#9456,10.);
#2961=VECTOR('',#9457,10.);
#2962=VECTOR('',#9458,10.);
#2963=VECTOR('',#9459,10.);
#2964=VECTOR('',#9460,10.);
#2965=VECTOR('',#9461,10.);
#2966=VECTOR('',#9462,10.);
#2967=VECTOR('',#9463,10.);
#2968=VECTOR('',#9464,10.);
#2969=VECTOR('',#9465,10.);
#2970=VECTOR('',#9466,10.);
#2971=VECTOR('',#9467,10.);
#2972=VECTOR('',#9468,10.);
#2973=VECTOR('',#9469,10.);
#2974=VECTOR('',#9470,10.);
#2975=VECTOR('',#9471,10.);
#2976=VECTOR('',#9472,10.);
#2977=VECTOR('',#9473,10.);
#2978=VECTOR('',#9474,10.);
#2979=VECTOR('',#9475,10.);
#2980=VECTOR('',#9476,10.);
#2981=VECTOR('',#9477,10.);
#2982=VECTOR('',#9478,10.);
#2983=VECTOR('',#9479,10.);
#2984=VECTOR('',#9480,10.);
#2985=VECTOR('',#9481,10.);
#2986=VECTOR('',#9482,10.);
#2987=VECTOR('',#9483,10.);
#2988=VECTOR('',#9484,10.);
#2989=VECTOR('',#9485,10.);
#2990=VECTOR('',#9486,10.);
#2991=VECTOR('',#9487,10.);
#2992=VECTOR('',#9488,10.);
#2993=VECTOR('',#9489,10.);
#2994=VECTOR('',#9490,10.);
#2995=VECTOR('',#9491,10.);
#2996=VECTOR('',#9492,10.);
#2997=VECTOR('',#9493,10.);
#2998=VECTOR('',#9494,10.);
#2999=VECTOR('',#9495,10.);
#3000=VECTOR('',#9496,10.);
#3001=VECTOR('',#9497,10.);
#3002=VECTOR('',#9498,10.);
#3003=VECTOR('',#9499,10.);
#3004=VECTOR('',#9500,10.);
#3005=VECTOR('',#9501,10.);
#3006=VECTOR('',#9502,10.);
#3007=VECTOR('',#9503,10.);
#3008=VECTOR('',#9504,10.);
#3009=VECTOR('',#9505,10.);
#3010=VECTOR('',#9506,10.);
#3011=VECTOR('',#9507,10.);
#3012=VECTOR('',#9508,10.);
#3013=VECTOR('',#9509,10.);
#3014=VECTOR('',#9510,10.);
#3015=VECTOR('',#9511,10.);
#3016=VECTOR('',#9512,10.);
#3017=VECTOR('',#9513,10.);
#3018=VECTOR('',#9514,10.);
#3019=VECTOR('',#9515,10.);
#3020=VECTOR('',#9516,10.);
#3021=VECTOR('',#9517,10.);
#3022=VECTOR('',#9518,10.);
#3023=VECTOR('',#9519,10.);
#3024=VECTOR('',#9520,10.);
#3025=VECTOR('',#9521,10.);
#3026=VECTOR('',#9522,10.);
#3027=VECTOR('',#9523,10.);
#3028=VECTOR('',#9524,10.);
#3029=VECTOR('',#9525,10.);
#3030=VECTOR('',#9526,10.);
#3031=VECTOR('',#9527,10.);
#3032=VECTOR('',#9528,10.);
#3033=VECTOR('',#9529,10.);
#3034=VECTOR('',#9530,10.);
#3035=VECTOR('',#9531,10.);
#3036=VECTOR('',#9532,10.);
#3037=VECTOR('',#9533,10.);
#3038=VECTOR('',#9534,10.);
#3039=VECTOR('',#9535,10.);
#3040=VECTOR('',#9536,10.);
#3041=VECTOR('',#9537,10.);
#3042=VECTOR('',#9538,10.);
#3043=VECTOR('',#9539,10.);
#3044=VECTOR('',#9540,10.);
#3045=VECTOR('',#9541,10.);
#3046=VECTOR('',#9542,10.);
#3047=VECTOR('',#9543,10.);
#3048=VECTOR('',#9544,10.);
#3049=VECTOR('',#9545,10.);
#3050=VECTOR('',#9546,10.);
#3051=VECTOR('',#9547,10.);
#3052=VECTOR('',#9548,10.);
#3053=VECTOR('',#9549,10.);
#3054=VECTOR('',#9550,10.);
#3055=VECTOR('',#9551,10.);
#3056=VECTOR('',#9552,10.);
#3057=VECTOR('',#9553,10.);
#3058=VECTOR('',#9554,10.);
#3059=VECTOR('',#9555,10.);
#3060=VECTOR('',#9556,10.);
#3061=VECTOR('',#9557,10.);
#3062=VECTOR('',#9558,10.);
#3063=VECTOR('',#9559,10.);
#3064=VECTOR('',#9560,10.);
#3065=VECTOR('',#9561,10.);
#3066=VECTOR('',#9562,10.);
#3067=VECTOR('',#9563,10.);
#3068=VECTOR('',#9564,10.);
#3069=VECTOR('',#9565,10.);
#3070=VECTOR('',#9566,10.);
#3071=VECTOR('',#9567,10.);
#3072=VECTOR('',#9568,10.);
#3073=VECTOR('',#9569,10.);
#3074=VECTOR('',#9570,10.);
#3075=VECTOR('',#9571,10.);
#3076=VECTOR('',#9572,10.);
#3077=VECTOR('',#9573,10.);
#3078=VECTOR('',#9574,10.);
#3079=VECTOR('',#9575,10.);
#3080=VECTOR('',#9576,10.);
#3081=VECTOR('',#9577,10.);
#3082=VECTOR('',#9578,10.);
#3083=VECTOR('',#9579,10.);
#3084=VECTOR('',#9580,10.);
#3085=VECTOR('',#9581,10.);
#3086=VECTOR('',#9582,10.);
#3087=VECTOR('',#9583,10.);
#3088=VECTOR('',#9584,10.);
#3089=VECTOR('',#9585,10.);
#3090=VECTOR('',#9586,10.);
#3091=VECTOR('',#9587,10.);
#3092=VECTOR('',#9588,10.);
#3093=VECTOR('',#9589,10.);
#3094=VECTOR('',#9590,10.);
#3095=VECTOR('',#9591,10.);
#3096=VECTOR('',#9592,10.);
#3097=VECTOR('',#9593,10.);
#3098=VECTOR('',#9594,10.);
#3099=VECTOR('',#9595,10.);
#3100=VECTOR('',#9596,10.);
#3101=VECTOR('',#9597,10.);
#3102=VECTOR('',#9598,10.);
#3103=VECTOR('',#9599,10.);
#3104=VECTOR('',#9600,10.);
#3105=VECTOR('',#9601,10.);
#3106=VECTOR('',#9602,10.);
#3107=VECTOR('',#9603,10.);
#3108=VECTOR('',#9604,10.);
#3109=VECTOR('',#9605,10.);
#3110=VECTOR('',#9606,10.);
#3111=VECTOR('',#9607,10.);
#3112=VECTOR('',#9608,10.);
#3113=VECTOR('',#9609,10.);
#3114=VECTOR('',#9610,10.);
#3115=VECTOR('',#9611,10.);
#3116=VECTOR('',#9612,10.);
#3117=VECTOR('',#9613,10.);
#3118=VECTOR('',#9614,10.);
#3119=VECTOR('',#9615,10.);
#3120=VECTOR('',#9616,10.);
#3121=VECTOR('',#9617,10.);
#3122=VECTOR('',#9618,10.);
#3123=VECTOR('',#9619,10.);
#3124=VECTOR('',#9620,10.);
#3125=VECTOR('',#9621,10.);
#3126=VECTOR('',#9622,10.);
#3127=VECTOR('',#9623,10.);
#3128=VECTOR('',#9624,10.);
#3129=VECTOR('',#9625,10.);
#3130=VECTOR('',#9626,10.);
#3131=VECTOR('',#9627,10.);
#3132=VECTOR('',#9628,10.);
#3133=VECTOR('',#9629,10.);
#3134=VECTOR('',#9630,10.);
#3135=VECTOR('',#9631,10.);
#3136=VECTOR('',#9632,10.);
#3137=VECTOR('',#9633,10.);
#3138=VECTOR('',#9634,10.);
#3139=VECTOR('',#9635,10.);
#3140=VECTOR('',#9636,10.);
#3141=VECTOR('',#9637,10.);
#3142=VECTOR('',#9638,10.);
#3143=VECTOR('',#9639,10.);
#3144=VECTOR('',#9640,10.);
#3145=VECTOR('',#9641,10.);
#3146=VECTOR('',#9642,10.);
#3147=VECTOR('',#9643,10.);
#3148=VECTOR('',#9644,10.);
#3149=VECTOR('',#9645,10.);
#3150=VECTOR('',#9646,10.);
#3151=VECTOR('',#9647,10.);
#3152=VECTOR('',#9648,10.);
#3153=VECTOR('',#9651,10.);
#3154=VECTOR('',#9652,10.);
#3155=VECTOR('',#9655,10.);
#3156=VECTOR('',#9656,10.);
#3157=VECTOR('',#9657,10.);
#3158=VECTOR('',#9658,10.);
#3159=VECTOR('',#9659,10.);
#3160=VECTOR('',#9660,10.);
#3161=VECTOR('',#9661,10.);
#3162=VECTOR('',#9662,10.);
#3163=VECTOR('',#9663,10.);
#3164=VECTOR('',#9664,10.);
#3165=VECTOR('',#9665,10.);
#3166=VECTOR('',#9666,10.);
#3167=VECTOR('',#9667,10.);
#3168=VECTOR('',#9668,10.);
#3169=VECTOR('',#9669,10.);
#3170=VECTOR('',#9670,10.);
#3171=VECTOR('',#9671,10.);
#3172=VECTOR('',#9672,10.);
#3173=VECTOR('',#9673,10.);
#3174=VECTOR('',#9674,10.);
#3175=VECTOR('',#9675,10.);
#3176=VECTOR('',#9676,10.);
#3177=VECTOR('',#9677,10.);
#3178=VECTOR('',#9678,10.);
#3179=VECTOR('',#9679,10.);
#3180=VECTOR('',#9680,10.);
#3181=VECTOR('',#9681,10.);
#3182=VECTOR('',#9682,10.);
#3183=VECTOR('',#9683,10.);
#3184=VECTOR('',#9684,10.);
#3185=VECTOR('',#9685,10.);
#3186=VECTOR('',#9686,10.);
#3187=VECTOR('',#9687,10.);
#3188=VECTOR('',#9688,10.);
#3189=VECTOR('',#9689,10.);
#3190=VECTOR('',#9690,10.);
#3191=VECTOR('',#9691,10.);
#3192=VECTOR('',#9692,10.);
#3193=VECTOR('',#9693,10.);
#3194=VECTOR('',#9694,10.);
#3195=VECTOR('',#9695,10.);
#3196=VECTOR('',#9696,10.);
#3197=VECTOR('',#9697,10.);
#3198=VECTOR('',#9698,10.);
#3199=VECTOR('',#9699,10.);
#3200=VECTOR('',#9700,10.);
#3201=VECTOR('',#9701,10.);
#3202=VECTOR('',#9702,10.);
#3203=VECTOR('',#9703,10.);
#3204=VECTOR('',#9704,10.);
#3205=VECTOR('',#9705,10.);
#3206=VECTOR('',#9706,10.);
#3207=VECTOR('',#9707,10.);
#3208=VECTOR('',#9708,10.);
#3209=VECTOR('',#9709,10.);
#3210=VECTOR('',#9710,10.);
#3211=VECTOR('',#9711,10.);
#3212=VECTOR('',#9712,10.);
#3213=VECTOR('',#9713,10.);
#3214=VECTOR('',#9714,10.);
#3215=VECTOR('',#9715,10.);
#3216=VECTOR('',#9716,10.);
#3217=VECTOR('',#9717,10.);
#3218=VECTOR('',#9718,10.);
#3219=VECTOR('',#9719,10.);
#3220=VECTOR('',#9720,10.);
#3221=VECTOR('',#9721,10.);
#3222=VECTOR('',#9722,10.);
#3223=VECTOR('',#9723,10.);
#3224=VECTOR('',#9724,10.);
#3225=VECTOR('',#9725,10.);
#3226=VECTOR('',#9726,10.);
#3227=VECTOR('',#9727,10.);
#3228=VECTOR('',#9728,10.);
#3229=VECTOR('',#9729,10.);
#3230=VECTOR('',#9730,10.);
#3231=VECTOR('',#9731,10.);
#3232=VECTOR('',#9732,10.);
#3233=VECTOR('',#9733,10.);
#3234=VECTOR('',#9734,10.);
#3235=VECTOR('',#9735,10.);
#3236=VECTOR('',#9736,10.);
#3237=VECTOR('',#9737,10.);
#3238=VECTOR('',#9738,10.);
#3239=VECTOR('',#9739,10.);
#3240=VECTOR('',#9740,10.);
#3241=VECTOR('',#9741,10.);
#3242=VECTOR('',#9742,10.);
#3243=VECTOR('',#9743,10.);
#3244=VECTOR('',#9744,10.);
#3245=VECTOR('',#9745,10.);
#3246=VECTOR('',#9746,10.);
#3247=VECTOR('',#9747,10.);
#3248=VECTOR('',#9748,10.);
#3249=VECTOR('',#9749,10.);
#3250=VECTOR('',#9750,10.);
#3251=VECTOR('',#9751,10.);
#3252=VECTOR('',#9752,10.);
#3253=VECTOR('',#9753,10.);
#3254=VECTOR('',#9754,10.);
#3255=VECTOR('',#9755,10.);
#3256=VECTOR('',#9756,10.);
#3257=VECTOR('',#9757,10.);
#3258=VECTOR('',#9758,10.);
#3259=VECTOR('',#9759,10.);
#3260=VECTOR('',#9760,10.);
#3261=VECTOR('',#9761,10.);
#3262=VECTOR('',#9762,10.);
#3263=VECTOR('',#9763,10.);
#3264=VECTOR('',#9764,10.);
#3265=VECTOR('',#9765,10.);
#3266=VECTOR('',#9766,10.);
#3267=VECTOR('',#9767,10.);
#3268=VECTOR('',#9768,10.);
#3269=VECTOR('',#9769,10.);
#3270=VECTOR('',#9770,10.);
#3271=VECTOR('',#9771,10.);
#3272=VECTOR('',#9772,10.);
#3273=VECTOR('',#9773,10.);
#3274=VECTOR('',#9774,10.);
#3275=VECTOR('',#9775,10.);
#3276=VECTOR('',#9776,10.);
#3277=VECTOR('',#9777,10.);
#3278=VECTOR('',#9778,10.);
#3279=VECTOR('',#9779,10.);
#3280=VECTOR('',#9780,10.);
#3281=VECTOR('',#9781,10.);
#3282=VECTOR('',#9782,10.);
#3283=VECTOR('',#9783,10.);
#3284=VECTOR('',#9784,10.);
#3285=VECTOR('',#9785,10.);
#3286=VECTOR('',#9786,10.);
#3287=VECTOR('',#9787,10.);
#3288=VECTOR('',#9788,10.);
#3289=VECTOR('',#9789,10.);
#3290=VECTOR('',#9790,10.);
#3291=VECTOR('',#9791,10.);
#3292=VECTOR('',#9792,10.);
#3293=VECTOR('',#9793,10.);
#3294=VECTOR('',#9794,10.);
#3295=VECTOR('',#9795,10.);
#3296=VECTOR('',#9796,10.);
#3297=VECTOR('',#9797,10.);
#3298=VECTOR('',#9798,10.);
#3299=VECTOR('',#9799,10.);
#3300=VECTOR('',#9800,10.);
#3301=VECTOR('',#9801,10.);
#3302=VECTOR('',#9802,10.);
#3303=VECTOR('',#9803,10.);
#3304=VECTOR('',#9804,10.);
#3305=VECTOR('',#9805,10.);
#3306=VECTOR('',#9806,10.);
#3307=VECTOR('',#9807,10.);
#3308=VECTOR('',#9808,10.);
#3309=VECTOR('',#9809,10.);
#3310=VECTOR('',#9810,10.);
#3311=VECTOR('',#9811,10.);
#3312=VECTOR('',#9812,10.);
#3313=VECTOR('',#9813,10.);
#3314=VECTOR('',#9814,10.);
#3315=VECTOR('',#9815,10.);
#3316=VECTOR('',#9816,10.);
#3317=VECTOR('',#9817,10.);
#3318=VECTOR('',#9818,10.);
#3319=VECTOR('',#9819,10.);
#3320=VECTOR('',#9820,10.);
#3321=VECTOR('',#9821,10.);
#3322=VECTOR('',#9822,10.);
#3323=VECTOR('',#9823,10.);
#3324=VECTOR('',#9824,10.);
#3325=VECTOR('',#9825,10.);
#3326=VECTOR('',#9826,10.);
#3327=VECTOR('',#9827,10.);
#3328=VECTOR('',#9828,10.);
#3329=VECTOR('',#9829,10.);
#3330=VECTOR('',#9830,10.);
#3331=VECTOR('',#9831,10.);
#3332=VECTOR('',#9832,10.);
#3333=VECTOR('',#9833,10.);
#3334=VECTOR('',#9834,10.);
#3335=VECTOR('',#9835,10.);
#3336=VECTOR('',#9836,10.);
#3337=VECTOR('',#9837,10.);
#3338=VECTOR('',#9838,10.);
#3339=VECTOR('',#9839,10.);
#3340=VECTOR('',#9840,10.);
#3341=VECTOR('',#9841,10.);
#3342=VECTOR('',#9842,10.);
#3343=VECTOR('',#9843,10.);
#3344=VECTOR('',#9844,10.);
#3345=VECTOR('',#9845,10.);
#3346=VECTOR('',#9846,10.);
#3347=VECTOR('',#9847,10.);
#3348=VECTOR('',#9848,10.);
#3349=VECTOR('',#9849,10.);
#3350=VECTOR('',#9850,10.);
#3351=VECTOR('',#9851,10.);
#3352=VECTOR('',#9852,10.);
#3353=VECTOR('',#9853,10.);
#3354=VECTOR('',#9854,10.);
#3355=VECTOR('',#9855,10.);
#3356=VECTOR('',#9856,10.);
#3357=VECTOR('',#9857,10.);
#3358=VECTOR('',#9858,10.);
#3359=VECTOR('',#9859,10.);
#3360=VECTOR('',#9860,10.);
#3361=VECTOR('',#9861,10.);
#3362=VECTOR('',#9862,10.);
#3363=VECTOR('',#9863,10.);
#3364=VECTOR('',#9864,10.);
#3365=VECTOR('',#9865,10.);
#3366=VECTOR('',#9866,10.);
#3367=VECTOR('',#9867,10.);
#3368=VECTOR('',#9868,10.);
#3369=VECTOR('',#9869,10.);
#3370=VECTOR('',#9870,10.);
#3371=VECTOR('',#9871,10.);
#3372=VECTOR('',#9872,10.);
#3373=VECTOR('',#9873,10.);
#3374=VECTOR('',#9874,10.);
#3375=VECTOR('',#9875,10.);
#3376=VECTOR('',#9876,10.);
#3377=VECTOR('',#9877,10.);
#3378=VECTOR('',#9878,10.);
#3379=VECTOR('',#9879,10.);
#3380=VECTOR('',#9880,10.);
#3381=VECTOR('',#9881,10.);
#3382=VECTOR('',#9882,10.);
#3383=VECTOR('',#9883,10.);
#3384=VECTOR('',#9884,10.);
#3385=VECTOR('',#9885,10.);
#3386=VECTOR('',#9886,10.);
#3387=VECTOR('',#9887,10.);
#3388=VECTOR('',#9888,10.);
#3389=VECTOR('',#9889,10.);
#3390=VECTOR('',#9890,10.);
#3391=VECTOR('',#9891,10.);
#3392=VECTOR('',#9892,10.);
#3393=VECTOR('',#9893,10.);
#3394=VECTOR('',#9894,10.);
#3395=VECTOR('',#9895,10.);
#3396=VECTOR('',#9896,10.);
#3397=VECTOR('',#9897,10.);
#3398=VECTOR('',#9898,10.);
#3399=VECTOR('',#9899,10.);
#3400=VECTOR('',#9900,10.);
#3401=VECTOR('',#9901,10.);
#3402=VECTOR('',#9902,10.);
#3403=VECTOR('',#9903,10.);
#3404=VECTOR('',#9904,10.);
#3405=VECTOR('',#9905,10.);
#3406=VECTOR('',#9906,10.);
#3407=VECTOR('',#9907,10.);
#3408=VECTOR('',#9908,10.);
#3409=VECTOR('',#9909,10.);
#3410=VECTOR('',#9910,10.);
#3411=VECTOR('',#9911,10.);
#3412=VECTOR('',#9912,10.);
#3413=VECTOR('',#9913,10.);
#3414=VECTOR('',#9914,10.);
#3415=VECTOR('',#9915,10.);
#3416=VECTOR('',#9916,10.);
#3417=VECTOR('',#9917,10.);
#3418=VECTOR('',#9918,10.);
#3419=VECTOR('',#9919,10.);
#3420=VECTOR('',#9920,10.);
#3421=VECTOR('',#9921,10.);
#3422=VECTOR('',#9922,10.);
#3423=VECTOR('',#9923,10.);
#3424=VECTOR('',#9924,10.);
#3425=VECTOR('',#9925,10.);
#3426=VECTOR('',#9926,10.);
#3427=VECTOR('',#9927,10.);
#3428=VECTOR('',#9928,10.);
#3429=VECTOR('',#9929,10.);
#3430=VECTOR('',#9930,10.);
#3431=VECTOR('',#9931,10.);
#3432=VECTOR('',#9932,10.);
#3433=VECTOR('',#9933,10.);
#3434=VECTOR('',#9934,10.);
#3435=VECTOR('',#9935,10.);
#3436=VECTOR('',#9936,10.);
#3437=VECTOR('',#9937,10.);
#3438=VECTOR('',#9938,10.);
#3439=VECTOR('',#9939,10.);
#3440=VECTOR('',#9940,10.);
#3441=VECTOR('',#9941,10.);
#3442=VECTOR('',#9942,10.);
#3443=VECTOR('',#9943,10.);
#3444=VECTOR('',#9944,10.);
#3445=VECTOR('',#9945,10.);
#3446=VECTOR('',#9946,10.);
#3447=VECTOR('',#9947,10.);
#3448=VECTOR('',#9948,10.);
#3449=VECTOR('',#9949,10.);
#3450=VECTOR('',#9950,10.);
#3451=VECTOR('',#9951,10.);
#3452=VECTOR('',#9952,10.);
#3453=VECTOR('',#9953,10.);
#3454=VECTOR('',#9954,10.);
#3455=VECTOR('',#9955,10.);
#3456=VECTOR('',#9956,10.);
#3457=VECTOR('',#9957,10.);
#3458=VECTOR('',#9958,10.);
#3459=VECTOR('',#9959,10.);
#3460=VECTOR('',#9960,10.);
#3461=VECTOR('',#9961,10.);
#3462=VECTOR('',#9962,10.);
#3463=VECTOR('',#9963,10.);
#3464=VECTOR('',#9964,10.);
#3465=VECTOR('',#9965,10.);
#3466=VECTOR('',#9966,10.);
#3467=VECTOR('',#9967,10.);
#3468=VECTOR('',#9968,10.);
#3469=VECTOR('',#9969,10.);
#3470=VECTOR('',#9970,10.);
#3471=VECTOR('',#9971,10.);
#3472=VECTOR('',#9972,10.);
#3473=VECTOR('',#9973,10.);
#3474=VECTOR('',#9974,10.);
#3475=VECTOR('',#9975,10.);
#3476=VECTOR('',#9976,10.);
#3477=VECTOR('',#9977,10.);
#3478=VECTOR('',#9978,10.);
#3479=VECTOR('',#9979,10.);
#3480=VECTOR('',#9980,10.);
#3481=VECTOR('',#9981,10.);
#3482=VECTOR('',#9982,10.);
#3483=VECTOR('',#9983,10.);
#3484=VECTOR('',#9984,10.);
#3485=VECTOR('',#9985,10.);
#3486=VECTOR('',#9986,10.);
#3487=VECTOR('',#9987,10.);
#3488=VECTOR('',#9988,10.);
#3489=VECTOR('',#9989,10.);
#3490=VECTOR('',#9990,10.);
#3491=VECTOR('',#9991,10.);
#3492=VECTOR('',#9992,10.);
#3493=VECTOR('',#9993,10.);
#3494=VECTOR('',#9994,10.);
#3495=VECTOR('',#9995,10.);
#3496=VECTOR('',#9996,10.);
#3497=VECTOR('',#9997,10.);
#3498=VECTOR('',#9998,10.);
#3499=VECTOR('',#9999,10.);
#3500=VECTOR('',#10000,10.);
#3501=VECTOR('',#10001,10.);
#3502=VECTOR('',#10002,10.);
#3503=VECTOR('',#10003,10.);
#3504=VECTOR('',#10004,10.);
#3505=VECTOR('',#10005,10.);
#3506=VECTOR('',#10006,10.);
#3507=VECTOR('',#10007,10.);
#3508=VECTOR('',#10008,10.);
#3509=VECTOR('',#10009,10.);
#3510=VECTOR('',#10010,10.);
#3511=VECTOR('',#10011,10.);
#3512=VECTOR('',#10012,10.);
#3513=VECTOR('',#10013,10.);
#3514=VECTOR('',#10014,10.);
#3515=VECTOR('',#10015,10.);
#3516=VECTOR('',#10016,10.);
#3517=VECTOR('',#10017,10.);
#3518=VECTOR('',#10018,10.);
#3519=VECTOR('',#10019,10.);
#3520=VECTOR('',#10020,10.);
#3521=VECTOR('',#10021,10.);
#3522=VECTOR('',#10022,10.);
#3523=VECTOR('',#10025,10.);
#3524=VECTOR('',#10026,10.);
#3525=VECTOR('',#10027,10.);
#3526=VECTOR('',#10028,10.);
#3527=VECTOR('',#10029,10.);
#3528=VECTOR('',#10032,10.);
#3529=VECTOR('',#10039,10.);
#3530=VECTOR('',#10040,10.);
#3531=VECTOR('',#10043,10.);
#3532=VECTOR('',#10046,10.);
#3533=VECTOR('',#10047,10.);
#3534=VECTOR('',#10050,10.);
#3535=VECTOR('',#10051,10.);
#3536=VECTOR('',#10052,10.);
#3537=VECTOR('',#10053,10.);
#3538=VECTOR('',#10054,10.);
#3539=VECTOR('',#10055,10.);
#3540=VECTOR('',#10056,10.);
#3541=VECTOR('',#10059,10.);
#3542=VECTOR('',#10064,10.);
#3543=VECTOR('',#10065,10.);
#3544=VECTOR('',#10066,10.);
#3545=VECTOR('',#10067,10.);
#3546=VECTOR('',#10068,10.);
#3547=VECTOR('',#10069,10.);
#3548=VECTOR('',#10070,10.);
#3549=VECTOR('',#10071,10.);
#3550=VECTOR('',#10072,10.);
#3551=VECTOR('',#10073,10.);
#3552=VECTOR('',#10074,10.);
#3553=VECTOR('',#10075,10.);
#3554=VECTOR('',#10076,10.);
#3555=VECTOR('',#10077,10.);
#3556=VECTOR('',#10078,10.);
#3557=VECTOR('',#10079,10.);
#3558=VECTOR('',#10080,10.);
#3559=VECTOR('',#10081,10.);
#3560=VECTOR('',#10082,10.);
#3561=VECTOR('',#10083,10.);
#3562=VECTOR('',#10084,10.);
#3563=VECTOR('',#10085,10.);
#3564=VECTOR('',#10086,10.);
#3565=VECTOR('',#10089,10.);
#3566=VECTOR('',#10090,10.);
#3567=VECTOR('',#10093,10.);
#3568=VECTOR('',#10096,10.);
#3569=VECTOR('',#10101,10.);
#3570=VECTOR('',#10102,10.);
#3571=VECTOR('',#10105,10.);
#3572=VECTOR('',#10108,10.);
#3573=VECTOR('',#10111,10.);
#3574=VECTOR('',#10114,10.);
#3575=VECTOR('',#10117,10.);
#3576=VECTOR('',#10120,10.);
#3577=VECTOR('',#10121,10.);
#3578=VECTOR('',#10126,10.);
#3579=VECTOR('',#10129,10.);
#3580=VECTOR('',#10132,3.125);
#3581=VECTOR('',#10139,3.125);
#3582=VECTOR('',#10146,10.);
#3583=VECTOR('',#10147,10.);
#3584=VECTOR('',#10150,10.);
#3585=VECTOR('',#10153,10.);
#3586=VECTOR('',#10158,10.);
#3587=VECTOR('',#10159,10.);
#3588=VECTOR('',#10162,10.);
#3589=VECTOR('',#10165,10.);
#3590=VECTOR('',#10170,10.);
#3591=VECTOR('',#10171,10.);
#3592=VECTOR('',#10174,10.);
#3593=VECTOR('',#10177,10.);
#3594=VECTOR('',#10182,10.);
#3595=VECTOR('',#10183,10.);
#3596=VECTOR('',#10186,10.);
#3597=VECTOR('',#10189,10.);
#3598=VECTOR('',#10194,10.);
#3599=VECTOR('',#10195,10.);
#3600=VECTOR('',#10198,10.);
#3601=VECTOR('',#10201,10.);
#3602=VECTOR('',#10206,10.);
#3603=VECTOR('',#10207,10.);
#3604=VECTOR('',#10210,10.);
#3605=VECTOR('',#10213,10.);
#3606=VECTOR('',#10218,10.);
#3607=VECTOR('',#10219,10.);
#3608=VECTOR('',#10222,10.);
#3609=VECTOR('',#10225,10.);
#3610=VECTOR('',#10230,10.);
#3611=VECTOR('',#10231,10.);
#3612=VECTOR('',#10234,10.);
#3613=VECTOR('',#10237,10.);
#3614=VECTOR('',#10242,10.);
#3615=VECTOR('',#10243,10.);
#3616=VECTOR('',#10246,10.);
#3617=VECTOR('',#10249,10.);
#3618=VECTOR('',#10254,10.);
#3619=VECTOR('',#10255,10.);
#3620=VECTOR('',#10258,10.);
#3621=VECTOR('',#10261,10.);
#3622=VECTOR('',#10266,10.);
#3623=VECTOR('',#10267,10.);
#3624=VECTOR('',#10270,10.);
#3625=VECTOR('',#10273,10.);
#3626=VECTOR('',#10278,10.);
#3627=VECTOR('',#10279,10.);
#3628=VECTOR('',#10282,10.);
#3629=VECTOR('',#10285,10.);
#3630=VECTOR('',#10290,10.);
#3631=VECTOR('',#10291,10.);
#3632=VECTOR('',#10294,10.);
#3633=VECTOR('',#10297,10.);
#3634=VECTOR('',#10302,10.);
#3635=VECTOR('',#10303,10.);
#3636=VECTOR('',#10306,10.);
#3637=VECTOR('',#10309,10.);
#3638=VECTOR('',#10314,10.);
#3639=VECTOR('',#10315,10.);
#3640=VECTOR('',#10318,10.);
#3641=VECTOR('',#10321,10.);
#3642=VECTOR('',#10326,10.);
#3643=VECTOR('',#10327,10.);
#3644=VECTOR('',#10330,10.);
#3645=VECTOR('',#10333,10.);
#3646=VECTOR('',#10338,10.);
#3647=VECTOR('',#10339,10.);
#3648=VECTOR('',#10342,10.);
#3649=VECTOR('',#10345,10.);
#3650=VECTOR('',#10350,10.);
#3651=VECTOR('',#10351,10.);
#3652=VECTOR('',#10354,10.);
#3653=VECTOR('',#10357,10.);
#3654=VECTOR('',#10362,10.);
#3655=VECTOR('',#10363,10.);
#3656=VECTOR('',#10366,10.);
#3657=VECTOR('',#10369,10.);
#3658=VECTOR('',#10374,10.);
#3659=VECTOR('',#10375,10.);
#3660=VECTOR('',#10378,10.);
#3661=VECTOR('',#10381,10.);
#3662=VECTOR('',#10386,10.);
#3663=VECTOR('',#10387,10.);
#3664=VECTOR('',#10390,10.);
#3665=VECTOR('',#10393,10.);
#3666=VECTOR('',#10398,10.);
#3667=VECTOR('',#10399,10.);
#3668=VECTOR('',#10402,10.);
#3669=VECTOR('',#10405,10.);
#3670=VECTOR('',#10410,10.);
#3671=VECTOR('',#10411,10.);
#3672=VECTOR('',#10414,10.);
#3673=VECTOR('',#10417,10.);
#3674=VECTOR('',#10422,10.);
#3675=VECTOR('',#10423,10.);
#3676=VECTOR('',#10426,10.);
#3677=VECTOR('',#10429,10.);
#3678=VECTOR('',#10434,10.);
#3679=VECTOR('',#10435,10.);
#3680=VECTOR('',#10438,10.);
#3681=VECTOR('',#10441,10.);
#3682=VECTOR('',#10446,10.);
#3683=VECTOR('',#10447,10.);
#3684=VECTOR('',#10450,10.);
#3685=VECTOR('',#10453,10.);
#3686=VECTOR('',#10458,10.);
#3687=VECTOR('',#10459,10.);
#3688=VECTOR('',#10462,10.);
#3689=VECTOR('',#10465,10.);
#3690=VECTOR('',#10470,10.);
#3691=VECTOR('',#10471,10.);
#3692=VECTOR('',#10474,10.);
#3693=VECTOR('',#10477,10.);
#3694=VECTOR('',#10482,10.);
#3695=VECTOR('',#10483,10.);
#3696=VECTOR('',#10486,10.);
#3697=VECTOR('',#10489,10.);
#3698=VECTOR('',#10494,10.);
#3699=VECTOR('',#10495,10.);
#3700=VECTOR('',#10498,10.);
#3701=VECTOR('',#10501,10.);
#3702=VECTOR('',#10506,10.);
#3703=VECTOR('',#10507,10.);
#3704=VECTOR('',#10510,10.);
#3705=VECTOR('',#10513,10.);
#3706=VECTOR('',#10518,10.);
#3707=VECTOR('',#10519,10.);
#3708=VECTOR('',#10522,10.);
#3709=VECTOR('',#10525,10.);
#3710=VECTOR('',#10530,10.);
#3711=VECTOR('',#10531,10.);
#3712=VECTOR('',#10534,10.);
#3713=VECTOR('',#10537,10.);
#3714=VECTOR('',#10542,10.);
#3715=VECTOR('',#10543,10.);
#3716=VECTOR('',#10546,10.);
#3717=VECTOR('',#10549,10.);
#3718=VECTOR('',#10554,10.);
#3719=VECTOR('',#10555,10.);
#3720=VECTOR('',#10558,10.);
#3721=VECTOR('',#10561,10.);
#3722=VECTOR('',#10566,10.);
#3723=VECTOR('',#10567,10.);
#3724=VECTOR('',#10570,10.);
#3725=VECTOR('',#10573,10.);
#3726=VECTOR('',#10578,10.);
#3727=VECTOR('',#10579,10.);
#3728=VECTOR('',#10582,10.);
#3729=VECTOR('',#10585,10.);
#3730=VECTOR('',#10590,10.);
#3731=VECTOR('',#10591,10.);
#3732=VECTOR('',#10594,10.);
#3733=VECTOR('',#10597,10.);
#3734=VECTOR('',#10602,10.);
#3735=VECTOR('',#10603,10.);
#3736=VECTOR('',#10606,10.);
#3737=VECTOR('',#10609,10.);
#3738=VECTOR('',#10614,10.);
#3739=VECTOR('',#10615,10.);
#3740=VECTOR('',#10618,10.);
#3741=VECTOR('',#10621,10.);
#3742=VECTOR('',#10626,10.);
#3743=VECTOR('',#10627,10.);
#3744=VECTOR('',#10630,10.);
#3745=VECTOR('',#10633,10.);
#3746=VECTOR('',#10638,10.);
#3747=VECTOR('',#10639,10.);
#3748=VECTOR('',#10642,10.);
#3749=VECTOR('',#10645,10.);
#3750=VECTOR('',#10650,10.);
#3751=VECTOR('',#10651,10.);
#3752=VECTOR('',#10654,10.);
#3753=VECTOR('',#10657,10.);
#3754=VECTOR('',#10662,10.);
#3755=VECTOR('',#10663,10.);
#3756=VECTOR('',#10666,10.);
#3757=VECTOR('',#10669,10.);
#3758=VECTOR('',#10674,10.);
#3759=VECTOR('',#10675,10.);
#3760=VECTOR('',#10678,10.);
#3761=VECTOR('',#10681,10.);
#3762=VECTOR('',#10686,10.);
#3763=VECTOR('',#10687,10.);
#3764=VECTOR('',#10690,10.);
#3765=VECTOR('',#10693,10.);
#3766=VECTOR('',#10698,10.);
#3767=VECTOR('',#10699,10.);
#3768=VECTOR('',#10702,10.);
#3769=VECTOR('',#10705,10.);
#3770=VECTOR('',#10710,10.);
#3771=VECTOR('',#10711,10.);
#3772=VECTOR('',#10714,10.);
#3773=VECTOR('',#10717,10.);
#3774=VECTOR('',#10722,10.);
#3775=VECTOR('',#10723,10.);
#3776=VECTOR('',#10726,10.);
#3777=VECTOR('',#10729,10.);
#3778=VECTOR('',#10734,10.);
#3779=VECTOR('',#10735,10.);
#3780=VECTOR('',#10738,10.);
#3781=VECTOR('',#10741,10.);
#3782=VECTOR('',#10746,10.);
#3783=VECTOR('',#10747,10.);
#3784=VECTOR('',#10750,10.);
#3785=VECTOR('',#10753,10.);
#3786=VECTOR('',#10758,10.);
#3787=VECTOR('',#10759,10.);
#3788=VECTOR('',#10762,10.);
#3789=VECTOR('',#10765,10.);
#3790=VECTOR('',#10770,10.);
#3791=VECTOR('',#10771,10.);
#3792=VECTOR('',#10774,10.);
#3793=VECTOR('',#10777,10.);
#3794=VECTOR('',#10782,10.);
#3795=VECTOR('',#10783,10.);
#3796=VECTOR('',#10786,10.);
#3797=VECTOR('',#10789,10.);
#3798=VECTOR('',#10794,10.);
#3799=VECTOR('',#10795,10.);
#3800=VECTOR('',#10798,10.);
#3801=VECTOR('',#10801,10.);
#3802=VECTOR('',#10806,10.);
#3803=VECTOR('',#10807,10.);
#3804=VECTOR('',#10810,10.);
#3805=VECTOR('',#10813,10.);
#3806=VECTOR('',#10818,10.);
#3807=VECTOR('',#10819,10.);
#3808=VECTOR('',#10822,10.);
#3809=VECTOR('',#10825,10.);
#3810=VECTOR('',#10830,10.);
#3811=VECTOR('',#10831,10.);
#3812=VECTOR('',#10834,10.);
#3813=VECTOR('',#10837,10.);
#3814=VECTOR('',#10842,10.);
#3815=VECTOR('',#10843,10.);
#3816=VECTOR('',#10846,10.);
#3817=VECTOR('',#10849,10.);
#3818=VECTOR('',#10854,10.);
#3819=VECTOR('',#10855,10.);
#3820=VECTOR('',#10858,10.);
#3821=VECTOR('',#10861,10.);
#3822=VECTOR('',#10866,10.);
#3823=VECTOR('',#10867,10.);
#3824=VECTOR('',#10870,10.);
#3825=VECTOR('',#10873,10.);
#3826=VECTOR('',#10878,10.);
#3827=VECTOR('',#10879,10.);
#3828=VECTOR('',#10882,10.);
#3829=VECTOR('',#10885,10.);
#3830=VECTOR('',#10890,10.);
#3831=VECTOR('',#10891,10.);
#3832=VECTOR('',#10894,10.);
#3833=VECTOR('',#10897,10.);
#3834=VECTOR('',#10902,10.);
#3835=VECTOR('',#10903,10.);
#3836=VECTOR('',#10906,10.);
#3837=VECTOR('',#10909,10.);
#3838=VECTOR('',#10914,10.);
#3839=VECTOR('',#10915,10.);
#3840=VECTOR('',#10918,10.);
#3841=VECTOR('',#10921,10.);
#3842=VECTOR('',#10926,10.);
#3843=VECTOR('',#10927,10.);
#3844=VECTOR('',#10930,10.);
#3845=VECTOR('',#10933,10.);
#3846=VECTOR('',#10938,10.);
#3847=VECTOR('',#10939,10.);
#3848=VECTOR('',#10942,10.);
#3849=VECTOR('',#10945,10.);
#3850=VECTOR('',#10950,10.);
#3851=VECTOR('',#10951,10.);
#3852=VECTOR('',#10954,10.);
#3853=VECTOR('',#10957,10.);
#3854=VECTOR('',#10962,10.);
#3855=VECTOR('',#10963,10.);
#3856=VECTOR('',#10966,10.);
#3857=VECTOR('',#10969,10.);
#3858=VECTOR('',#10974,10.);
#3859=VECTOR('',#10975,10.);
#3860=VECTOR('',#10978,10.);
#3861=VECTOR('',#10981,10.);
#3862=VECTOR('',#10986,10.);
#3863=VECTOR('',#10987,10.);
#3864=VECTOR('',#10990,10.);
#3865=VECTOR('',#10993,10.);
#3866=VECTOR('',#10998,10.);
#3867=VECTOR('',#10999,10.);
#3868=VECTOR('',#11002,10.);
#3869=VECTOR('',#11005,10.);
#3870=VECTOR('',#11010,10.);
#3871=VECTOR('',#11011,10.);
#3872=VECTOR('',#11014,10.);
#3873=VECTOR('',#11017,10.);
#3874=VECTOR('',#11022,10.);
#3875=VECTOR('',#11023,10.);
#3876=VECTOR('',#11026,10.);
#3877=VECTOR('',#11029,10.);
#3878=VECTOR('',#11034,10.);
#3879=VECTOR('',#11035,10.);
#3880=VECTOR('',#11038,10.);
#3881=VECTOR('',#11041,10.);
#3882=VECTOR('',#11046,10.);
#3883=VECTOR('',#11047,10.);
#3884=VECTOR('',#11050,10.);
#3885=VECTOR('',#11053,10.);
#3886=VECTOR('',#11058,10.);
#3887=VECTOR('',#11059,10.);
#3888=VECTOR('',#11062,10.);
#3889=VECTOR('',#11065,10.);
#3890=VECTOR('',#11070,10.);
#3891=VECTOR('',#11071,10.);
#3892=VECTOR('',#11074,10.);
#3893=VECTOR('',#11077,10.);
#3894=VECTOR('',#11082,10.);
#3895=VECTOR('',#11083,10.);
#3896=VECTOR('',#11086,10.);
#3897=VECTOR('',#11089,10.);
#3898=VECTOR('',#11094,10.);
#3899=VECTOR('',#11095,10.);
#3900=VECTOR('',#11098,10.);
#3901=VECTOR('',#11101,10.);
#3902=VECTOR('',#11106,10.);
#3903=VECTOR('',#11107,10.);
#3904=VECTOR('',#11110,10.);
#3905=VECTOR('',#11113,10.);
#3906=VECTOR('',#11118,10.);
#3907=VECTOR('',#11119,10.);
#3908=VECTOR('',#11122,10.);
#3909=VECTOR('',#11125,10.);
#3910=VECTOR('',#11130,10.);
#3911=VECTOR('',#11131,10.);
#3912=VECTOR('',#11134,10.);
#3913=VECTOR('',#11137,10.);
#3914=VECTOR('',#11142,10.);
#3915=VECTOR('',#11143,10.);
#3916=VECTOR('',#11146,10.);
#3917=VECTOR('',#11149,10.);
#3918=VECTOR('',#11154,10.);
#3919=VECTOR('',#11155,10.);
#3920=VECTOR('',#11158,10.);
#3921=VECTOR('',#11161,10.);
#3922=VECTOR('',#11166,10.);
#3923=VECTOR('',#11167,10.);
#3924=VECTOR('',#11170,10.);
#3925=VECTOR('',#11173,10.);
#3926=VECTOR('',#11178,10.);
#3927=VECTOR('',#11179,10.);
#3928=VECTOR('',#11182,10.);
#3929=VECTOR('',#11185,10.);
#3930=VECTOR('',#11190,10.);
#3931=VECTOR('',#11191,10.);
#3932=VECTOR('',#11194,10.);
#3933=VECTOR('',#11197,10.);
#3934=VECTOR('',#11202,10.);
#3935=VECTOR('',#11203,10.);
#3936=VECTOR('',#11206,10.);
#3937=VECTOR('',#11209,10.);
#3938=VECTOR('',#11214,10.);
#3939=VECTOR('',#11215,10.);
#3940=VECTOR('',#11218,10.);
#3941=VECTOR('',#11221,10.);
#3942=VECTOR('',#11226,10.);
#3943=VECTOR('',#11227,10.);
#3944=VECTOR('',#11230,10.);
#3945=VECTOR('',#11233,10.);
#3946=VECTOR('',#11238,10.);
#3947=VECTOR('',#11243,10.);
#3948=VECTOR('',#11246,10.);
#3949=ELLIPSE('',#8799,1.39841619949742,0.6);
#3950=ELLIPSE('',#8800,0.848528137423857,0.6);
#3951=ELLIPSE('',#8802,0.848528137423857,0.6);
#3952=ELLIPSE('',#8804,0.848528137423857,0.6);
#3953=ELLIPSE('',#8808,0.848528137423857,0.6);
#3954=ELLIPSE('',#8810,1.39841619949739,0.6);
#3955=VERTEX_POINT('',#11253);
#3956=VERTEX_POINT('',#11254);
#3957=VERTEX_POINT('',#11256);
#3958=VERTEX_POINT('',#11258);
#3959=VERTEX_POINT('',#11260);
#3960=VERTEX_POINT('',#11262);
#3961=VERTEX_POINT('',#11266);
#3962=VERTEX_POINT('',#11268);
#3963=VERTEX_POINT('',#11270);
#3964=VERTEX_POINT('',#11272);
#3965=VERTEX_POINT('',#11276);
#3966=VERTEX_POINT('',#11280);
#3967=VERTEX_POINT('',#11282);
#3968=VERTEX_POINT('',#11284);
#3969=VERTEX_POINT('',#11288);
#3970=VERTEX_POINT('',#11289);
#3971=VERTEX_POINT('',#11294);
#3972=VERTEX_POINT('',#11298);
#3973=VERTEX_POINT('',#11300);
#3974=VERTEX_POINT('',#11302);
#3975=VERTEX_POINT('',#11304);
#3976=VERTEX_POINT('',#11306);
#3977=VERTEX_POINT('',#11308);
#3978=VERTEX_POINT('',#11310);
#3979=VERTEX_POINT('',#11312);
#3980=VERTEX_POINT('',#11314);
#3981=VERTEX_POINT('',#11316);
#3982=VERTEX_POINT('',#11318);
#3983=VERTEX_POINT('',#11320);
#3984=VERTEX_POINT('',#11323);
#3985=VERTEX_POINT('',#11325);
#3986=VERTEX_POINT('',#11327);
#3987=VERTEX_POINT('',#11328);
#3988=VERTEX_POINT('',#11330);
#3989=VERTEX_POINT('',#11332);
#3990=VERTEX_POINT('',#11335);
#3991=VERTEX_POINT('',#11336);
#3992=VERTEX_POINT('',#11338);
#3993=VERTEX_POINT('',#11340);
#3994=VERTEX_POINT('',#11343);
#3995=VERTEX_POINT('',#11344);
#3996=VERTEX_POINT('',#11346);
#3997=VERTEX_POINT('',#11348);
#3998=VERTEX_POINT('',#11351);
#3999=VERTEX_POINT('',#11352);
#4000=VERTEX_POINT('',#11354);
#4001=VERTEX_POINT('',#11356);
#4002=VERTEX_POINT('',#11359);
#4003=VERTEX_POINT('',#11360);
#4004=VERTEX_POINT('',#11362);
#4005=VERTEX_POINT('',#11364);
#4006=VERTEX_POINT('',#11367);
#4007=VERTEX_POINT('',#11368);
#4008=VERTEX_POINT('',#11370);
#4009=VERTEX_POINT('',#11372);
#4010=VERTEX_POINT('',#11375);
#4011=VERTEX_POINT('',#11376);
#4012=VERTEX_POINT('',#11378);
#4013=VERTEX_POINT('',#11380);
#4014=VERTEX_POINT('',#11383);
#4015=VERTEX_POINT('',#11384);
#4016=VERTEX_POINT('',#11386);
#4017=VERTEX_POINT('',#11388);
#4018=VERTEX_POINT('',#11391);
#4019=VERTEX_POINT('',#11392);
#4020=VERTEX_POINT('',#11394);
#4021=VERTEX_POINT('',#11396);
#4022=VERTEX_POINT('',#11399);
#4023=VERTEX_POINT('',#11400);
#4024=VERTEX_POINT('',#11402);
#4025=VERTEX_POINT('',#11404);
#4026=VERTEX_POINT('',#11407);
#4027=VERTEX_POINT('',#11408);
#4028=VERTEX_POINT('',#11410);
#4029=VERTEX_POINT('',#11412);
#4030=VERTEX_POINT('',#11415);
#4031=VERTEX_POINT('',#11416);
#4032=VERTEX_POINT('',#11418);
#4033=VERTEX_POINT('',#11420);
#4034=VERTEX_POINT('',#11423);
#4035=VERTEX_POINT('',#11424);
#4036=VERTEX_POINT('',#11426);
#4037=VERTEX_POINT('',#11428);
#4038=VERTEX_POINT('',#11431);
#4039=VERTEX_POINT('',#11432);
#4040=VERTEX_POINT('',#11434);
#4041=VERTEX_POINT('',#11436);
#4042=VERTEX_POINT('',#11439);
#4043=VERTEX_POINT('',#11440);
#4044=VERTEX_POINT('',#11442);
#4045=VERTEX_POINT('',#11444);
#4046=VERTEX_POINT('',#11447);
#4047=VERTEX_POINT('',#11448);
#4048=VERTEX_POINT('',#11450);
#4049=VERTEX_POINT('',#11452);
#4050=VERTEX_POINT('',#11455);
#4051=VERTEX_POINT('',#11456);
#4052=VERTEX_POINT('',#11458);
#4053=VERTEX_POINT('',#11460);
#4054=VERTEX_POINT('',#11463);
#4055=VERTEX_POINT('',#11464);
#4056=VERTEX_POINT('',#11466);
#4057=VERTEX_POINT('',#11468);
#4058=VERTEX_POINT('',#11471);
#4059=VERTEX_POINT('',#11472);
#4060=VERTEX_POINT('',#11474);
#4061=VERTEX_POINT('',#11476);
#4062=VERTEX_POINT('',#11479);
#4063=VERTEX_POINT('',#11480);
#4064=VERTEX_POINT('',#11482);
#4065=VERTEX_POINT('',#11484);
#4066=VERTEX_POINT('',#11487);
#4067=VERTEX_POINT('',#11488);
#4068=VERTEX_POINT('',#11490);
#4069=VERTEX_POINT('',#11492);
#4070=VERTEX_POINT('',#11495);
#4071=VERTEX_POINT('',#11496);
#4072=VERTEX_POINT('',#11498);
#4073=VERTEX_POINT('',#11500);
#4074=VERTEX_POINT('',#11503);
#4075=VERTEX_POINT('',#11504);
#4076=VERTEX_POINT('',#11506);
#4077=VERTEX_POINT('',#11508);
#4078=VERTEX_POINT('',#11511);
#4079=VERTEX_POINT('',#11512);
#4080=VERTEX_POINT('',#11514);
#4081=VERTEX_POINT('',#11516);
#4082=VERTEX_POINT('',#11519);
#4083=VERTEX_POINT('',#11520);
#4084=VERTEX_POINT('',#11522);
#4085=VERTEX_POINT('',#11524);
#4086=VERTEX_POINT('',#11527);
#4087=VERTEX_POINT('',#11528);
#4088=VERTEX_POINT('',#11530);
#4089=VERTEX_POINT('',#11532);
#4090=VERTEX_POINT('',#11535);
#4091=VERTEX_POINT('',#11536);
#4092=VERTEX_POINT('',#11538);
#4093=VERTEX_POINT('',#11540);
#4094=VERTEX_POINT('',#11543);
#4095=VERTEX_POINT('',#11544);
#4096=VERTEX_POINT('',#11546);
#4097=VERTEX_POINT('',#11548);
#4098=VERTEX_POINT('',#11551);
#4099=VERTEX_POINT('',#11552);
#4100=VERTEX_POINT('',#11554);
#4101=VERTEX_POINT('',#11556);
#4102=VERTEX_POINT('',#11559);
#4103=VERTEX_POINT('',#11560);
#4104=VERTEX_POINT('',#11562);
#4105=VERTEX_POINT('',#11564);
#4106=VERTEX_POINT('',#11567);
#4107=VERTEX_POINT('',#11568);
#4108=VERTEX_POINT('',#11570);
#4109=VERTEX_POINT('',#11572);
#4110=VERTEX_POINT('',#11575);
#4111=VERTEX_POINT('',#11576);
#4112=VERTEX_POINT('',#11578);
#4113=VERTEX_POINT('',#11580);
#4114=VERTEX_POINT('',#11583);
#4115=VERTEX_POINT('',#11584);
#4116=VERTEX_POINT('',#11586);
#4117=VERTEX_POINT('',#11588);
#4118=VERTEX_POINT('',#11591);
#4119=VERTEX_POINT('',#11592);
#4120=VERTEX_POINT('',#11594);
#4121=VERTEX_POINT('',#11596);
#4122=VERTEX_POINT('',#11599);
#4123=VERTEX_POINT('',#11600);
#4124=VERTEX_POINT('',#11602);
#4125=VERTEX_POINT('',#11604);
#4126=VERTEX_POINT('',#11607);
#4127=VERTEX_POINT('',#11608);
#4128=VERTEX_POINT('',#11610);
#4129=VERTEX_POINT('',#11612);
#4130=VERTEX_POINT('',#11615);
#4131=VERTEX_POINT('',#11616);
#4132=VERTEX_POINT('',#11618);
#4133=VERTEX_POINT('',#11620);
#4134=VERTEX_POINT('',#11623);
#4135=VERTEX_POINT('',#11624);
#4136=VERTEX_POINT('',#11626);
#4137=VERTEX_POINT('',#11628);
#4138=VERTEX_POINT('',#11631);
#4139=VERTEX_POINT('',#11632);
#4140=VERTEX_POINT('',#11634);
#4141=VERTEX_POINT('',#11636);
#4142=VERTEX_POINT('',#11639);
#4143=VERTEX_POINT('',#11640);
#4144=VERTEX_POINT('',#11642);
#4145=VERTEX_POINT('',#11644);
#4146=VERTEX_POINT('',#11647);
#4147=VERTEX_POINT('',#11648);
#4148=VERTEX_POINT('',#11650);
#4149=VERTEX_POINT('',#11652);
#4150=VERTEX_POINT('',#11655);
#4151=VERTEX_POINT('',#11656);
#4152=VERTEX_POINT('',#11658);
#4153=VERTEX_POINT('',#11660);
#4154=VERTEX_POINT('',#11663);
#4155=VERTEX_POINT('',#11664);
#4156=VERTEX_POINT('',#11666);
#4157=VERTEX_POINT('',#11668);
#4158=VERTEX_POINT('',#11671);
#4159=VERTEX_POINT('',#11672);
#4160=VERTEX_POINT('',#11674);
#4161=VERTEX_POINT('',#11676);
#4162=VERTEX_POINT('',#11679);
#4163=VERTEX_POINT('',#11680);
#4164=VERTEX_POINT('',#11682);
#4165=VERTEX_POINT('',#11684);
#4166=VERTEX_POINT('',#11687);
#4167=VERTEX_POINT('',#11688);
#4168=VERTEX_POINT('',#11690);
#4169=VERTEX_POINT('',#11692);
#4170=VERTEX_POINT('',#11695);
#4171=VERTEX_POINT('',#11696);
#4172=VERTEX_POINT('',#11698);
#4173=VERTEX_POINT('',#11700);
#4174=VERTEX_POINT('',#11703);
#4175=VERTEX_POINT('',#11704);
#4176=VERTEX_POINT('',#11706);
#4177=VERTEX_POINT('',#11708);
#4178=VERTEX_POINT('',#11711);
#4179=VERTEX_POINT('',#11712);
#4180=VERTEX_POINT('',#11714);
#4181=VERTEX_POINT('',#11716);
#4182=VERTEX_POINT('',#11719);
#4183=VERTEX_POINT('',#11720);
#4184=VERTEX_POINT('',#11722);
#4185=VERTEX_POINT('',#11724);
#4186=VERTEX_POINT('',#11727);
#4187=VERTEX_POINT('',#11728);
#4188=VERTEX_POINT('',#11730);
#4189=VERTEX_POINT('',#11732);
#4190=VERTEX_POINT('',#11735);
#4191=VERTEX_POINT('',#11736);
#4192=VERTEX_POINT('',#11738);
#4193=VERTEX_POINT('',#11740);
#4194=VERTEX_POINT('',#11743);
#4195=VERTEX_POINT('',#11744);
#4196=VERTEX_POINT('',#11746);
#4197=VERTEX_POINT('',#11748);
#4198=VERTEX_POINT('',#11751);
#4199=VERTEX_POINT('',#11752);
#4200=VERTEX_POINT('',#11754);
#4201=VERTEX_POINT('',#11756);
#4202=VERTEX_POINT('',#11759);
#4203=VERTEX_POINT('',#11760);
#4204=VERTEX_POINT('',#11762);
#4205=VERTEX_POINT('',#11764);
#4206=VERTEX_POINT('',#11767);
#4207=VERTEX_POINT('',#11768);
#4208=VERTEX_POINT('',#11770);
#4209=VERTEX_POINT('',#11772);
#4210=VERTEX_POINT('',#11775);
#4211=VERTEX_POINT('',#11776);
#4212=VERTEX_POINT('',#11778);
#4213=VERTEX_POINT('',#11780);
#4214=VERTEX_POINT('',#11783);
#4215=VERTEX_POINT('',#11784);
#4216=VERTEX_POINT('',#11786);
#4217=VERTEX_POINT('',#11788);
#4218=VERTEX_POINT('',#11791);
#4219=VERTEX_POINT('',#11792);
#4220=VERTEX_POINT('',#11794);
#4221=VERTEX_POINT('',#11796);
#4222=VERTEX_POINT('',#11799);
#4223=VERTEX_POINT('',#11800);
#4224=VERTEX_POINT('',#11802);
#4225=VERTEX_POINT('',#11804);
#4226=VERTEX_POINT('',#11807);
#4227=VERTEX_POINT('',#11808);
#4228=VERTEX_POINT('',#11810);
#4229=VERTEX_POINT('',#11812);
#4230=VERTEX_POINT('',#11815);
#4231=VERTEX_POINT('',#11816);
#4232=VERTEX_POINT('',#11818);
#4233=VERTEX_POINT('',#11820);
#4234=VERTEX_POINT('',#11823);
#4235=VERTEX_POINT('',#11824);
#4236=VERTEX_POINT('',#11826);
#4237=VERTEX_POINT('',#11828);
#4238=VERTEX_POINT('',#11831);
#4239=VERTEX_POINT('',#11832);
#4240=VERTEX_POINT('',#11834);
#4241=VERTEX_POINT('',#11836);
#4242=VERTEX_POINT('',#11839);
#4243=VERTEX_POINT('',#11840);
#4244=VERTEX_POINT('',#11842);
#4245=VERTEX_POINT('',#11844);
#4246=VERTEX_POINT('',#11847);
#4247=VERTEX_POINT('',#11848);
#4248=VERTEX_POINT('',#11850);
#4249=VERTEX_POINT('',#11852);
#4250=VERTEX_POINT('',#11855);
#4251=VERTEX_POINT('',#11856);
#4252=VERTEX_POINT('',#11858);
#4253=VERTEX_POINT('',#11860);
#4254=VERTEX_POINT('',#11863);
#4255=VERTEX_POINT('',#11864);
#4256=VERTEX_POINT('',#11866);
#4257=VERTEX_POINT('',#11868);
#4258=VERTEX_POINT('',#11871);
#4259=VERTEX_POINT('',#11872);
#4260=VERTEX_POINT('',#11874);
#4261=VERTEX_POINT('',#11876);
#4262=VERTEX_POINT('',#11879);
#4263=VERTEX_POINT('',#11880);
#4264=VERTEX_POINT('',#11882);
#4265=VERTEX_POINT('',#11884);
#4266=VERTEX_POINT('',#11887);
#4267=VERTEX_POINT('',#11888);
#4268=VERTEX_POINT('',#11890);
#4269=VERTEX_POINT('',#11892);
#4270=VERTEX_POINT('',#11895);
#4271=VERTEX_POINT('',#11896);
#4272=VERTEX_POINT('',#11898);
#4273=VERTEX_POINT('',#11900);
#4274=VERTEX_POINT('',#11903);
#4275=VERTEX_POINT('',#11904);
#4276=VERTEX_POINT('',#11906);
#4277=VERTEX_POINT('',#11908);
#4278=VERTEX_POINT('',#11911);
#4279=VERTEX_POINT('',#11912);
#4280=VERTEX_POINT('',#11914);
#4281=VERTEX_POINT('',#11916);
#4282=VERTEX_POINT('',#11919);
#4283=VERTEX_POINT('',#11920);
#4284=VERTEX_POINT('',#11922);
#4285=VERTEX_POINT('',#11924);
#4286=VERTEX_POINT('',#11927);
#4287=VERTEX_POINT('',#11928);
#4288=VERTEX_POINT('',#11930);
#4289=VERTEX_POINT('',#11932);
#4290=VERTEX_POINT('',#11935);
#4291=VERTEX_POINT('',#11936);
#4292=VERTEX_POINT('',#11938);
#4293=VERTEX_POINT('',#11940);
#4294=VERTEX_POINT('',#11943);
#4295=VERTEX_POINT('',#11944);
#4296=VERTEX_POINT('',#11946);
#4297=VERTEX_POINT('',#11948);
#4298=VERTEX_POINT('',#11951);
#4299=VERTEX_POINT('',#11952);
#4300=VERTEX_POINT('',#11954);
#4301=VERTEX_POINT('',#11956);
#4302=VERTEX_POINT('',#11959);
#4303=VERTEX_POINT('',#11960);
#4304=VERTEX_POINT('',#11962);
#4305=VERTEX_POINT('',#11964);
#4306=VERTEX_POINT('',#11967);
#4307=VERTEX_POINT('',#11968);
#4308=VERTEX_POINT('',#11970);
#4309=VERTEX_POINT('',#11972);
#4310=VERTEX_POINT('',#11975);
#4311=VERTEX_POINT('',#11976);
#4312=VERTEX_POINT('',#11978);
#4313=VERTEX_POINT('',#11980);
#4314=VERTEX_POINT('',#11983);
#4315=VERTEX_POINT('',#11984);
#4316=VERTEX_POINT('',#11986);
#4317=VERTEX_POINT('',#11988);
#4318=VERTEX_POINT('',#11991);
#4319=VERTEX_POINT('',#11992);
#4320=VERTEX_POINT('',#11994);
#4321=VERTEX_POINT('',#11996);
#4322=VERTEX_POINT('',#11999);
#4323=VERTEX_POINT('',#12000);
#4324=VERTEX_POINT('',#12002);
#4325=VERTEX_POINT('',#12004);
#4326=VERTEX_POINT('',#12007);
#4327=VERTEX_POINT('',#12008);
#4328=VERTEX_POINT('',#12010);
#4329=VERTEX_POINT('',#12012);
#4330=VERTEX_POINT('',#12015);
#4331=VERTEX_POINT('',#12016);
#4332=VERTEX_POINT('',#12018);
#4333=VERTEX_POINT('',#12020);
#4334=VERTEX_POINT('',#12023);
#4335=VERTEX_POINT('',#12024);
#4336=VERTEX_POINT('',#12026);
#4337=VERTEX_POINT('',#12028);
#4338=VERTEX_POINT('',#12031);
#4339=VERTEX_POINT('',#12032);
#4340=VERTEX_POINT('',#12034);
#4341=VERTEX_POINT('',#12036);
#4342=VERTEX_POINT('',#12039);
#4343=VERTEX_POINT('',#12040);
#4344=VERTEX_POINT('',#12042);
#4345=VERTEX_POINT('',#12044);
#4346=VERTEX_POINT('',#12047);
#4347=VERTEX_POINT('',#12048);
#4348=VERTEX_POINT('',#12050);
#4349=VERTEX_POINT('',#12052);
#4350=VERTEX_POINT('',#12056);
#4351=VERTEX_POINT('',#12060);
#4352=VERTEX_POINT('',#12062);
#4353=VERTEX_POINT('',#12064);
#4354=VERTEX_POINT('',#12066);
#4355=VERTEX_POINT('',#12068);
#4356=VERTEX_POINT('',#12070);
#4357=VERTEX_POINT('',#12072);
#4358=VERTEX_POINT('',#12074);
#4359=VERTEX_POINT('',#12076);
#4360=VERTEX_POINT('',#12078);
#4361=VERTEX_POINT('',#12080);
#4362=VERTEX_POINT('',#12082);
#4363=VERTEX_POINT('',#12084);
#4364=VERTEX_POINT('',#12086);
#4365=VERTEX_POINT('',#12088);
#4366=VERTEX_POINT('',#12090);
#4367=VERTEX_POINT('',#12092);
#4368=VERTEX_POINT('',#12094);
#4369=VERTEX_POINT('',#12096);
#4370=VERTEX_POINT('',#12098);
#4371=VERTEX_POINT('',#12100);
#4372=VERTEX_POINT('',#12102);
#4373=VERTEX_POINT('',#12104);
#4374=VERTEX_POINT('',#12106);
#4375=VERTEX_POINT('',#12108);
#4376=VERTEX_POINT('',#12110);
#4377=VERTEX_POINT('',#12112);
#4378=VERTEX_POINT('',#12114);
#4379=VERTEX_POINT('',#12116);
#4380=VERTEX_POINT('',#12118);
#4381=VERTEX_POINT('',#12120);
#4382=VERTEX_POINT('',#12123);
#4383=VERTEX_POINT('',#12124);
#4384=VERTEX_POINT('',#12126);
#4385=VERTEX_POINT('',#12128);
#4386=VERTEX_POINT('',#12131);
#4387=VERTEX_POINT('',#12132);
#4388=VERTEX_POINT('',#12134);
#4389=VERTEX_POINT('',#12136);
#4390=VERTEX_POINT('',#12139);
#4391=VERTEX_POINT('',#12140);
#4392=VERTEX_POINT('',#12142);
#4393=VERTEX_POINT('',#12144);
#4394=VERTEX_POINT('',#12147);
#4395=VERTEX_POINT('',#12148);
#4396=VERTEX_POINT('',#12150);
#4397=VERTEX_POINT('',#12152);
#4398=VERTEX_POINT('',#12155);
#4399=VERTEX_POINT('',#12156);
#4400=VERTEX_POINT('',#12158);
#4401=VERTEX_POINT('',#12160);
#4402=VERTEX_POINT('',#12163);
#4403=VERTEX_POINT('',#12164);
#4404=VERTEX_POINT('',#12166);
#4405=VERTEX_POINT('',#12168);
#4406=VERTEX_POINT('',#12171);
#4407=VERTEX_POINT('',#12172);
#4408=VERTEX_POINT('',#12174);
#4409=VERTEX_POINT('',#12176);
#4410=VERTEX_POINT('',#12179);
#4411=VERTEX_POINT('',#12180);
#4412=VERTEX_POINT('',#12182);
#4413=VERTEX_POINT('',#12184);
#4414=VERTEX_POINT('',#12187);
#4415=VERTEX_POINT('',#12188);
#4416=VERTEX_POINT('',#12190);
#4417=VERTEX_POINT('',#12192);
#4418=VERTEX_POINT('',#12195);
#4419=VERTEX_POINT('',#12196);
#4420=VERTEX_POINT('',#12198);
#4421=VERTEX_POINT('',#12200);
#4422=VERTEX_POINT('',#12203);
#4423=VERTEX_POINT('',#12204);
#4424=VERTEX_POINT('',#12206);
#4425=VERTEX_POINT('',#12208);
#4426=VERTEX_POINT('',#12211);
#4427=VERTEX_POINT('',#12212);
#4428=VERTEX_POINT('',#12214);
#4429=VERTEX_POINT('',#12216);
#4430=VERTEX_POINT('',#12219);
#4431=VERTEX_POINT('',#12220);
#4432=VERTEX_POINT('',#12222);
#4433=VERTEX_POINT('',#12224);
#4434=VERTEX_POINT('',#12227);
#4435=VERTEX_POINT('',#12228);
#4436=VERTEX_POINT('',#12230);
#4437=VERTEX_POINT('',#12232);
#4438=VERTEX_POINT('',#12235);
#4439=VERTEX_POINT('',#12236);
#4440=VERTEX_POINT('',#12238);
#4441=VERTEX_POINT('',#12240);
#4442=VERTEX_POINT('',#12243);
#4443=VERTEX_POINT('',#12244);
#4444=VERTEX_POINT('',#12246);
#4445=VERTEX_POINT('',#12248);
#4446=VERTEX_POINT('',#12251);
#4447=VERTEX_POINT('',#12252);
#4448=VERTEX_POINT('',#12254);
#4449=VERTEX_POINT('',#12256);
#4450=VERTEX_POINT('',#12259);
#4451=VERTEX_POINT('',#12260);
#4452=VERTEX_POINT('',#12262);
#4453=VERTEX_POINT('',#12264);
#4454=VERTEX_POINT('',#12267);
#4455=VERTEX_POINT('',#12268);
#4456=VERTEX_POINT('',#12270);
#4457=VERTEX_POINT('',#12272);
#4458=VERTEX_POINT('',#12275);
#4459=VERTEX_POINT('',#12276);
#4460=VERTEX_POINT('',#12278);
#4461=VERTEX_POINT('',#12280);
#4462=VERTEX_POINT('',#12283);
#4463=VERTEX_POINT('',#12284);
#4464=VERTEX_POINT('',#12286);
#4465=VERTEX_POINT('',#12288);
#4466=VERTEX_POINT('',#12291);
#4467=VERTEX_POINT('',#12292);
#4468=VERTEX_POINT('',#12294);
#4469=VERTEX_POINT('',#12296);
#4470=VERTEX_POINT('',#12299);
#4471=VERTEX_POINT('',#12300);
#4472=VERTEX_POINT('',#12302);
#4473=VERTEX_POINT('',#12304);
#4474=VERTEX_POINT('',#12307);
#4475=VERTEX_POINT('',#12308);
#4476=VERTEX_POINT('',#12310);
#4477=VERTEX_POINT('',#12312);
#4478=VERTEX_POINT('',#12315);
#4479=VERTEX_POINT('',#12316);
#4480=VERTEX_POINT('',#12318);
#4481=VERTEX_POINT('',#12320);
#4482=VERTEX_POINT('',#12323);
#4483=VERTEX_POINT('',#12324);
#4484=VERTEX_POINT('',#12326);
#4485=VERTEX_POINT('',#12328);
#4486=VERTEX_POINT('',#12331);
#4487=VERTEX_POINT('',#12332);
#4488=VERTEX_POINT('',#12334);
#4489=VERTEX_POINT('',#12336);
#4490=VERTEX_POINT('',#12339);
#4491=VERTEX_POINT('',#12340);
#4492=VERTEX_POINT('',#12342);
#4493=VERTEX_POINT('',#12344);
#4494=VERTEX_POINT('',#12347);
#4495=VERTEX_POINT('',#12348);
#4496=VERTEX_POINT('',#12350);
#4497=VERTEX_POINT('',#12352);
#4498=VERTEX_POINT('',#12355);
#4499=VERTEX_POINT('',#12356);
#4500=VERTEX_POINT('',#12358);
#4501=VERTEX_POINT('',#12360);
#4502=VERTEX_POINT('',#12363);
#4503=VERTEX_POINT('',#12364);
#4504=VERTEX_POINT('',#12366);
#4505=VERTEX_POINT('',#12368);
#4506=VERTEX_POINT('',#12371);
#4507=VERTEX_POINT('',#12372);
#4508=VERTEX_POINT('',#12374);
#4509=VERTEX_POINT('',#12376);
#4510=VERTEX_POINT('',#12379);
#4511=VERTEX_POINT('',#12380);
#4512=VERTEX_POINT('',#12382);
#4513=VERTEX_POINT('',#12384);
#4514=VERTEX_POINT('',#12387);
#4515=VERTEX_POINT('',#12388);
#4516=VERTEX_POINT('',#12390);
#4517=VERTEX_POINT('',#12392);
#4518=VERTEX_POINT('',#12395);
#4519=VERTEX_POINT('',#12396);
#4520=VERTEX_POINT('',#12398);
#4521=VERTEX_POINT('',#12400);
#4522=VERTEX_POINT('',#12403);
#4523=VERTEX_POINT('',#12404);
#4524=VERTEX_POINT('',#12406);
#4525=VERTEX_POINT('',#12408);
#4526=VERTEX_POINT('',#12411);
#4527=VERTEX_POINT('',#12412);
#4528=VERTEX_POINT('',#12414);
#4529=VERTEX_POINT('',#12416);
#4530=VERTEX_POINT('',#12419);
#4531=VERTEX_POINT('',#12420);
#4532=VERTEX_POINT('',#12422);
#4533=VERTEX_POINT('',#12424);
#4534=VERTEX_POINT('',#12427);
#4535=VERTEX_POINT('',#12428);
#4536=VERTEX_POINT('',#12430);
#4537=VERTEX_POINT('',#12432);
#4538=VERTEX_POINT('',#12435);
#4539=VERTEX_POINT('',#12436);
#4540=VERTEX_POINT('',#12438);
#4541=VERTEX_POINT('',#12440);
#4542=VERTEX_POINT('',#12443);
#4543=VERTEX_POINT('',#12444);
#4544=VERTEX_POINT('',#12446);
#4545=VERTEX_POINT('',#12448);
#4546=VERTEX_POINT('',#12451);
#4547=VERTEX_POINT('',#12452);
#4548=VERTEX_POINT('',#12454);
#4549=VERTEX_POINT('',#12456);
#4550=VERTEX_POINT('',#12459);
#4551=VERTEX_POINT('',#12460);
#4552=VERTEX_POINT('',#12462);
#4553=VERTEX_POINT('',#12464);
#4554=VERTEX_POINT('',#12467);
#4555=VERTEX_POINT('',#12468);
#4556=VERTEX_POINT('',#12470);
#4557=VERTEX_POINT('',#12472);
#4558=VERTEX_POINT('',#12475);
#4559=VERTEX_POINT('',#12476);
#4560=VERTEX_POINT('',#12478);
#4561=VERTEX_POINT('',#12480);
#4562=VERTEX_POINT('',#12483);
#4563=VERTEX_POINT('',#12484);
#4564=VERTEX_POINT('',#12486);
#4565=VERTEX_POINT('',#12488);
#4566=VERTEX_POINT('',#12491);
#4567=VERTEX_POINT('',#12492);
#4568=VERTEX_POINT('',#12494);
#4569=VERTEX_POINT('',#12496);
#4570=VERTEX_POINT('',#12499);
#4571=VERTEX_POINT('',#12500);
#4572=VERTEX_POINT('',#12502);
#4573=VERTEX_POINT('',#12504);
#4574=VERTEX_POINT('',#12507);
#4575=VERTEX_POINT('',#12508);
#4576=VERTEX_POINT('',#12510);
#4577=VERTEX_POINT('',#12512);
#4578=VERTEX_POINT('',#12515);
#4579=VERTEX_POINT('',#12516);
#4580=VERTEX_POINT('',#12518);
#4581=VERTEX_POINT('',#12520);
#4582=VERTEX_POINT('',#12523);
#4583=VERTEX_POINT('',#12524);
#4584=VERTEX_POINT('',#12526);
#4585=VERTEX_POINT('',#12528);
#4586=VERTEX_POINT('',#12531);
#4587=VERTEX_POINT('',#12532);
#4588=VERTEX_POINT('',#12534);
#4589=VERTEX_POINT('',#12536);
#4590=VERTEX_POINT('',#12539);
#4591=VERTEX_POINT('',#12540);
#4592=VERTEX_POINT('',#12542);
#4593=VERTEX_POINT('',#12544);
#4594=VERTEX_POINT('',#12547);
#4595=VERTEX_POINT('',#12548);
#4596=VERTEX_POINT('',#12550);
#4597=VERTEX_POINT('',#12552);
#4598=VERTEX_POINT('',#12555);
#4599=VERTEX_POINT('',#12556);
#4600=VERTEX_POINT('',#12558);
#4601=VERTEX_POINT('',#12560);
#4602=VERTEX_POINT('',#12563);
#4603=VERTEX_POINT('',#12564);
#4604=VERTEX_POINT('',#12566);
#4605=VERTEX_POINT('',#12568);
#4606=VERTEX_POINT('',#12571);
#4607=VERTEX_POINT('',#12572);
#4608=VERTEX_POINT('',#12574);
#4609=VERTEX_POINT('',#12576);
#4610=VERTEX_POINT('',#12579);
#4611=VERTEX_POINT('',#12580);
#4612=VERTEX_POINT('',#12582);
#4613=VERTEX_POINT('',#12584);
#4614=VERTEX_POINT('',#12587);
#4615=VERTEX_POINT('',#12588);
#4616=VERTEX_POINT('',#12590);
#4617=VERTEX_POINT('',#12592);
#4618=VERTEX_POINT('',#12595);
#4619=VERTEX_POINT('',#12596);
#4620=VERTEX_POINT('',#12598);
#4621=VERTEX_POINT('',#12600);
#4622=VERTEX_POINT('',#12603);
#4623=VERTEX_POINT('',#12604);
#4624=VERTEX_POINT('',#12606);
#4625=VERTEX_POINT('',#12608);
#4626=VERTEX_POINT('',#12611);
#4627=VERTEX_POINT('',#12612);
#4628=VERTEX_POINT('',#12614);
#4629=VERTEX_POINT('',#12616);
#4630=VERTEX_POINT('',#12619);
#4631=VERTEX_POINT('',#12620);
#4632=VERTEX_POINT('',#12622);
#4633=VERTEX_POINT('',#12624);
#4634=VERTEX_POINT('',#12627);
#4635=VERTEX_POINT('',#12628);
#4636=VERTEX_POINT('',#12630);
#4637=VERTEX_POINT('',#12632);
#4638=VERTEX_POINT('',#12635);
#4639=VERTEX_POINT('',#12636);
#4640=VERTEX_POINT('',#12638);
#4641=VERTEX_POINT('',#12640);
#4642=VERTEX_POINT('',#12643);
#4643=VERTEX_POINT('',#12644);
#4644=VERTEX_POINT('',#12646);
#4645=VERTEX_POINT('',#12648);
#4646=VERTEX_POINT('',#12651);
#4647=VERTEX_POINT('',#12652);
#4648=VERTEX_POINT('',#12654);
#4649=VERTEX_POINT('',#12656);
#4650=VERTEX_POINT('',#12659);
#4651=VERTEX_POINT('',#12660);
#4652=VERTEX_POINT('',#12662);
#4653=VERTEX_POINT('',#12664);
#4654=VERTEX_POINT('',#12667);
#4655=VERTEX_POINT('',#12668);
#4656=VERTEX_POINT('',#12670);
#4657=VERTEX_POINT('',#12672);
#4658=VERTEX_POINT('',#12675);
#4659=VERTEX_POINT('',#12676);
#4660=VERTEX_POINT('',#12678);
#4661=VERTEX_POINT('',#12680);
#4662=VERTEX_POINT('',#12683);
#4663=VERTEX_POINT('',#12684);
#4664=VERTEX_POINT('',#12686);
#4665=VERTEX_POINT('',#12688);
#4666=VERTEX_POINT('',#12691);
#4667=VERTEX_POINT('',#12692);
#4668=VERTEX_POINT('',#12694);
#4669=VERTEX_POINT('',#12696);
#4670=VERTEX_POINT('',#12699);
#4671=VERTEX_POINT('',#12700);
#4672=VERTEX_POINT('',#12702);
#4673=VERTEX_POINT('',#12704);
#4674=VERTEX_POINT('',#12707);
#4675=VERTEX_POINT('',#12708);
#4676=VERTEX_POINT('',#12710);
#4677=VERTEX_POINT('',#12712);
#4678=VERTEX_POINT('',#12715);
#4679=VERTEX_POINT('',#12716);
#4680=VERTEX_POINT('',#12718);
#4681=VERTEX_POINT('',#12720);
#4682=VERTEX_POINT('',#12723);
#4683=VERTEX_POINT('',#12724);
#4684=VERTEX_POINT('',#12726);
#4685=VERTEX_POINT('',#12728);
#4686=VERTEX_POINT('',#12731);
#4687=VERTEX_POINT('',#12732);
#4688=VERTEX_POINT('',#12734);
#4689=VERTEX_POINT('',#12736);
#4690=VERTEX_POINT('',#12739);
#4691=VERTEX_POINT('',#12740);
#4692=VERTEX_POINT('',#12742);
#4693=VERTEX_POINT('',#12744);
#4694=VERTEX_POINT('',#12747);
#4695=VERTEX_POINT('',#12748);
#4696=VERTEX_POINT('',#12750);
#4697=VERTEX_POINT('',#12752);
#4698=VERTEX_POINT('',#12755);
#4699=VERTEX_POINT('',#12756);
#4700=VERTEX_POINT('',#12758);
#4701=VERTEX_POINT('',#12760);
#4702=VERTEX_POINT('',#12763);
#4703=VERTEX_POINT('',#12764);
#4704=VERTEX_POINT('',#12766);
#4705=VERTEX_POINT('',#12768);
#4706=VERTEX_POINT('',#12771);
#4707=VERTEX_POINT('',#12772);
#4708=VERTEX_POINT('',#12774);
#4709=VERTEX_POINT('',#12776);
#4710=VERTEX_POINT('',#12779);
#4711=VERTEX_POINT('',#12780);
#4712=VERTEX_POINT('',#12782);
#4713=VERTEX_POINT('',#12784);
#4714=VERTEX_POINT('',#12787);
#4715=VERTEX_POINT('',#12788);
#4716=VERTEX_POINT('',#12790);
#4717=VERTEX_POINT('',#12792);
#4718=VERTEX_POINT('',#12796);
#4719=VERTEX_POINT('',#12797);
#4720=VERTEX_POINT('',#12799);
#4721=VERTEX_POINT('',#12801);
#4722=VERTEX_POINT('',#12803);
#4723=VERTEX_POINT('',#12807);
#4724=VERTEX_POINT('',#12808);
#4725=VERTEX_POINT('',#12818);
#4726=VERTEX_POINT('',#12822);
#4727=VERTEX_POINT('',#12824);
#4728=VERTEX_POINT('',#12826);
#4729=VERTEX_POINT('',#12828);
#4730=VERTEX_POINT('',#12830);
#4731=VERTEX_POINT('',#12832);
#4732=VERTEX_POINT('',#12834);
#4733=VERTEX_POINT('',#12836);
#4734=VERTEX_POINT('',#12838);
#4735=VERTEX_POINT('',#12844);
#4736=VERTEX_POINT('',#12846);
#4737=VERTEX_POINT('',#12849);
#4738=VERTEX_POINT('',#12851);
#4739=VERTEX_POINT('',#12854);
#4740=VERTEX_POINT('',#12856);
#4741=VERTEX_POINT('',#12859);
#4742=VERTEX_POINT('',#12861);
#4743=VERTEX_POINT('',#12864);
#4744=VERTEX_POINT('',#12866);
#4745=VERTEX_POINT('',#12869);
#4746=VERTEX_POINT('',#12871);
#4747=VERTEX_POINT('',#12874);
#4748=VERTEX_POINT('',#12876);
#4749=VERTEX_POINT('',#12881);
#4750=VERTEX_POINT('',#12883);
#4751=VERTEX_POINT('',#12893);
#4752=VERTEX_POINT('',#12895);
#4753=VERTEX_POINT('',#12909);
#4754=VERTEX_POINT('',#12911);
#4755=VERTEX_POINT('',#12915);
#4756=VERTEX_POINT('',#12920);
#4757=EDGE_CURVE('',#3955,#3956,#3949,.T.);
#4758=EDGE_CURVE('',#3956,#3957,#1579,.T.);
#4759=EDGE_CURVE('',#3957,#3958,#3950,.T.);
#4760=EDGE_CURVE('',#3958,#3959,#1564,.T.);
#4761=EDGE_CURVE('',#3959,#3960,#3951,.T.);
#4762=EDGE_CURVE('',#3960,#3955,#1580,.T.);
#4763=EDGE_CURVE('',#3959,#3961,#1581,.T.);
#4764=EDGE_CURVE('',#3962,#3961,#3952,.T.);
#4765=EDGE_CURVE('',#3962,#3963,#1582,.T.);
#4766=EDGE_CURVE('',#3963,#3964,#1583,.T.);
#4767=EDGE_CURVE('',#3964,#3960,#1584,.T.);
#4768=EDGE_CURVE('',#3965,#3958,#1585,.T.);
#4769=EDGE_CURVE('',#3961,#3965,#1565,.T.);
#4770=EDGE_CURVE('',#3957,#3966,#1586,.T.);
#4771=EDGE_CURVE('',#3966,#3967,#1587,.T.);
#4772=EDGE_CURVE('',#3967,#3968,#1588,.T.);
#4773=EDGE_CURVE('',#3965,#3968,#3953,.T.);
#4774=EDGE_CURVE('',#3969,#3970,#3954,.T.);
#4775=EDGE_CURVE('',#3970,#3962,#1589,.T.);
#4776=EDGE_CURVE('',#3968,#3969,#1590,.T.);
#4777=EDGE_CURVE('',#3967,#3971,#1591,.T.);
#4778=EDGE_CURVE('',#3969,#3971,#1592,.T.);
#4779=EDGE_CURVE('',#3966,#3972,#1593,.T.);
#4780=EDGE_CURVE('',#3972,#3973,#1594,.T.);
#4781=EDGE_CURVE('',#3973,#3974,#1595,.T.);
#4782=EDGE_CURVE('',#3975,#3974,#1596,.T.);
#4783=EDGE_CURVE('',#3975,#3976,#1597,.T.);
#4784=EDGE_CURVE('',#3977,#3976,#1598,.T.);
#4785=EDGE_CURVE('',#3978,#3977,#1566,.T.);
#4786=EDGE_CURVE('',#3978,#3979,#1599,.T.);
#4787=EDGE_CURVE('',#3979,#3980,#1567,.T.);
#4788=EDGE_CURVE('',#3980,#3981,#1600,.T.);
#4789=EDGE_CURVE('',#3982,#3981,#1601,.T.);
#4790=EDGE_CURVE('',#3982,#3983,#1602,.T.);
#4791=EDGE_CURVE('',#3971,#3983,#1603,.T.);
#4792=EDGE_CURVE('',#3984,#3984,#1568,.T.);
#4793=EDGE_CURVE('',#3985,#3985,#1569,.T.);
#4794=EDGE_CURVE('',#3986,#3987,#1604,.T.);
#4795=EDGE_CURVE('',#3987,#3988,#1605,.T.);
#4796=EDGE_CURVE('',#3988,#3989,#1606,.T.);
#4797=EDGE_CURVE('',#3989,#3986,#1607,.T.);
#4798=EDGE_CURVE('',#3990,#3991,#1608,.T.);
#4799=EDGE_CURVE('',#3991,#3992,#1609,.T.);
#4800=EDGE_CURVE('',#3992,#3993,#1610,.T.);
#4801=EDGE_CURVE('',#3993,#3990,#1611,.T.);
#4802=EDGE_CURVE('',#3994,#3995,#1612,.T.);
#4803=EDGE_CURVE('',#3995,#3996,#1613,.T.);
#4804=EDGE_CURVE('',#3996,#3997,#1614,.T.);
#4805=EDGE_CURVE('',#3997,#3994,#1615,.T.);
#4806=EDGE_CURVE('',#3998,#3999,#1616,.T.);
#4807=EDGE_CURVE('',#3999,#4000,#1617,.T.);
#4808=EDGE_CURVE('',#4000,#4001,#1618,.T.);
#4809=EDGE_CURVE('',#4001,#3998,#1619,.T.);
#4810=EDGE_CURVE('',#4002,#4003,#1620,.T.);
#4811=EDGE_CURVE('',#4003,#4004,#1621,.T.);
#4812=EDGE_CURVE('',#4004,#4005,#1622,.T.);
#4813=EDGE_CURVE('',#4005,#4002,#1623,.T.);
#4814=EDGE_CURVE('',#4006,#4007,#1624,.T.);
#4815=EDGE_CURVE('',#4007,#4008,#1625,.T.);
#4816=EDGE_CURVE('',#4008,#4009,#1626,.T.);
#4817=EDGE_CURVE('',#4009,#4006,#1627,.T.);
#4818=EDGE_CURVE('',#4010,#4011,#1628,.T.);
#4819=EDGE_CURVE('',#4011,#4012,#1629,.T.);
#4820=EDGE_CURVE('',#4012,#4013,#1630,.T.);
#4821=EDGE_CURVE('',#4013,#4010,#1631,.T.);
#4822=EDGE_CURVE('',#4014,#4015,#1632,.T.);
#4823=EDGE_CURVE('',#4015,#4016,#1633,.T.);
#4824=EDGE_CURVE('',#4016,#4017,#1634,.T.);
#4825=EDGE_CURVE('',#4017,#4014,#1635,.T.);
#4826=EDGE_CURVE('',#4018,#4019,#1636,.T.);
#4827=EDGE_CURVE('',#4019,#4020,#1637,.T.);
#4828=EDGE_CURVE('',#4020,#4021,#1638,.T.);
#4829=EDGE_CURVE('',#4021,#4018,#1639,.T.);
#4830=EDGE_CURVE('',#4022,#4023,#1640,.T.);
#4831=EDGE_CURVE('',#4023,#4024,#1641,.T.);
#4832=EDGE_CURVE('',#4024,#4025,#1642,.T.);
#4833=EDGE_CURVE('',#4025,#4022,#1643,.T.);
#4834=EDGE_CURVE('',#4026,#4027,#1644,.T.);
#4835=EDGE_CURVE('',#4027,#4028,#1645,.T.);
#4836=EDGE_CURVE('',#4028,#4029,#1646,.T.);
#4837=EDGE_CURVE('',#4029,#4026,#1647,.T.);
#4838=EDGE_CURVE('',#4030,#4031,#1648,.T.);
#4839=EDGE_CURVE('',#4031,#4032,#1649,.T.);
#4840=EDGE_CURVE('',#4032,#4033,#1650,.T.);
#4841=EDGE_CURVE('',#4033,#4030,#1651,.T.);
#4842=EDGE_CURVE('',#4034,#4035,#1652,.T.);
#4843=EDGE_CURVE('',#4035,#4036,#1653,.T.);
#4844=EDGE_CURVE('',#4036,#4037,#1654,.T.);
#4845=EDGE_CURVE('',#4037,#4034,#1655,.T.);
#4846=EDGE_CURVE('',#4038,#4039,#1656,.T.);
#4847=EDGE_CURVE('',#4039,#4040,#1657,.T.);
#4848=EDGE_CURVE('',#4040,#4041,#1658,.T.);
#4849=EDGE_CURVE('',#4041,#4038,#1659,.T.);
#4850=EDGE_CURVE('',#4042,#4043,#1660,.T.);
#4851=EDGE_CURVE('',#4043,#4044,#1661,.T.);
#4852=EDGE_CURVE('',#4044,#4045,#1662,.T.);
#4853=EDGE_CURVE('',#4045,#4042,#1663,.T.);
#4854=EDGE_CURVE('',#4046,#4047,#1664,.T.);
#4855=EDGE_CURVE('',#4047,#4048,#1665,.T.);
#4856=EDGE_CURVE('',#4048,#4049,#1666,.T.);
#4857=EDGE_CURVE('',#4049,#4046,#1667,.T.);
#4858=EDGE_CURVE('',#4050,#4051,#1668,.T.);
#4859=EDGE_CURVE('',#4051,#4052,#1669,.T.);
#4860=EDGE_CURVE('',#4052,#4053,#1670,.T.);
#4861=EDGE_CURVE('',#4053,#4050,#1671,.T.);
#4862=EDGE_CURVE('',#4054,#4055,#1672,.T.);
#4863=EDGE_CURVE('',#4055,#4056,#1673,.T.);
#4864=EDGE_CURVE('',#4056,#4057,#1674,.T.);
#4865=EDGE_CURVE('',#4057,#4054,#1675,.T.);
#4866=EDGE_CURVE('',#4058,#4059,#1676,.T.);
#4867=EDGE_CURVE('',#4059,#4060,#1677,.T.);
#4868=EDGE_CURVE('',#4060,#4061,#1678,.T.);
#4869=EDGE_CURVE('',#4061,#4058,#1679,.T.);
#4870=EDGE_CURVE('',#4062,#4063,#1680,.T.);
#4871=EDGE_CURVE('',#4063,#4064,#1681,.T.);
#4872=EDGE_CURVE('',#4064,#4065,#1682,.T.);
#4873=EDGE_CURVE('',#4065,#4062,#1683,.T.);
#4874=EDGE_CURVE('',#4066,#4067,#1684,.T.);
#4875=EDGE_CURVE('',#4067,#4068,#1685,.T.);
#4876=EDGE_CURVE('',#4068,#4069,#1686,.T.);
#4877=EDGE_CURVE('',#4069,#4066,#1687,.T.);
#4878=EDGE_CURVE('',#4070,#4071,#1688,.T.);
#4879=EDGE_CURVE('',#4071,#4072,#1689,.T.);
#4880=EDGE_CURVE('',#4072,#4073,#1690,.T.);
#4881=EDGE_CURVE('',#4073,#4070,#1691,.T.);
#4882=EDGE_CURVE('',#4074,#4075,#1692,.T.);
#4883=EDGE_CURVE('',#4075,#4076,#1693,.T.);
#4884=EDGE_CURVE('',#4076,#4077,#1694,.T.);
#4885=EDGE_CURVE('',#4077,#4074,#1695,.T.);
#4886=EDGE_CURVE('',#4078,#4079,#1696,.T.);
#4887=EDGE_CURVE('',#4079,#4080,#1697,.T.);
#4888=EDGE_CURVE('',#4080,#4081,#1698,.T.);
#4889=EDGE_CURVE('',#4081,#4078,#1699,.T.);
#4890=EDGE_CURVE('',#4082,#4083,#1700,.T.);
#4891=EDGE_CURVE('',#4083,#4084,#1701,.T.);
#4892=EDGE_CURVE('',#4084,#4085,#1702,.T.);
#4893=EDGE_CURVE('',#4085,#4082,#1703,.T.);
#4894=EDGE_CURVE('',#4086,#4087,#1704,.T.);
#4895=EDGE_CURVE('',#4087,#4088,#1705,.T.);
#4896=EDGE_CURVE('',#4088,#4089,#1706,.T.);
#4897=EDGE_CURVE('',#4089,#4086,#1707,.T.);
#4898=EDGE_CURVE('',#4090,#4091,#1708,.T.);
#4899=EDGE_CURVE('',#4091,#4092,#1709,.T.);
#4900=EDGE_CURVE('',#4092,#4093,#1710,.T.);
#4901=EDGE_CURVE('',#4093,#4090,#1711,.T.);
#4902=EDGE_CURVE('',#4094,#4095,#1712,.T.);
#4903=EDGE_CURVE('',#4095,#4096,#1713,.T.);
#4904=EDGE_CURVE('',#4096,#4097,#1714,.T.);
#4905=EDGE_CURVE('',#4097,#4094,#1715,.T.);
#4906=EDGE_CURVE('',#4098,#4099,#1716,.T.);
#4907=EDGE_CURVE('',#4099,#4100,#1717,.T.);
#4908=EDGE_CURVE('',#4100,#4101,#1718,.T.);
#4909=EDGE_CURVE('',#4101,#4098,#1719,.T.);
#4910=EDGE_CURVE('',#4102,#4103,#1720,.T.);
#4911=EDGE_CURVE('',#4103,#4104,#1721,.T.);
#4912=EDGE_CURVE('',#4104,#4105,#1722,.T.);
#4913=EDGE_CURVE('',#4105,#4102,#1723,.T.);
#4914=EDGE_CURVE('',#4106,#4107,#1724,.T.);
#4915=EDGE_CURVE('',#4107,#4108,#1725,.T.);
#4916=EDGE_CURVE('',#4108,#4109,#1726,.T.);
#4917=EDGE_CURVE('',#4109,#4106,#1727,.T.);
#4918=EDGE_CURVE('',#4110,#4111,#1728,.T.);
#4919=EDGE_CURVE('',#4111,#4112,#1729,.T.);
#4920=EDGE_CURVE('',#4112,#4113,#1730,.T.);
#4921=EDGE_CURVE('',#4113,#4110,#1731,.T.);
#4922=EDGE_CURVE('',#4114,#4115,#1732,.T.);
#4923=EDGE_CURVE('',#4115,#4116,#1733,.T.);
#4924=EDGE_CURVE('',#4116,#4117,#1734,.T.);
#4925=EDGE_CURVE('',#4117,#4114,#1735,.T.);
#4926=EDGE_CURVE('',#4118,#4119,#1736,.T.);
#4927=EDGE_CURVE('',#4119,#4120,#1737,.T.);
#4928=EDGE_CURVE('',#4120,#4121,#1738,.T.);
#4929=EDGE_CURVE('',#4121,#4118,#1739,.T.);
#4930=EDGE_CURVE('',#4122,#4123,#1740,.T.);
#4931=EDGE_CURVE('',#4123,#4124,#1741,.T.);
#4932=EDGE_CURVE('',#4124,#4125,#1742,.T.);
#4933=EDGE_CURVE('',#4125,#4122,#1743,.T.);
#4934=EDGE_CURVE('',#4126,#4127,#1744,.T.);
#4935=EDGE_CURVE('',#4127,#4128,#1745,.T.);
#4936=EDGE_CURVE('',#4128,#4129,#1746,.T.);
#4937=EDGE_CURVE('',#4129,#4126,#1747,.T.);
#4938=EDGE_CURVE('',#4130,#4131,#1748,.T.);
#4939=EDGE_CURVE('',#4131,#4132,#1749,.T.);
#4940=EDGE_CURVE('',#4132,#4133,#1750,.T.);
#4941=EDGE_CURVE('',#4133,#4130,#1751,.T.);
#4942=EDGE_CURVE('',#4134,#4135,#1752,.T.);
#4943=EDGE_CURVE('',#4135,#4136,#1753,.T.);
#4944=EDGE_CURVE('',#4136,#4137,#1754,.T.);
#4945=EDGE_CURVE('',#4137,#4134,#1755,.T.);
#4946=EDGE_CURVE('',#4138,#4139,#1756,.T.);
#4947=EDGE_CURVE('',#4139,#4140,#1757,.T.);
#4948=EDGE_CURVE('',#4140,#4141,#1758,.T.);
#4949=EDGE_CURVE('',#4141,#4138,#1759,.T.);
#4950=EDGE_CURVE('',#4142,#4143,#1760,.T.);
#4951=EDGE_CURVE('',#4143,#4144,#1761,.T.);
#4952=EDGE_CURVE('',#4144,#4145,#1762,.T.);
#4953=EDGE_CURVE('',#4145,#4142,#1763,.T.);
#4954=EDGE_CURVE('',#4146,#4147,#1764,.T.);
#4955=EDGE_CURVE('',#4147,#4148,#1765,.T.);
#4956=EDGE_CURVE('',#4148,#4149,#1766,.T.);
#4957=EDGE_CURVE('',#4149,#4146,#1767,.T.);
#4958=EDGE_CURVE('',#4150,#4151,#1768,.T.);
#4959=EDGE_CURVE('',#4151,#4152,#1769,.T.);
#4960=EDGE_CURVE('',#4152,#4153,#1770,.T.);
#4961=EDGE_CURVE('',#4153,#4150,#1771,.T.);
#4962=EDGE_CURVE('',#4154,#4155,#1772,.T.);
#4963=EDGE_CURVE('',#4155,#4156,#1773,.T.);
#4964=EDGE_CURVE('',#4156,#4157,#1774,.T.);
#4965=EDGE_CURVE('',#4157,#4154,#1775,.T.);
#4966=EDGE_CURVE('',#4158,#4159,#1776,.T.);
#4967=EDGE_CURVE('',#4159,#4160,#1777,.T.);
#4968=EDGE_CURVE('',#4160,#4161,#1778,.T.);
#4969=EDGE_CURVE('',#4161,#4158,#1779,.T.);
#4970=EDGE_CURVE('',#4162,#4163,#1780,.T.);
#4971=EDGE_CURVE('',#4163,#4164,#1781,.T.);
#4972=EDGE_CURVE('',#4164,#4165,#1782,.T.);
#4973=EDGE_CURVE('',#4165,#4162,#1783,.T.);
#4974=EDGE_CURVE('',#4166,#4167,#1784,.T.);
#4975=EDGE_CURVE('',#4167,#4168,#1785,.T.);
#4976=EDGE_CURVE('',#4168,#4169,#1786,.T.);
#4977=EDGE_CURVE('',#4169,#4166,#1787,.T.);
#4978=EDGE_CURVE('',#4170,#4171,#1788,.T.);
#4979=EDGE_CURVE('',#4171,#4172,#1789,.T.);
#4980=EDGE_CURVE('',#4172,#4173,#1790,.T.);
#4981=EDGE_CURVE('',#4173,#4170,#1791,.T.);
#4982=EDGE_CURVE('',#4174,#4175,#1792,.T.);
#4983=EDGE_CURVE('',#4175,#4176,#1793,.T.);
#4984=EDGE_CURVE('',#4176,#4177,#1794,.T.);
#4985=EDGE_CURVE('',#4177,#4174,#1795,.T.);
#4986=EDGE_CURVE('',#4178,#4179,#1796,.T.);
#4987=EDGE_CURVE('',#4179,#4180,#1797,.T.);
#4988=EDGE_CURVE('',#4180,#4181,#1798,.T.);
#4989=EDGE_CURVE('',#4181,#4178,#1799,.T.);
#4990=EDGE_CURVE('',#4182,#4183,#1800,.T.);
#4991=EDGE_CURVE('',#4183,#4184,#1801,.T.);
#4992=EDGE_CURVE('',#4184,#4185,#1802,.T.);
#4993=EDGE_CURVE('',#4185,#4182,#1803,.T.);
#4994=EDGE_CURVE('',#4186,#4187,#1804,.T.);
#4995=EDGE_CURVE('',#4187,#4188,#1805,.T.);
#4996=EDGE_CURVE('',#4188,#4189,#1806,.T.);
#4997=EDGE_CURVE('',#4189,#4186,#1807,.T.);
#4998=EDGE_CURVE('',#4190,#4191,#1808,.T.);
#4999=EDGE_CURVE('',#4191,#4192,#1809,.T.);
#5000=EDGE_CURVE('',#4192,#4193,#1810,.T.);
#5001=EDGE_CURVE('',#4193,#4190,#1811,.T.);
#5002=EDGE_CURVE('',#4194,#4195,#1812,.T.);
#5003=EDGE_CURVE('',#4195,#4196,#1813,.T.);
#5004=EDGE_CURVE('',#4196,#4197,#1814,.T.);
#5005=EDGE_CURVE('',#4197,#4194,#1815,.T.);
#5006=EDGE_CURVE('',#4198,#4199,#1816,.T.);
#5007=EDGE_CURVE('',#4199,#4200,#1817,.T.);
#5008=EDGE_CURVE('',#4200,#4201,#1818,.T.);
#5009=EDGE_CURVE('',#4201,#4198,#1819,.T.);
#5010=EDGE_CURVE('',#4202,#4203,#1820,.T.);
#5011=EDGE_CURVE('',#4203,#4204,#1821,.T.);
#5012=EDGE_CURVE('',#4204,#4205,#1822,.T.);
#5013=EDGE_CURVE('',#4205,#4202,#1823,.T.);
#5014=EDGE_CURVE('',#4206,#4207,#1824,.T.);
#5015=EDGE_CURVE('',#4207,#4208,#1825,.T.);
#5016=EDGE_CURVE('',#4208,#4209,#1826,.T.);
#5017=EDGE_CURVE('',#4209,#4206,#1827,.T.);
#5018=EDGE_CURVE('',#4210,#4211,#1828,.T.);
#5019=EDGE_CURVE('',#4211,#4212,#1829,.T.);
#5020=EDGE_CURVE('',#4212,#4213,#1830,.T.);
#5021=EDGE_CURVE('',#4213,#4210,#1831,.T.);
#5022=EDGE_CURVE('',#4214,#4215,#1832,.T.);
#5023=EDGE_CURVE('',#4215,#4216,#1833,.T.);
#5024=EDGE_CURVE('',#4216,#4217,#1834,.T.);
#5025=EDGE_CURVE('',#4217,#4214,#1835,.T.);
#5026=EDGE_CURVE('',#4218,#4219,#1836,.T.);
#5027=EDGE_CURVE('',#4219,#4220,#1837,.T.);
#5028=EDGE_CURVE('',#4220,#4221,#1838,.T.);
#5029=EDGE_CURVE('',#4221,#4218,#1839,.T.);
#5030=EDGE_CURVE('',#4222,#4223,#1840,.T.);
#5031=EDGE_CURVE('',#4223,#4224,#1841,.T.);
#5032=EDGE_CURVE('',#4224,#4225,#1842,.T.);
#5033=EDGE_CURVE('',#4225,#4222,#1843,.T.);
#5034=EDGE_CURVE('',#4226,#4227,#1844,.T.);
#5035=EDGE_CURVE('',#4227,#4228,#1845,.T.);
#5036=EDGE_CURVE('',#4228,#4229,#1846,.T.);
#5037=EDGE_CURVE('',#4229,#4226,#1847,.T.);
#5038=EDGE_CURVE('',#4230,#4231,#1848,.T.);
#5039=EDGE_CURVE('',#4231,#4232,#1849,.T.);
#5040=EDGE_CURVE('',#4232,#4233,#1850,.T.);
#5041=EDGE_CURVE('',#4233,#4230,#1851,.T.);
#5042=EDGE_CURVE('',#4234,#4235,#1852,.T.);
#5043=EDGE_CURVE('',#4235,#4236,#1853,.T.);
#5044=EDGE_CURVE('',#4236,#4237,#1854,.T.);
#5045=EDGE_CURVE('',#4237,#4234,#1855,.T.);
#5046=EDGE_CURVE('',#4238,#4239,#1856,.T.);
#5047=EDGE_CURVE('',#4239,#4240,#1857,.T.);
#5048=EDGE_CURVE('',#4240,#4241,#1858,.T.);
#5049=EDGE_CURVE('',#4241,#4238,#1859,.T.);
#5050=EDGE_CURVE('',#4242,#4243,#1860,.T.);
#5051=EDGE_CURVE('',#4243,#4244,#1861,.T.);
#5052=EDGE_CURVE('',#4244,#4245,#1862,.T.);
#5053=EDGE_CURVE('',#4245,#4242,#1863,.T.);
#5054=EDGE_CURVE('',#4246,#4247,#1864,.T.);
#5055=EDGE_CURVE('',#4247,#4248,#1865,.T.);
#5056=EDGE_CURVE('',#4248,#4249,#1866,.T.);
#5057=EDGE_CURVE('',#4249,#4246,#1867,.T.);
#5058=EDGE_CURVE('',#4250,#4251,#1868,.T.);
#5059=EDGE_CURVE('',#4251,#4252,#1869,.T.);
#5060=EDGE_CURVE('',#4252,#4253,#1870,.T.);
#5061=EDGE_CURVE('',#4253,#4250,#1871,.T.);
#5062=EDGE_CURVE('',#4254,#4255,#1872,.T.);
#5063=EDGE_CURVE('',#4255,#4256,#1873,.T.);
#5064=EDGE_CURVE('',#4256,#4257,#1874,.T.);
#5065=EDGE_CURVE('',#4257,#4254,#1875,.T.);
#5066=EDGE_CURVE('',#4258,#4259,#1876,.T.);
#5067=EDGE_CURVE('',#4259,#4260,#1877,.T.);
#5068=EDGE_CURVE('',#4260,#4261,#1878,.T.);
#5069=EDGE_CURVE('',#4261,#4258,#1879,.T.);
#5070=EDGE_CURVE('',#4262,#4263,#1880,.T.);
#5071=EDGE_CURVE('',#4263,#4264,#1881,.T.);
#5072=EDGE_CURVE('',#4264,#4265,#1882,.T.);
#5073=EDGE_CURVE('',#4265,#4262,#1883,.T.);
#5074=EDGE_CURVE('',#4266,#4267,#1884,.T.);
#5075=EDGE_CURVE('',#4267,#4268,#1885,.T.);
#5076=EDGE_CURVE('',#4268,#4269,#1886,.T.);
#5077=EDGE_CURVE('',#4269,#4266,#1887,.T.);
#5078=EDGE_CURVE('',#4270,#4271,#1888,.T.);
#5079=EDGE_CURVE('',#4271,#4272,#1889,.T.);
#5080=EDGE_CURVE('',#4272,#4273,#1890,.T.);
#5081=EDGE_CURVE('',#4273,#4270,#1891,.T.);
#5082=EDGE_CURVE('',#4274,#4275,#1892,.T.);
#5083=EDGE_CURVE('',#4275,#4276,#1893,.T.);
#5084=EDGE_CURVE('',#4276,#4277,#1894,.T.);
#5085=EDGE_CURVE('',#4277,#4274,#1895,.T.);
#5086=EDGE_CURVE('',#4278,#4279,#1896,.T.);
#5087=EDGE_CURVE('',#4279,#4280,#1897,.T.);
#5088=EDGE_CURVE('',#4280,#4281,#1898,.T.);
#5089=EDGE_CURVE('',#4281,#4278,#1899,.T.);
#5090=EDGE_CURVE('',#4282,#4283,#1900,.T.);
#5091=EDGE_CURVE('',#4283,#4284,#1901,.T.);
#5092=EDGE_CURVE('',#4284,#4285,#1902,.T.);
#5093=EDGE_CURVE('',#4285,#4282,#1903,.T.);
#5094=EDGE_CURVE('',#4286,#4287,#1904,.T.);
#5095=EDGE_CURVE('',#4287,#4288,#1905,.T.);
#5096=EDGE_CURVE('',#4288,#4289,#1906,.T.);
#5097=EDGE_CURVE('',#4289,#4286,#1907,.T.);
#5098=EDGE_CURVE('',#4290,#4291,#1908,.T.);
#5099=EDGE_CURVE('',#4291,#4292,#1909,.T.);
#5100=EDGE_CURVE('',#4292,#4293,#1910,.T.);
#5101=EDGE_CURVE('',#4293,#4290,#1911,.T.);
#5102=EDGE_CURVE('',#4294,#4295,#1912,.T.);
#5103=EDGE_CURVE('',#4295,#4296,#1913,.T.);
#5104=EDGE_CURVE('',#4296,#4297,#1914,.T.);
#5105=EDGE_CURVE('',#4297,#4294,#1915,.T.);
#5106=EDGE_CURVE('',#4298,#4299,#1916,.T.);
#5107=EDGE_CURVE('',#4299,#4300,#1917,.T.);
#5108=EDGE_CURVE('',#4300,#4301,#1918,.T.);
#5109=EDGE_CURVE('',#4301,#4298,#1919,.T.);
#5110=EDGE_CURVE('',#4302,#4303,#1920,.T.);
#5111=EDGE_CURVE('',#4303,#4304,#1921,.T.);
#5112=EDGE_CURVE('',#4304,#4305,#1922,.T.);
#5113=EDGE_CURVE('',#4305,#4302,#1923,.T.);
#5114=EDGE_CURVE('',#4306,#4307,#1924,.T.);
#5115=EDGE_CURVE('',#4307,#4308,#1925,.T.);
#5116=EDGE_CURVE('',#4308,#4309,#1926,.T.);
#5117=EDGE_CURVE('',#4309,#4306,#1927,.T.);
#5118=EDGE_CURVE('',#4310,#4311,#1928,.T.);
#5119=EDGE_CURVE('',#4311,#4312,#1929,.T.);
#5120=EDGE_CURVE('',#4312,#4313,#1930,.T.);
#5121=EDGE_CURVE('',#4313,#4310,#1931,.T.);
#5122=EDGE_CURVE('',#4314,#4315,#1932,.T.);
#5123=EDGE_CURVE('',#4315,#4316,#1933,.T.);
#5124=EDGE_CURVE('',#4316,#4317,#1934,.T.);
#5125=EDGE_CURVE('',#4317,#4314,#1935,.T.);
#5126=EDGE_CURVE('',#4318,#4319,#1936,.T.);
#5127=EDGE_CURVE('',#4319,#4320,#1937,.T.);
#5128=EDGE_CURVE('',#4320,#4321,#1938,.T.);
#5129=EDGE_CURVE('',#4321,#4318,#1939,.T.);
#5130=EDGE_CURVE('',#4322,#4323,#1940,.T.);
#5131=EDGE_CURVE('',#4323,#4324,#1941,.T.);
#5132=EDGE_CURVE('',#4324,#4325,#1942,.T.);
#5133=EDGE_CURVE('',#4325,#4322,#1943,.T.);
#5134=EDGE_CURVE('',#4326,#4327,#1944,.T.);
#5135=EDGE_CURVE('',#4327,#4328,#1945,.T.);
#5136=EDGE_CURVE('',#4328,#4329,#1946,.T.);
#5137=EDGE_CURVE('',#4329,#4326,#1947,.T.);
#5138=EDGE_CURVE('',#4330,#4331,#1948,.T.);
#5139=EDGE_CURVE('',#4331,#4332,#1949,.T.);
#5140=EDGE_CURVE('',#4332,#4333,#1950,.T.);
#5141=EDGE_CURVE('',#4333,#4330,#1951,.T.);
#5142=EDGE_CURVE('',#4334,#4335,#1952,.T.);
#5143=EDGE_CURVE('',#4335,#4336,#1953,.T.);
#5144=EDGE_CURVE('',#4336,#4337,#1954,.T.);
#5145=EDGE_CURVE('',#4337,#4334,#1955,.T.);
#5146=EDGE_CURVE('',#4338,#4339,#1956,.T.);
#5147=EDGE_CURVE('',#4339,#4340,#1957,.T.);
#5148=EDGE_CURVE('',#4340,#4341,#1958,.T.);
#5149=EDGE_CURVE('',#4341,#4338,#1959,.T.);
#5150=EDGE_CURVE('',#4342,#4343,#1960,.T.);
#5151=EDGE_CURVE('',#4343,#4344,#1961,.T.);
#5152=EDGE_CURVE('',#4344,#4345,#1962,.T.);
#5153=EDGE_CURVE('',#4345,#4342,#1963,.T.);
#5154=EDGE_CURVE('',#4346,#4347,#1964,.T.);
#5155=EDGE_CURVE('',#4347,#4348,#1965,.T.);
#5156=EDGE_CURVE('',#4348,#4349,#1966,.T.);
#5157=EDGE_CURVE('',#4349,#4346,#1967,.T.);
#5158=EDGE_CURVE('',#3964,#4350,#1968,.T.);
#5159=EDGE_CURVE('',#4350,#3955,#1969,.T.);
#5160=EDGE_CURVE('',#3963,#4351,#1970,.T.);
#5161=EDGE_CURVE('',#4351,#4352,#1971,.T.);
#5162=EDGE_CURVE('',#4353,#4352,#1972,.T.);
#5163=EDGE_CURVE('',#4353,#4354,#1973,.T.);
#5164=EDGE_CURVE('',#4354,#4355,#1974,.T.);
#5165=EDGE_CURVE('',#4355,#4356,#1975,.T.);
#5166=EDGE_CURVE('',#4357,#4356,#1976,.T.);
#5167=EDGE_CURVE('',#4357,#4358,#1977,.T.);
#5168=EDGE_CURVE('',#4358,#4359,#1978,.T.);
#5169=EDGE_CURVE('',#4359,#4360,#1979,.T.);
#5170=EDGE_CURVE('',#4361,#4360,#1980,.T.);
#5171=EDGE_CURVE('',#4361,#4362,#1981,.T.);
#5172=EDGE_CURVE('',#4362,#4363,#1982,.T.);
#5173=EDGE_CURVE('',#4363,#4364,#1983,.T.);
#5174=EDGE_CURVE('',#4365,#4364,#1984,.T.);
#5175=EDGE_CURVE('',#4365,#4366,#1985,.T.);
#5176=EDGE_CURVE('',#4366,#4367,#1986,.T.);
#5177=EDGE_CURVE('',#4367,#4368,#1987,.T.);
#5178=EDGE_CURVE('',#4369,#4368,#1988,.T.);
#5179=EDGE_CURVE('',#4369,#4370,#1989,.T.);
#5180=EDGE_CURVE('',#4370,#4371,#1990,.T.);
#5181=EDGE_CURVE('',#4371,#4372,#1991,.T.);
#5182=EDGE_CURVE('',#4373,#4372,#1992,.T.);
#5183=EDGE_CURVE('',#4373,#4374,#1993,.T.);
#5184=EDGE_CURVE('',#4374,#4375,#1994,.T.);
#5185=EDGE_CURVE('',#4375,#4376,#1995,.T.);
#5186=EDGE_CURVE('',#4377,#4376,#1996,.T.);
#5187=EDGE_CURVE('',#4377,#4378,#1997,.T.);
#5188=EDGE_CURVE('',#4378,#4379,#1998,.T.);
#5189=EDGE_CURVE('',#4379,#4380,#1999,.T.);
#5190=EDGE_CURVE('',#4381,#4380,#2000,.T.);
#5191=EDGE_CURVE('',#4381,#4350,#2001,.T.);
#5192=EDGE_CURVE('',#4382,#4383,#2002,.T.);
#5193=EDGE_CURVE('',#4383,#4384,#2003,.T.);
#5194=EDGE_CURVE('',#4384,#4385,#2004,.T.);
#5195=EDGE_CURVE('',#4385,#4382,#2005,.T.);
#5196=EDGE_CURVE('',#4386,#4387,#2006,.T.);
#5197=EDGE_CURVE('',#4387,#4388,#2007,.T.);
#5198=EDGE_CURVE('',#4388,#4389,#2008,.T.);
#5199=EDGE_CURVE('',#4389,#4386,#2009,.T.);
#5200=EDGE_CURVE('',#4390,#4391,#2010,.T.);
#5201=EDGE_CURVE('',#4391,#4392,#2011,.T.);
#5202=EDGE_CURVE('',#4392,#4393,#2012,.T.);
#5203=EDGE_CURVE('',#4393,#4390,#2013,.T.);
#5204=EDGE_CURVE('',#4394,#4395,#2014,.T.);
#5205=EDGE_CURVE('',#4395,#4396,#2015,.T.);
#5206=EDGE_CURVE('',#4396,#4397,#2016,.T.);
#5207=EDGE_CURVE('',#4397,#4394,#2017,.T.);
#5208=EDGE_CURVE('',#4398,#4399,#2018,.T.);
#5209=EDGE_CURVE('',#4399,#4400,#2019,.T.);
#5210=EDGE_CURVE('',#4400,#4401,#2020,.T.);
#5211=EDGE_CURVE('',#4401,#4398,#2021,.T.);
#5212=EDGE_CURVE('',#4402,#4403,#2022,.T.);
#5213=EDGE_CURVE('',#4403,#4404,#2023,.T.);
#5214=EDGE_CURVE('',#4404,#4405,#2024,.T.);
#5215=EDGE_CURVE('',#4405,#4402,#2025,.T.);
#5216=EDGE_CURVE('',#4406,#4407,#2026,.T.);
#5217=EDGE_CURVE('',#4407,#4408,#2027,.T.);
#5218=EDGE_CURVE('',#4408,#4409,#2028,.T.);
#5219=EDGE_CURVE('',#4409,#4406,#2029,.T.);
#5220=EDGE_CURVE('',#4410,#4411,#2030,.T.);
#5221=EDGE_CURVE('',#4411,#4412,#2031,.T.);
#5222=EDGE_CURVE('',#4412,#4413,#2032,.T.);
#5223=EDGE_CURVE('',#4413,#4410,#2033,.T.);
#5224=EDGE_CURVE('',#4414,#4415,#2034,.T.);
#5225=EDGE_CURVE('',#4415,#4416,#2035,.T.);
#5226=EDGE_CURVE('',#4416,#4417,#2036,.T.);
#5227=EDGE_CURVE('',#4417,#4414,#2037,.T.);
#5228=EDGE_CURVE('',#4418,#4419,#2038,.T.);
#5229=EDGE_CURVE('',#4419,#4420,#2039,.T.);
#5230=EDGE_CURVE('',#4420,#4421,#2040,.T.);
#5231=EDGE_CURVE('',#4421,#4418,#2041,.T.);
#5232=EDGE_CURVE('',#4422,#4423,#2042,.T.);
#5233=EDGE_CURVE('',#4423,#4424,#2043,.T.);
#5234=EDGE_CURVE('',#4424,#4425,#2044,.T.);
#5235=EDGE_CURVE('',#4425,#4422,#2045,.T.);
#5236=EDGE_CURVE('',#4426,#4427,#2046,.T.);
#5237=EDGE_CURVE('',#4427,#4428,#2047,.T.);
#5238=EDGE_CURVE('',#4428,#4429,#2048,.T.);
#5239=EDGE_CURVE('',#4429,#4426,#2049,.T.);
#5240=EDGE_CURVE('',#4430,#4431,#2050,.T.);
#5241=EDGE_CURVE('',#4431,#4432,#2051,.T.);
#5242=EDGE_CURVE('',#4432,#4433,#2052,.T.);
#5243=EDGE_CURVE('',#4433,#4430,#2053,.T.);
#5244=EDGE_CURVE('',#4434,#4435,#2054,.T.);
#5245=EDGE_CURVE('',#4435,#4436,#2055,.T.);
#5246=EDGE_CURVE('',#4436,#4437,#2056,.T.);
#5247=EDGE_CURVE('',#4437,#4434,#2057,.T.);
#5248=EDGE_CURVE('',#4438,#4439,#2058,.T.);
#5249=EDGE_CURVE('',#4439,#4440,#2059,.T.);
#5250=EDGE_CURVE('',#4440,#4441,#2060,.T.);
#5251=EDGE_CURVE('',#4441,#4438,#2061,.T.);
#5252=EDGE_CURVE('',#4442,#4443,#2062,.T.);
#5253=EDGE_CURVE('',#4443,#4444,#2063,.T.);
#5254=EDGE_CURVE('',#4444,#4445,#2064,.T.);
#5255=EDGE_CURVE('',#4445,#4442,#2065,.T.);
#5256=EDGE_CURVE('',#4446,#4447,#2066,.T.);
#5257=EDGE_CURVE('',#4447,#4448,#2067,.T.);
#5258=EDGE_CURVE('',#4448,#4449,#2068,.T.);
#5259=EDGE_CURVE('',#4449,#4446,#2069,.T.);
#5260=EDGE_CURVE('',#4450,#4451,#2070,.T.);
#5261=EDGE_CURVE('',#4451,#4452,#2071,.T.);
#5262=EDGE_CURVE('',#4452,#4453,#2072,.T.);
#5263=EDGE_CURVE('',#4453,#4450,#2073,.T.);
#5264=EDGE_CURVE('',#4454,#4455,#2074,.T.);
#5265=EDGE_CURVE('',#4455,#4456,#2075,.T.);
#5266=EDGE_CURVE('',#4456,#4457,#2076,.T.);
#5267=EDGE_CURVE('',#4457,#4454,#2077,.T.);
#5268=EDGE_CURVE('',#4458,#4459,#2078,.T.);
#5269=EDGE_CURVE('',#4459,#4460,#2079,.T.);
#5270=EDGE_CURVE('',#4460,#4461,#2080,.T.);
#5271=EDGE_CURVE('',#4461,#4458,#2081,.T.);
#5272=EDGE_CURVE('',#4462,#4463,#2082,.T.);
#5273=EDGE_CURVE('',#4463,#4464,#2083,.T.);
#5274=EDGE_CURVE('',#4464,#4465,#2084,.T.);
#5275=EDGE_CURVE('',#4465,#4462,#2085,.T.);
#5276=EDGE_CURVE('',#4466,#4467,#2086,.T.);
#5277=EDGE_CURVE('',#4467,#4468,#2087,.T.);
#5278=EDGE_CURVE('',#4468,#4469,#2088,.T.);
#5279=EDGE_CURVE('',#4469,#4466,#2089,.T.);
#5280=EDGE_CURVE('',#4470,#4471,#2090,.T.);
#5281=EDGE_CURVE('',#4471,#4472,#2091,.T.);
#5282=EDGE_CURVE('',#4472,#4473,#2092,.T.);
#5283=EDGE_CURVE('',#4473,#4470,#2093,.T.);
#5284=EDGE_CURVE('',#4474,#4475,#2094,.T.);
#5285=EDGE_CURVE('',#4475,#4476,#2095,.T.);
#5286=EDGE_CURVE('',#4476,#4477,#2096,.T.);
#5287=EDGE_CURVE('',#4477,#4474,#2097,.T.);
#5288=EDGE_CURVE('',#4478,#4479,#2098,.T.);
#5289=EDGE_CURVE('',#4479,#4480,#2099,.T.);
#5290=EDGE_CURVE('',#4480,#4481,#2100,.T.);
#5291=EDGE_CURVE('',#4481,#4478,#2101,.T.);
#5292=EDGE_CURVE('',#4482,#4483,#2102,.T.);
#5293=EDGE_CURVE('',#4483,#4484,#2103,.T.);
#5294=EDGE_CURVE('',#4484,#4485,#2104,.T.);
#5295=EDGE_CURVE('',#4485,#4482,#2105,.T.);
#5296=EDGE_CURVE('',#4486,#4487,#2106,.T.);
#5297=EDGE_CURVE('',#4487,#4488,#2107,.T.);
#5298=EDGE_CURVE('',#4488,#4489,#2108,.T.);
#5299=EDGE_CURVE('',#4489,#4486,#2109,.T.);
#5300=EDGE_CURVE('',#4490,#4491,#2110,.T.);
#5301=EDGE_CURVE('',#4491,#4492,#2111,.T.);
#5302=EDGE_CURVE('',#4492,#4493,#2112,.T.);
#5303=EDGE_CURVE('',#4493,#4490,#2113,.T.);
#5304=EDGE_CURVE('',#4494,#4495,#2114,.T.);
#5305=EDGE_CURVE('',#4495,#4496,#2115,.T.);
#5306=EDGE_CURVE('',#4496,#4497,#2116,.T.);
#5307=EDGE_CURVE('',#4497,#4494,#2117,.T.);
#5308=EDGE_CURVE('',#4498,#4499,#2118,.T.);
#5309=EDGE_CURVE('',#4499,#4500,#2119,.T.);
#5310=EDGE_CURVE('',#4500,#4501,#2120,.T.);
#5311=EDGE_CURVE('',#4501,#4498,#2121,.T.);
#5312=EDGE_CURVE('',#4502,#4503,#2122,.T.);
#5313=EDGE_CURVE('',#4503,#4504,#2123,.T.);
#5314=EDGE_CURVE('',#4504,#4505,#2124,.T.);
#5315=EDGE_CURVE('',#4505,#4502,#2125,.T.);
#5316=EDGE_CURVE('',#4506,#4507,#2126,.T.);
#5317=EDGE_CURVE('',#4507,#4508,#2127,.T.);
#5318=EDGE_CURVE('',#4508,#4509,#2128,.T.);
#5319=EDGE_CURVE('',#4509,#4506,#2129,.T.);
#5320=EDGE_CURVE('',#4510,#4511,#2130,.T.);
#5321=EDGE_CURVE('',#4511,#4512,#2131,.T.);
#5322=EDGE_CURVE('',#4512,#4513,#2132,.T.);
#5323=EDGE_CURVE('',#4513,#4510,#2133,.T.);
#5324=EDGE_CURVE('',#4514,#4515,#2134,.T.);
#5325=EDGE_CURVE('',#4515,#4516,#2135,.T.);
#5326=EDGE_CURVE('',#4516,#4517,#2136,.T.);
#5327=EDGE_CURVE('',#4517,#4514,#2137,.T.);
#5328=EDGE_CURVE('',#4518,#4519,#2138,.T.);
#5329=EDGE_CURVE('',#4519,#4520,#2139,.T.);
#5330=EDGE_CURVE('',#4520,#4521,#2140,.T.);
#5331=EDGE_CURVE('',#4521,#4518,#2141,.T.);
#5332=EDGE_CURVE('',#4522,#4523,#2142,.T.);
#5333=EDGE_CURVE('',#4523,#4524,#2143,.T.);
#5334=EDGE_CURVE('',#4524,#4525,#2144,.T.);
#5335=EDGE_CURVE('',#4525,#4522,#2145,.T.);
#5336=EDGE_CURVE('',#4526,#4527,#2146,.T.);
#5337=EDGE_CURVE('',#4527,#4528,#2147,.T.);
#5338=EDGE_CURVE('',#4528,#4529,#2148,.T.);
#5339=EDGE_CURVE('',#4529,#4526,#2149,.T.);
#5340=EDGE_CURVE('',#4530,#4531,#2150,.T.);
#5341=EDGE_CURVE('',#4531,#4532,#2151,.T.);
#5342=EDGE_CURVE('',#4532,#4533,#2152,.T.);
#5343=EDGE_CURVE('',#4533,#4530,#2153,.T.);
#5344=EDGE_CURVE('',#4534,#4535,#2154,.T.);
#5345=EDGE_CURVE('',#4535,#4536,#2155,.T.);
#5346=EDGE_CURVE('',#4536,#4537,#2156,.T.);
#5347=EDGE_CURVE('',#4537,#4534,#2157,.T.);
#5348=EDGE_CURVE('',#4538,#4539,#2158,.T.);
#5349=EDGE_CURVE('',#4539,#4540,#2159,.T.);
#5350=EDGE_CURVE('',#4540,#4541,#2160,.T.);
#5351=EDGE_CURVE('',#4541,#4538,#2161,.T.);
#5352=EDGE_CURVE('',#4542,#4543,#2162,.T.);
#5353=EDGE_CURVE('',#4543,#4544,#2163,.T.);
#5354=EDGE_CURVE('',#4544,#4545,#2164,.T.);
#5355=EDGE_CURVE('',#4545,#4542,#2165,.T.);
#5356=EDGE_CURVE('',#4546,#4547,#2166,.T.);
#5357=EDGE_CURVE('',#4547,#4548,#2167,.T.);
#5358=EDGE_CURVE('',#4548,#4549,#2168,.T.);
#5359=EDGE_CURVE('',#4549,#4546,#2169,.T.);
#5360=EDGE_CURVE('',#4550,#4551,#2170,.T.);
#5361=EDGE_CURVE('',#4551,#4552,#2171,.T.);
#5362=EDGE_CURVE('',#4552,#4553,#2172,.T.);
#5363=EDGE_CURVE('',#4553,#4550,#2173,.T.);
#5364=EDGE_CURVE('',#4554,#4555,#2174,.T.);
#5365=EDGE_CURVE('',#4555,#4556,#2175,.T.);
#5366=EDGE_CURVE('',#4556,#4557,#2176,.T.);
#5367=EDGE_CURVE('',#4557,#4554,#2177,.T.);
#5368=EDGE_CURVE('',#4558,#4559,#2178,.T.);
#5369=EDGE_CURVE('',#4559,#4560,#2179,.T.);
#5370=EDGE_CURVE('',#4560,#4561,#2180,.T.);
#5371=EDGE_CURVE('',#4561,#4558,#2181,.T.);
#5372=EDGE_CURVE('',#4562,#4563,#2182,.T.);
#5373=EDGE_CURVE('',#4563,#4564,#2183,.T.);
#5374=EDGE_CURVE('',#4564,#4565,#2184,.T.);
#5375=EDGE_CURVE('',#4565,#4562,#2185,.T.);
#5376=EDGE_CURVE('',#4566,#4567,#2186,.T.);
#5377=EDGE_CURVE('',#4567,#4568,#2187,.T.);
#5378=EDGE_CURVE('',#4568,#4569,#2188,.T.);
#5379=EDGE_CURVE('',#4569,#4566,#2189,.T.);
#5380=EDGE_CURVE('',#4570,#4571,#2190,.T.);
#5381=EDGE_CURVE('',#4571,#4572,#2191,.T.);
#5382=EDGE_CURVE('',#4572,#4573,#2192,.T.);
#5383=EDGE_CURVE('',#4573,#4570,#2193,.T.);
#5384=EDGE_CURVE('',#4574,#4575,#2194,.T.);
#5385=EDGE_CURVE('',#4575,#4576,#2195,.T.);
#5386=EDGE_CURVE('',#4576,#4577,#2196,.T.);
#5387=EDGE_CURVE('',#4577,#4574,#2197,.T.);
#5388=EDGE_CURVE('',#4578,#4579,#2198,.T.);
#5389=EDGE_CURVE('',#4579,#4580,#2199,.T.);
#5390=EDGE_CURVE('',#4580,#4581,#2200,.T.);
#5391=EDGE_CURVE('',#4581,#4578,#2201,.T.);
#5392=EDGE_CURVE('',#4582,#4583,#2202,.T.);
#5393=EDGE_CURVE('',#4583,#4584,#2203,.T.);
#5394=EDGE_CURVE('',#4584,#4585,#2204,.T.);
#5395=EDGE_CURVE('',#4585,#4582,#2205,.T.);
#5396=EDGE_CURVE('',#4586,#4587,#2206,.T.);
#5397=EDGE_CURVE('',#4587,#4588,#2207,.T.);
#5398=EDGE_CURVE('',#4588,#4589,#2208,.T.);
#5399=EDGE_CURVE('',#4589,#4586,#2209,.T.);
#5400=EDGE_CURVE('',#4590,#4591,#2210,.T.);
#5401=EDGE_CURVE('',#4591,#4592,#2211,.T.);
#5402=EDGE_CURVE('',#4592,#4593,#2212,.T.);
#5403=EDGE_CURVE('',#4593,#4590,#2213,.T.);
#5404=EDGE_CURVE('',#4594,#4595,#2214,.T.);
#5405=EDGE_CURVE('',#4595,#4596,#2215,.T.);
#5406=EDGE_CURVE('',#4596,#4597,#2216,.T.);
#5407=EDGE_CURVE('',#4597,#4594,#2217,.T.);
#5408=EDGE_CURVE('',#4598,#4599,#2218,.T.);
#5409=EDGE_CURVE('',#4599,#4600,#2219,.T.);
#5410=EDGE_CURVE('',#4600,#4601,#2220,.T.);
#5411=EDGE_CURVE('',#4601,#4598,#2221,.T.);
#5412=EDGE_CURVE('',#4602,#4603,#2222,.T.);
#5413=EDGE_CURVE('',#4603,#4604,#2223,.T.);
#5414=EDGE_CURVE('',#4604,#4605,#2224,.T.);
#5415=EDGE_CURVE('',#4605,#4602,#2225,.T.);
#5416=EDGE_CURVE('',#4606,#4607,#2226,.T.);
#5417=EDGE_CURVE('',#4607,#4608,#2227,.T.);
#5418=EDGE_CURVE('',#4608,#4609,#2228,.T.);
#5419=EDGE_CURVE('',#4609,#4606,#2229,.T.);
#5420=EDGE_CURVE('',#4610,#4611,#2230,.T.);
#5421=EDGE_CURVE('',#4611,#4612,#2231,.T.);
#5422=EDGE_CURVE('',#4612,#4613,#2232,.T.);
#5423=EDGE_CURVE('',#4613,#4610,#2233,.T.);
#5424=EDGE_CURVE('',#4614,#4615,#2234,.T.);
#5425=EDGE_CURVE('',#4615,#4616,#2235,.T.);
#5426=EDGE_CURVE('',#4616,#4617,#2236,.T.);
#5427=EDGE_CURVE('',#4617,#4614,#2237,.T.);
#5428=EDGE_CURVE('',#4618,#4619,#2238,.T.);
#5429=EDGE_CURVE('',#4619,#4620,#2239,.T.);
#5430=EDGE_CURVE('',#4620,#4621,#2240,.T.);
#5431=EDGE_CURVE('',#4621,#4618,#2241,.T.);
#5432=EDGE_CURVE('',#4622,#4623,#2242,.T.);
#5433=EDGE_CURVE('',#4623,#4624,#2243,.T.);
#5434=EDGE_CURVE('',#4624,#4625,#2244,.T.);
#5435=EDGE_CURVE('',#4625,#4622,#2245,.T.);
#5436=EDGE_CURVE('',#4626,#4627,#2246,.T.);
#5437=EDGE_CURVE('',#4627,#4628,#2247,.T.);
#5438=EDGE_CURVE('',#4628,#4629,#2248,.T.);
#5439=EDGE_CURVE('',#4629,#4626,#2249,.T.);
#5440=EDGE_CURVE('',#4630,#4631,#2250,.T.);
#5441=EDGE_CURVE('',#4631,#4632,#2251,.T.);
#5442=EDGE_CURVE('',#4632,#4633,#2252,.T.);
#5443=EDGE_CURVE('',#4633,#4630,#2253,.T.);
#5444=EDGE_CURVE('',#4634,#4635,#2254,.T.);
#5445=EDGE_CURVE('',#4635,#4636,#2255,.T.);
#5446=EDGE_CURVE('',#4636,#4637,#2256,.T.);
#5447=EDGE_CURVE('',#4637,#4634,#2257,.T.);
#5448=EDGE_CURVE('',#4638,#4639,#2258,.T.);
#5449=EDGE_CURVE('',#4639,#4640,#2259,.T.);
#5450=EDGE_CURVE('',#4640,#4641,#2260,.T.);
#5451=EDGE_CURVE('',#4641,#4638,#2261,.T.);
#5452=EDGE_CURVE('',#4642,#4643,#2262,.T.);
#5453=EDGE_CURVE('',#4643,#4644,#2263,.T.);
#5454=EDGE_CURVE('',#4644,#4645,#2264,.T.);
#5455=EDGE_CURVE('',#4645,#4642,#2265,.T.);
#5456=EDGE_CURVE('',#4646,#4647,#2266,.T.);
#5457=EDGE_CURVE('',#4647,#4648,#2267,.T.);
#5458=EDGE_CURVE('',#4648,#4649,#2268,.T.);
#5459=EDGE_CURVE('',#4649,#4646,#2269,.T.);
#5460=EDGE_CURVE('',#4650,#4651,#2270,.T.);
#5461=EDGE_CURVE('',#4651,#4652,#2271,.T.);
#5462=EDGE_CURVE('',#4652,#4653,#2272,.T.);
#5463=EDGE_CURVE('',#4653,#4650,#2273,.T.);
#5464=EDGE_CURVE('',#4654,#4655,#2274,.T.);
#5465=EDGE_CURVE('',#4655,#4656,#2275,.T.);
#5466=EDGE_CURVE('',#4656,#4657,#2276,.T.);
#5467=EDGE_CURVE('',#4657,#4654,#2277,.T.);
#5468=EDGE_CURVE('',#4658,#4659,#2278,.T.);
#5469=EDGE_CURVE('',#4659,#4660,#2279,.T.);
#5470=EDGE_CURVE('',#4660,#4661,#2280,.T.);
#5471=EDGE_CURVE('',#4661,#4658,#2281,.T.);
#5472=EDGE_CURVE('',#4662,#4663,#2282,.T.);
#5473=EDGE_CURVE('',#4663,#4664,#2283,.T.);
#5474=EDGE_CURVE('',#4664,#4665,#2284,.T.);
#5475=EDGE_CURVE('',#4665,#4662,#2285,.T.);
#5476=EDGE_CURVE('',#4666,#4667,#2286,.T.);
#5477=EDGE_CURVE('',#4667,#4668,#2287,.T.);
#5478=EDGE_CURVE('',#4668,#4669,#2288,.T.);
#5479=EDGE_CURVE('',#4669,#4666,#2289,.T.);
#5480=EDGE_CURVE('',#4670,#4671,#2290,.T.);
#5481=EDGE_CURVE('',#4671,#4672,#2291,.T.);
#5482=EDGE_CURVE('',#4672,#4673,#2292,.T.);
#5483=EDGE_CURVE('',#4673,#4670,#2293,.T.);
#5484=EDGE_CURVE('',#4674,#4675,#2294,.T.);
#5485=EDGE_CURVE('',#4675,#4676,#2295,.T.);
#5486=EDGE_CURVE('',#4676,#4677,#2296,.T.);
#5487=EDGE_CURVE('',#4677,#4674,#2297,.T.);
#5488=EDGE_CURVE('',#4678,#4679,#2298,.T.);
#5489=EDGE_CURVE('',#4679,#4680,#2299,.T.);
#5490=EDGE_CURVE('',#4680,#4681,#2300,.T.);
#5491=EDGE_CURVE('',#4681,#4678,#2301,.T.);
#5492=EDGE_CURVE('',#4682,#4683,#2302,.T.);
#5493=EDGE_CURVE('',#4683,#4684,#2303,.T.);
#5494=EDGE_CURVE('',#4684,#4685,#2304,.T.);
#5495=EDGE_CURVE('',#4685,#4682,#2305,.T.);
#5496=EDGE_CURVE('',#4686,#4687,#2306,.T.);
#5497=EDGE_CURVE('',#4687,#4688,#2307,.T.);
#5498=EDGE_CURVE('',#4688,#4689,#2308,.T.);
#5499=EDGE_CURVE('',#4689,#4686,#2309,.T.);
#5500=EDGE_CURVE('',#4690,#4691,#2310,.T.);
#5501=EDGE_CURVE('',#4691,#4692,#2311,.T.);
#5502=EDGE_CURVE('',#4692,#4693,#2312,.T.);
#5503=EDGE_CURVE('',#4693,#4690,#2313,.T.);
#5504=EDGE_CURVE('',#4694,#4695,#2314,.T.);
#5505=EDGE_CURVE('',#4695,#4696,#2315,.T.);
#5506=EDGE_CURVE('',#4696,#4697,#2316,.T.);
#5507=EDGE_CURVE('',#4697,#4694,#2317,.T.);
#5508=EDGE_CURVE('',#4698,#4699,#2318,.T.);
#5509=EDGE_CURVE('',#4699,#4700,#2319,.T.);
#5510=EDGE_CURVE('',#4700,#4701,#2320,.T.);
#5511=EDGE_CURVE('',#4701,#4698,#2321,.T.);
#5512=EDGE_CURVE('',#4702,#4703,#2322,.T.);
#5513=EDGE_CURVE('',#4703,#4704,#2323,.T.);
#5514=EDGE_CURVE('',#4704,#4705,#2324,.T.);
#5515=EDGE_CURVE('',#4705,#4702,#2325,.T.);
#5516=EDGE_CURVE('',#4706,#4707,#2326,.T.);
#5517=EDGE_CURVE('',#4707,#4708,#2327,.T.);
#5518=EDGE_CURVE('',#4708,#4709,#2328,.T.);
#5519=EDGE_CURVE('',#4709,#4706,#2329,.T.);
#5520=EDGE_CURVE('',#4710,#4711,#2330,.T.);
#5521=EDGE_CURVE('',#4711,#4712,#2331,.T.);
#5522=EDGE_CURVE('',#4712,#4713,#2332,.T.);
#5523=EDGE_CURVE('',#4713,#4710,#2333,.T.);
#5524=EDGE_CURVE('',#4714,#4715,#2334,.T.);
#5525=EDGE_CURVE('',#4715,#4716,#2335,.T.);
#5526=EDGE_CURVE('',#4716,#4717,#2336,.T.);
#5527=EDGE_CURVE('',#4717,#4714,#2337,.T.);
#5528=EDGE_CURVE('',#4718,#4719,#2338,.T.);
#5529=EDGE_CURVE('',#4719,#4720,#2339,.T.);
#5530=EDGE_CURVE('',#4720,#4721,#2340,.T.);
#5531=EDGE_CURVE('',#4721,#4722,#2341,.T.);
#5532=EDGE_CURVE('',#4722,#4718,#2342,.T.);
#5533=EDGE_CURVE('',#4723,#4724,#2343,.T.);
#5534=EDGE_CURVE('',#4724,#4721,#1570,.T.);
#5535=EDGE_CURVE('',#4720,#4723,#1571,.T.);
#5536=EDGE_CURVE('',#3974,#4724,#2344,.T.);
#5537=EDGE_CURVE('',#4723,#3975,#2345,.T.);
#5538=EDGE_CURVE('',#3976,#4719,#2346,.T.);
#5539=EDGE_CURVE('',#4718,#4725,#2347,.T.);
#5540=EDGE_CURVE('',#3977,#4725,#2348,.T.);
#5541=EDGE_CURVE('',#4726,#4722,#2349,.T.);
#5542=EDGE_CURVE('',#4726,#4727,#2350,.T.);
#5543=EDGE_CURVE('',#4728,#4727,#2351,.T.);
#5544=EDGE_CURVE('',#4729,#4728,#2352,.T.);
#5545=EDGE_CURVE('',#4730,#4729,#2353,.T.);
#5546=EDGE_CURVE('',#4730,#4731,#2354,.T.);
#5547=EDGE_CURVE('',#4731,#4732,#2355,.T.);
#5548=EDGE_CURVE('',#4732,#4733,#1572,.T.);
#5549=EDGE_CURVE('',#4733,#4734,#2356,.T.);
#5550=EDGE_CURVE('',#4725,#4734,#1573,.T.);
#5551=EDGE_CURVE('',#4352,#4728,#2357,.T.);
#5552=EDGE_CURVE('',#4727,#4381,#2358,.T.);
#5553=EDGE_CURVE('',#4735,#4380,#2359,.F.);
#5554=EDGE_CURVE('',#4735,#4736,#2360,.T.);
#5555=EDGE_CURVE('',#4377,#4736,#2361,.F.);
#5556=EDGE_CURVE('',#4737,#4376,#2362,.F.);
#5557=EDGE_CURVE('',#4737,#4738,#2363,.T.);
#5558=EDGE_CURVE('',#4373,#4738,#2364,.F.);
#5559=EDGE_CURVE('',#4739,#4372,#2365,.F.);
#5560=EDGE_CURVE('',#4739,#4740,#2366,.T.);
#5561=EDGE_CURVE('',#4369,#4740,#2367,.F.);
#5562=EDGE_CURVE('',#4741,#4368,#2368,.F.);
#5563=EDGE_CURVE('',#4742,#4741,#2369,.F.);
#5564=EDGE_CURVE('',#4365,#4742,#2370,.F.);
#5565=EDGE_CURVE('',#4743,#4364,#2371,.F.);
#5566=EDGE_CURVE('',#4744,#4743,#2372,.F.);
#5567=EDGE_CURVE('',#4361,#4744,#2373,.F.);
#5568=EDGE_CURVE('',#4745,#4360,#2374,.F.);
#5569=EDGE_CURVE('',#4746,#4745,#2375,.F.);
#5570=EDGE_CURVE('',#4357,#4746,#2376,.F.);
#5571=EDGE_CURVE('',#4747,#4356,#2377,.F.);
#5572=EDGE_CURVE('',#4748,#4747,#2378,.F.);
#5573=EDGE_CURVE('',#4353,#4748,#2379,.F.);
#5574=EDGE_CURVE('',#3971,#4351,#2380,.T.);
#5575=EDGE_CURVE('',#3983,#4749,#2381,.T.);
#5576=EDGE_CURVE('',#4749,#4750,#1574,.T.);
#5577=EDGE_CURVE('',#4750,#4729,#2382,.T.);
#5578=EDGE_CURVE('',#4351,#3970,#2383,.T.);
#5579=EDGE_CURVE('',#3972,#4350,#2384,.T.);
#5580=EDGE_CURVE('',#3956,#3972,#2385,.T.);
#5581=EDGE_CURVE('',#4751,#4726,#2386,.T.);
#5582=EDGE_CURVE('',#4752,#4751,#1575,.T.);
#5583=EDGE_CURVE('',#3973,#4752,#2387,.T.);
#5584=EDGE_CURVE('',#4752,#4724,#2388,.T.);
#5585=EDGE_CURVE('',#4734,#3978,#2389,.T.);
#5586=EDGE_CURVE('',#4733,#3979,#2390,.T.);
#5587=EDGE_CURVE('',#3981,#4731,#2391,.T.);
#5588=EDGE_CURVE('',#3980,#4732,#2392,.T.);
#5589=EDGE_CURVE('',#4753,#4730,#2393,.T.);
#5590=EDGE_CURVE('',#4753,#4754,#1576,.T.);
#5591=EDGE_CURVE('',#4754,#3982,#2394,.T.);
#5592=EDGE_CURVE('',#3984,#4755,#2395,.T.);
#5593=EDGE_CURVE('',#4755,#4755,#1577,.T.);
#5594=EDGE_CURVE('',#3985,#4756,#2396,.T.);
#5595=EDGE_CURVE('',#4756,#4756,#1578,.T.);
#5596=EDGE_CURVE('',#3987,#4747,#2397,.T.);
#5597=EDGE_CURVE('',#4748,#3986,#2398,.T.);
#5598=EDGE_CURVE('',#3989,#4354,#2399,.T.);
#5599=EDGE_CURVE('',#3988,#4355,#2400,.T.);
#5600=EDGE_CURVE('',#3991,#4382,#2401,.T.);
#5601=EDGE_CURVE('',#3990,#4383,#2402,.T.);
#5602=EDGE_CURVE('',#3993,#4384,#2403,.T.);
#5603=EDGE_CURVE('',#3992,#4385,#2404,.T.);
#5604=EDGE_CURVE('',#3995,#4386,#2405,.T.);
#5605=EDGE_CURVE('',#3994,#4387,#2406,.T.);
#5606=EDGE_CURVE('',#3997,#4388,#2407,.T.);
#5607=EDGE_CURVE('',#3996,#4389,#2408,.T.);
#5608=EDGE_CURVE('',#3999,#4390,#2409,.T.);
#5609=EDGE_CURVE('',#3998,#4391,#2410,.T.);
#5610=EDGE_CURVE('',#4001,#4392,#2411,.T.);
#5611=EDGE_CURVE('',#4000,#4393,#2412,.T.);
#5612=EDGE_CURVE('',#4003,#4394,#2413,.T.);
#5613=EDGE_CURVE('',#4002,#4395,#2414,.T.);
#5614=EDGE_CURVE('',#4005,#4396,#2415,.T.);
#5615=EDGE_CURVE('',#4004,#4397,#2416,.T.);
#5616=EDGE_CURVE('',#4007,#4398,#2417,.T.);
#5617=EDGE_CURVE('',#4006,#4399,#2418,.T.);
#5618=EDGE_CURVE('',#4009,#4400,#2419,.T.);
#5619=EDGE_CURVE('',#4008,#4401,#2420,.T.);
#5620=EDGE_CURVE('',#4011,#4402,#2421,.T.);
#5621=EDGE_CURVE('',#4010,#4403,#2422,.T.);
#5622=EDGE_CURVE('',#4013,#4404,#2423,.T.);
#5623=EDGE_CURVE('',#4012,#4405,#2424,.T.);
#5624=EDGE_CURVE('',#4015,#4406,#2425,.T.);
#5625=EDGE_CURVE('',#4014,#4407,#2426,.T.);
#5626=EDGE_CURVE('',#4017,#4408,#2427,.T.);
#5627=EDGE_CURVE('',#4016,#4409,#2428,.T.);
#5628=EDGE_CURVE('',#4019,#4410,#2429,.T.);
#5629=EDGE_CURVE('',#4018,#4411,#2430,.T.);
#5630=EDGE_CURVE('',#4021,#4412,#2431,.T.);
#5631=EDGE_CURVE('',#4020,#4413,#2432,.T.);
#5632=EDGE_CURVE('',#4023,#4414,#2433,.T.);
#5633=EDGE_CURVE('',#4022,#4415,#2434,.T.);
#5634=EDGE_CURVE('',#4025,#4416,#2435,.T.);
#5635=EDGE_CURVE('',#4024,#4417,#2436,.T.);
#5636=EDGE_CURVE('',#4027,#4418,#2437,.T.);
#5637=EDGE_CURVE('',#4026,#4419,#2438,.T.);
#5638=EDGE_CURVE('',#4029,#4420,#2439,.T.);
#5639=EDGE_CURVE('',#4028,#4421,#2440,.T.);
#5640=EDGE_CURVE('',#4031,#4422,#2441,.T.);
#5641=EDGE_CURVE('',#4030,#4423,#2442,.T.);
#5642=EDGE_CURVE('',#4033,#4424,#2443,.T.);
#5643=EDGE_CURVE('',#4032,#4425,#2444,.T.);
#5644=EDGE_CURVE('',#4035,#4426,#2445,.T.);
#5645=EDGE_CURVE('',#4034,#4427,#2446,.T.);
#5646=EDGE_CURVE('',#4037,#4428,#2447,.T.);
#5647=EDGE_CURVE('',#4036,#4429,#2448,.T.);
#5648=EDGE_CURVE('',#4039,#4745,#2449,.T.);
#5649=EDGE_CURVE('',#4746,#4038,#2450,.T.);
#5650=EDGE_CURVE('',#4041,#4358,#2451,.T.);
#5651=EDGE_CURVE('',#4040,#4359,#2452,.T.);
#5652=EDGE_CURVE('',#4043,#4430,#2453,.T.);
#5653=EDGE_CURVE('',#4042,#4431,#2454,.T.);
#5654=EDGE_CURVE('',#4045,#4432,#2455,.T.);
#5655=EDGE_CURVE('',#4044,#4433,#2456,.T.);
#5656=EDGE_CURVE('',#4047,#4434,#2457,.T.);
#5657=EDGE_CURVE('',#4046,#4435,#2458,.T.);
#5658=EDGE_CURVE('',#4049,#4436,#2459,.T.);
#5659=EDGE_CURVE('',#4048,#4437,#2460,.T.);
#5660=EDGE_CURVE('',#4051,#4438,#2461,.T.);
#5661=EDGE_CURVE('',#4050,#4439,#2462,.T.);
#5662=EDGE_CURVE('',#4053,#4440,#2463,.T.);
#5663=EDGE_CURVE('',#4052,#4441,#2464,.T.);
#5664=EDGE_CURVE('',#4055,#4442,#2465,.T.);
#5665=EDGE_CURVE('',#4054,#4443,#2466,.T.);
#5666=EDGE_CURVE('',#4057,#4444,#2467,.T.);
#5667=EDGE_CURVE('',#4056,#4445,#2468,.T.);
#5668=EDGE_CURVE('',#4059,#4446,#2469,.T.);
#5669=EDGE_CURVE('',#4058,#4447,#2470,.T.);
#5670=EDGE_CURVE('',#4061,#4448,#2471,.T.);
#5671=EDGE_CURVE('',#4060,#4449,#2472,.T.);
#5672=EDGE_CURVE('',#4063,#4450,#2473,.T.);
#5673=EDGE_CURVE('',#4062,#4451,#2474,.T.);
#5674=EDGE_CURVE('',#4065,#4452,#2475,.T.);
#5675=EDGE_CURVE('',#4064,#4453,#2476,.T.);
#5676=EDGE_CURVE('',#4067,#4454,#2477,.T.);
#5677=EDGE_CURVE('',#4066,#4455,#2478,.T.);
#5678=EDGE_CURVE('',#4069,#4456,#2479,.T.);
#5679=EDGE_CURVE('',#4068,#4457,#2480,.T.);
#5680=EDGE_CURVE('',#4071,#4458,#2481,.T.);
#5681=EDGE_CURVE('',#4070,#4459,#2482,.T.);
#5682=EDGE_CURVE('',#4073,#4460,#2483,.T.);
#5683=EDGE_CURVE('',#4072,#4461,#2484,.T.);
#5684=EDGE_CURVE('',#4075,#4462,#2485,.T.);
#5685=EDGE_CURVE('',#4074,#4463,#2486,.T.);
#5686=EDGE_CURVE('',#4077,#4464,#2487,.T.);
#5687=EDGE_CURVE('',#4076,#4465,#2488,.T.);
#5688=EDGE_CURVE('',#4079,#4466,#2489,.T.);
#5689=EDGE_CURVE('',#4078,#4467,#2490,.T.);
#5690=EDGE_CURVE('',#4081,#4468,#2491,.T.);
#5691=EDGE_CURVE('',#4080,#4469,#2492,.T.);
#5692=EDGE_CURVE('',#4083,#4470,#2493,.T.);
#5693=EDGE_CURVE('',#4082,#4471,#2494,.T.);
#5694=EDGE_CURVE('',#4085,#4472,#2495,.T.);
#5695=EDGE_CURVE('',#4084,#4473,#2496,.T.);
#5696=EDGE_CURVE('',#4087,#4474,#2497,.T.);
#5697=EDGE_CURVE('',#4086,#4475,#2498,.T.);
#5698=EDGE_CURVE('',#4089,#4476,#2499,.T.);
#5699=EDGE_CURVE('',#4088,#4477,#2500,.T.);
#5700=EDGE_CURVE('',#4091,#4743,#2501,.T.);
#5701=EDGE_CURVE('',#4744,#4090,#2502,.T.);
#5702=EDGE_CURVE('',#4093,#4362,#2503,.T.);
#5703=EDGE_CURVE('',#4092,#4363,#2504,.T.);
#5704=EDGE_CURVE('',#4095,#4478,#2505,.T.);
#5705=EDGE_CURVE('',#4094,#4479,#2506,.T.);
#5706=EDGE_CURVE('',#4097,#4480,#2507,.T.);
#5707=EDGE_CURVE('',#4096,#4481,#2508,.T.);
#5708=EDGE_CURVE('',#4099,#4482,#2509,.T.);
#5709=EDGE_CURVE('',#4098,#4483,#2510,.T.);
#5710=EDGE_CURVE('',#4101,#4484,#2511,.T.);
#5711=EDGE_CURVE('',#4100,#4485,#2512,.T.);
#5712=EDGE_CURVE('',#4103,#4486,#2513,.T.);
#5713=EDGE_CURVE('',#4102,#4487,#2514,.T.);
#5714=EDGE_CURVE('',#4105,#4488,#2515,.T.);
#5715=EDGE_CURVE('',#4104,#4489,#2516,.T.);
#5716=EDGE_CURVE('',#4107,#4490,#2517,.T.);
#5717=EDGE_CURVE('',#4106,#4491,#2518,.T.);
#5718=EDGE_CURVE('',#4109,#4492,#2519,.T.);
#5719=EDGE_CURVE('',#4108,#4493,#2520,.T.);
#5720=EDGE_CURVE('',#4111,#4494,#2521,.T.);
#5721=EDGE_CURVE('',#4110,#4495,#2522,.T.);
#5722=EDGE_CURVE('',#4113,#4496,#2523,.T.);
#5723=EDGE_CURVE('',#4112,#4497,#2524,.T.);
#5724=EDGE_CURVE('',#4115,#4498,#2525,.T.);
#5725=EDGE_CURVE('',#4114,#4499,#2526,.T.);
#5726=EDGE_CURVE('',#4117,#4500,#2527,.T.);
#5727=EDGE_CURVE('',#4116,#4501,#2528,.T.);
#5728=EDGE_CURVE('',#4119,#4502,#2529,.T.);
#5729=EDGE_CURVE('',#4118,#4503,#2530,.T.);
#5730=EDGE_CURVE('',#4121,#4504,#2531,.T.);
#5731=EDGE_CURVE('',#4120,#4505,#2532,.T.);
#5732=EDGE_CURVE('',#4123,#4506,#2533,.T.);
#5733=EDGE_CURVE('',#4122,#4507,#2534,.T.);
#5734=EDGE_CURVE('',#4125,#4508,#2535,.T.);
#5735=EDGE_CURVE('',#4124,#4509,#2536,.T.);
#5736=EDGE_CURVE('',#4127,#4510,#2537,.T.);
#5737=EDGE_CURVE('',#4126,#4511,#2538,.T.);
#5738=EDGE_CURVE('',#4129,#4512,#2539,.T.);
#5739=EDGE_CURVE('',#4128,#4513,#2540,.T.);
#5740=EDGE_CURVE('',#4131,#4514,#2541,.T.);
#5741=EDGE_CURVE('',#4130,#4515,#2542,.T.);
#5742=EDGE_CURVE('',#4133,#4516,#2543,.T.);
#5743=EDGE_CURVE('',#4132,#4517,#2544,.T.);
#5744=EDGE_CURVE('',#4135,#4518,#2545,.T.);
#5745=EDGE_CURVE('',#4134,#4519,#2546,.T.);
#5746=EDGE_CURVE('',#4137,#4520,#2547,.T.);
#5747=EDGE_CURVE('',#4136,#4521,#2548,.T.);
#5748=EDGE_CURVE('',#4139,#4522,#2549,.T.);
#5749=EDGE_CURVE('',#4138,#4523,#2550,.T.);
#5750=EDGE_CURVE('',#4141,#4524,#2551,.T.);
#5751=EDGE_CURVE('',#4140,#4525,#2552,.T.);
#5752=EDGE_CURVE('',#4143,#4741,#2553,.T.);
#5753=EDGE_CURVE('',#4742,#4142,#2554,.T.);
#5754=EDGE_CURVE('',#4145,#4366,#2555,.T.);
#5755=EDGE_CURVE('',#4144,#4367,#2556,.T.);
#5756=EDGE_CURVE('',#4147,#4526,#2557,.T.);
#5757=EDGE_CURVE('',#4146,#4527,#2558,.T.);
#5758=EDGE_CURVE('',#4149,#4528,#2559,.T.);
#5759=EDGE_CURVE('',#4148,#4529,#2560,.T.);
#5760=EDGE_CURVE('',#4151,#4530,#2561,.T.);
#5761=EDGE_CURVE('',#4150,#4531,#2562,.T.);
#5762=EDGE_CURVE('',#4153,#4532,#2563,.T.);
#5763=EDGE_CURVE('',#4152,#4533,#2564,.T.);
#5764=EDGE_CURVE('',#4155,#4534,#2565,.T.);
#5765=EDGE_CURVE('',#4154,#4535,#2566,.T.);
#5766=EDGE_CURVE('',#4157,#4536,#2567,.T.);
#5767=EDGE_CURVE('',#4156,#4537,#2568,.T.);
#5768=EDGE_CURVE('',#4159,#4538,#2569,.T.);
#5769=EDGE_CURVE('',#4158,#4539,#2570,.T.);
#5770=EDGE_CURVE('',#4161,#4540,#2571,.T.);
#5771=EDGE_CURVE('',#4160,#4541,#2572,.T.);
#5772=EDGE_CURVE('',#4163,#4542,#2573,.T.);
#5773=EDGE_CURVE('',#4162,#4543,#2574,.T.);
#5774=EDGE_CURVE('',#4165,#4544,#2575,.T.);
#5775=EDGE_CURVE('',#4164,#4545,#2576,.T.);
#5776=EDGE_CURVE('',#4167,#4546,#2577,.T.);
#5777=EDGE_CURVE('',#4166,#4547,#2578,.T.);
#5778=EDGE_CURVE('',#4169,#4548,#2579,.T.);
#5779=EDGE_CURVE('',#4168,#4549,#2580,.T.);
#5780=EDGE_CURVE('',#4171,#4550,#2581,.T.);
#5781=EDGE_CURVE('',#4170,#4551,#2582,.T.);
#5782=EDGE_CURVE('',#4173,#4552,#2583,.T.);
#5783=EDGE_CURVE('',#4172,#4553,#2584,.T.);
#5784=EDGE_CURVE('',#4175,#4554,#2585,.T.);
#5785=EDGE_CURVE('',#4174,#4555,#2586,.T.);
#5786=EDGE_CURVE('',#4177,#4556,#2587,.T.);
#5787=EDGE_CURVE('',#4176,#4557,#2588,.T.);
#5788=EDGE_CURVE('',#4179,#4558,#2589,.T.);
#5789=EDGE_CURVE('',#4178,#4559,#2590,.T.);
#5790=EDGE_CURVE('',#4181,#4560,#2591,.T.);
#5791=EDGE_CURVE('',#4180,#4561,#2592,.T.);
#5792=EDGE_CURVE('',#4183,#4562,#2593,.T.);
#5793=EDGE_CURVE('',#4182,#4563,#2594,.T.);
#5794=EDGE_CURVE('',#4185,#4564,#2595,.T.);
#5795=EDGE_CURVE('',#4184,#4565,#2596,.T.);
#5796=EDGE_CURVE('',#4187,#4566,#2597,.T.);
#5797=EDGE_CURVE('',#4186,#4567,#2598,.T.);
#5798=EDGE_CURVE('',#4189,#4568,#2599,.T.);
#5799=EDGE_CURVE('',#4188,#4569,#2600,.T.);
#5800=EDGE_CURVE('',#4191,#4739,#2601,.T.);
#5801=EDGE_CURVE('',#4740,#4190,#2602,.T.);
#5802=EDGE_CURVE('',#4193,#4370,#2603,.T.);
#5803=EDGE_CURVE('',#4192,#4371,#2604,.T.);
#5804=EDGE_CURVE('',#4195,#4570,#2605,.T.);
#5805=EDGE_CURVE('',#4194,#4571,#2606,.T.);
#5806=EDGE_CURVE('',#4197,#4572,#2607,.T.);
#5807=EDGE_CURVE('',#4196,#4573,#2608,.T.);
#5808=EDGE_CURVE('',#4199,#4574,#2609,.T.);
#5809=EDGE_CURVE('',#4198,#4575,#2610,.T.);
#5810=EDGE_CURVE('',#4201,#4576,#2611,.T.);
#5811=EDGE_CURVE('',#4200,#4577,#2612,.T.);
#5812=EDGE_CURVE('',#4203,#4578,#2613,.T.);
#5813=EDGE_CURVE('',#4202,#4579,#2614,.T.);
#5814=EDGE_CURVE('',#4205,#4580,#2615,.T.);
#5815=EDGE_CURVE('',#4204,#4581,#2616,.T.);
#5816=EDGE_CURVE('',#4207,#4582,#2617,.T.);
#5817=EDGE_CURVE('',#4206,#4583,#2618,.T.);
#5818=EDGE_CURVE('',#4209,#4584,#2619,.T.);
#5819=EDGE_CURVE('',#4208,#4585,#2620,.T.);
#5820=EDGE_CURVE('',#4211,#4586,#2621,.T.);
#5821=EDGE_CURVE('',#4210,#4587,#2622,.T.);
#5822=EDGE_CURVE('',#4213,#4588,#2623,.T.);
#5823=EDGE_CURVE('',#4212,#4589,#2624,.T.);
#5824=EDGE_CURVE('',#4215,#4590,#2625,.T.);
#5825=EDGE_CURVE('',#4214,#4591,#2626,.T.);
#5826=EDGE_CURVE('',#4217,#4592,#2627,.T.);
#5827=EDGE_CURVE('',#4216,#4593,#2628,.T.);
#5828=EDGE_CURVE('',#4219,#4594,#2629,.T.);
#5829=EDGE_CURVE('',#4218,#4595,#2630,.T.);
#5830=EDGE_CURVE('',#4221,#4596,#2631,.T.);
#5831=EDGE_CURVE('',#4220,#4597,#2632,.T.);
#5832=EDGE_CURVE('',#4223,#4598,#2633,.T.);
#5833=EDGE_CURVE('',#4222,#4599,#2634,.T.);
#5834=EDGE_CURVE('',#4225,#4600,#2635,.T.);
#5835=EDGE_CURVE('',#4224,#4601,#2636,.T.);
#5836=EDGE_CURVE('',#4227,#4602,#2637,.T.);
#5837=EDGE_CURVE('',#4226,#4603,#2638,.T.);
#5838=EDGE_CURVE('',#4229,#4604,#2639,.T.);
#5839=EDGE_CURVE('',#4228,#4605,#2640,.T.);
#5840=EDGE_CURVE('',#4231,#4606,#2641,.T.);
#5841=EDGE_CURVE('',#4230,#4607,#2642,.T.);
#5842=EDGE_CURVE('',#4233,#4608,#2643,.T.);
#5843=EDGE_CURVE('',#4232,#4609,#2644,.T.);
#5844=EDGE_CURVE('',#4235,#4610,#2645,.T.);
#5845=EDGE_CURVE('',#4234,#4611,#2646,.T.);
#5846=EDGE_CURVE('',#4237,#4612,#2647,.T.);
#5847=EDGE_CURVE('',#4236,#4613,#2648,.T.);
#5848=EDGE_CURVE('',#4239,#4614,#2649,.T.);
#5849=EDGE_CURVE('',#4238,#4615,#2650,.T.);
#5850=EDGE_CURVE('',#4241,#4616,#2651,.T.);
#5851=EDGE_CURVE('',#4240,#4617,#2652,.T.);
#5852=EDGE_CURVE('',#4243,#4737,#2653,.T.);
#5853=EDGE_CURVE('',#4738,#4242,#2654,.T.);
#5854=EDGE_CURVE('',#4245,#4374,#2655,.T.);
#5855=EDGE_CURVE('',#4244,#4375,#2656,.T.);
#5856=EDGE_CURVE('',#4247,#4618,#2657,.T.);
#5857=EDGE_CURVE('',#4246,#4619,#2658,.T.);
#5858=EDGE_CURVE('',#4249,#4620,#2659,.T.);
#5859=EDGE_CURVE('',#4248,#4621,#2660,.T.);
#5860=EDGE_CURVE('',#4251,#4622,#2661,.T.);
#5861=EDGE_CURVE('',#4250,#4623,#2662,.T.);
#5862=EDGE_CURVE('',#4253,#4624,#2663,.T.);
#5863=EDGE_CURVE('',#4252,#4625,#2664,.T.);
#5864=EDGE_CURVE('',#4255,#4626,#2665,.T.);
#5865=EDGE_CURVE('',#4254,#4627,#2666,.T.);
#5866=EDGE_CURVE('',#4257,#4628,#2667,.T.);
#5867=EDGE_CURVE('',#4256,#4629,#2668,.T.);
#5868=EDGE_CURVE('',#4259,#4630,#2669,.T.);
#5869=EDGE_CURVE('',#4258,#4631,#2670,.T.);
#5870=EDGE_CURVE('',#4261,#4632,#2671,.T.);
#5871=EDGE_CURVE('',#4260,#4633,#2672,.T.);
#5872=EDGE_CURVE('',#4263,#4634,#2673,.T.);
#5873=EDGE_CURVE('',#4262,#4635,#2674,.T.);
#5874=EDGE_CURVE('',#4265,#4636,#2675,.T.);
#5875=EDGE_CURVE('',#4264,#4637,#2676,.T.);
#5876=EDGE_CURVE('',#4267,#4638,#2677,.T.);
#5877=EDGE_CURVE('',#4266,#4639,#2678,.T.);
#5878=EDGE_CURVE('',#4269,#4640,#2679,.T.);
#5879=EDGE_CURVE('',#4268,#4641,#2680,.T.);
#5880=EDGE_CURVE('',#4271,#4642,#2681,.T.);
#5881=EDGE_CURVE('',#4270,#4643,#2682,.T.);
#5882=EDGE_CURVE('',#4273,#4644,#2683,.T.);
#5883=EDGE_CURVE('',#4272,#4645,#2684,.T.);
#5884=EDGE_CURVE('',#4275,#4646,#2685,.T.);
#5885=EDGE_CURVE('',#4274,#4647,#2686,.T.);
#5886=EDGE_CURVE('',#4277,#4648,#2687,.T.);
#5887=EDGE_CURVE('',#4276,#4649,#2688,.T.);
#5888=EDGE_CURVE('',#4279,#4650,#2689,.T.);
#5889=EDGE_CURVE('',#4278,#4651,#2690,.T.);
#5890=EDGE_CURVE('',#4281,#4652,#2691,.T.);
#5891=EDGE_CURVE('',#4280,#4653,#2692,.T.);
#5892=EDGE_CURVE('',#4283,#4654,#2693,.T.);
#5893=EDGE_CURVE('',#4282,#4655,#2694,.T.);
#5894=EDGE_CURVE('',#4285,#4656,#2695,.T.);
#5895=EDGE_CURVE('',#4284,#4657,#2696,.T.);
#5896=EDGE_CURVE('',#4287,#4658,#2697,.T.);
#5897=EDGE_CURVE('',#4286,#4659,#2698,.T.);
#5898=EDGE_CURVE('',#4289,#4660,#2699,.T.);
#5899=EDGE_CURVE('',#4288,#4661,#2700,.T.);
#5900=EDGE_CURVE('',#4291,#4662,#2701,.T.);
#5901=EDGE_CURVE('',#4290,#4663,#2702,.T.);
#5902=EDGE_CURVE('',#4293,#4664,#2703,.T.);
#5903=EDGE_CURVE('',#4292,#4665,#2704,.T.);
#5904=EDGE_CURVE('',#4295,#4735,#2705,.T.);
#5905=EDGE_CURVE('',#4736,#4294,#2706,.T.);
#5906=EDGE_CURVE('',#4297,#4378,#2707,.T.);
#5907=EDGE_CURVE('',#4296,#4379,#2708,.T.);
#5908=EDGE_CURVE('',#4299,#4666,#2709,.T.);
#5909=EDGE_CURVE('',#4298,#4667,#2710,.T.);
#5910=EDGE_CURVE('',#4301,#4668,#2711,.T.);
#5911=EDGE_CURVE('',#4300,#4669,#2712,.T.);
#5912=EDGE_CURVE('',#4303,#4670,#2713,.T.);
#5913=EDGE_CURVE('',#4302,#4671,#2714,.T.);
#5914=EDGE_CURVE('',#4305,#4672,#2715,.T.);
#5915=EDGE_CURVE('',#4304,#4673,#2716,.T.);
#5916=EDGE_CURVE('',#4307,#4674,#2717,.T.);
#5917=EDGE_CURVE('',#4306,#4675,#2718,.T.);
#5918=EDGE_CURVE('',#4309,#4676,#2719,.T.);
#5919=EDGE_CURVE('',#4308,#4677,#2720,.T.);
#5920=EDGE_CURVE('',#4311,#4678,#2721,.T.);
#5921=EDGE_CURVE('',#4310,#4679,#2722,.T.);
#5922=EDGE_CURVE('',#4313,#4680,#2723,.T.);
#5923=EDGE_CURVE('',#4312,#4681,#2724,.T.);
#5924=EDGE_CURVE('',#4315,#4682,#2725,.T.);
#5925=EDGE_CURVE('',#4314,#4683,#2726,.T.);
#5926=EDGE_CURVE('',#4317,#4684,#2727,.T.);
#5927=EDGE_CURVE('',#4316,#4685,#2728,.T.);
#5928=EDGE_CURVE('',#4319,#4686,#2729,.T.);
#5929=EDGE_CURVE('',#4318,#4687,#2730,.T.);
#5930=EDGE_CURVE('',#4321,#4688,#2731,.T.);
#5931=EDGE_CURVE('',#4320,#4689,#2732,.T.);
#5932=EDGE_CURVE('',#4323,#4690,#2733,.T.);
#5933=EDGE_CURVE('',#4322,#4691,#2734,.T.);
#5934=EDGE_CURVE('',#4325,#4692,#2735,.T.);
#5935=EDGE_CURVE('',#4324,#4693,#2736,.T.);
#5936=EDGE_CURVE('',#4327,#4694,#2737,.T.);
#5937=EDGE_CURVE('',#4326,#4695,#2738,.T.);
#5938=EDGE_CURVE('',#4329,#4696,#2739,.T.);
#5939=EDGE_CURVE('',#4328,#4697,#2740,.T.);
#5940=EDGE_CURVE('',#4331,#4698,#2741,.T.);
#5941=EDGE_CURVE('',#4330,#4699,#2742,.T.);
#5942=EDGE_CURVE('',#4333,#4700,#2743,.T.);
#5943=EDGE_CURVE('',#4332,#4701,#2744,.T.);
#5944=EDGE_CURVE('',#4335,#4702,#2745,.T.);
#5945=EDGE_CURVE('',#4334,#4703,#2746,.T.);
#5946=EDGE_CURVE('',#4337,#4704,#2747,.T.);
#5947=EDGE_CURVE('',#4336,#4705,#2748,.T.);
#5948=EDGE_CURVE('',#4339,#4706,#2749,.T.);
#5949=EDGE_CURVE('',#4338,#4707,#2750,.T.);
#5950=EDGE_CURVE('',#4341,#4708,#2751,.T.);
#5951=EDGE_CURVE('',#4340,#4709,#2752,.T.);
#5952=EDGE_CURVE('',#4343,#4710,#2753,.T.);
#5953=EDGE_CURVE('',#4342,#4711,#2754,.T.);
#5954=EDGE_CURVE('',#4345,#4712,#2755,.T.);
#5955=EDGE_CURVE('',#4344,#4713,#2756,.T.);
#5956=EDGE_CURVE('',#4347,#4714,#2757,.T.);
#5957=EDGE_CURVE('',#4346,#4715,#2758,.T.);
#5958=EDGE_CURVE('',#4349,#4716,#2759,.T.);
#5959=EDGE_CURVE('',#4348,#4717,#2760,.T.);
#5960=EDGE_CURVE('',#4751,#4721,#2761,.T.);
#5961=EDGE_CURVE('',#4750,#4753,#2762,.T.);
#5962=EDGE_CURVE('',#4749,#4754,#2763,.T.);
#5963=ORIENTED_EDGE('',*,*,#4757,.T.);
#5964=ORIENTED_EDGE('',*,*,#4758,.T.);
#5965=ORIENTED_EDGE('',*,*,#4759,.T.);
#5966=ORIENTED_EDGE('',*,*,#4760,.T.);
#5967=ORIENTED_EDGE('',*,*,#4761,.T.);
#5968=ORIENTED_EDGE('',*,*,#4762,.T.);
#5969=ORIENTED_EDGE('',*,*,#4761,.F.);
#5970=ORIENTED_EDGE('',*,*,#4763,.T.);
#5971=ORIENTED_EDGE('',*,*,#4764,.F.);
#5972=ORIENTED_EDGE('',*,*,#4765,.T.);
#5973=ORIENTED_EDGE('',*,*,#4766,.T.);
#5974=ORIENTED_EDGE('',*,*,#4767,.T.);
#5975=ORIENTED_EDGE('',*,*,#4760,.F.);
#5976=ORIENTED_EDGE('',*,*,#4768,.F.);
#5977=ORIENTED_EDGE('',*,*,#4769,.F.);
#5978=ORIENTED_EDGE('',*,*,#4763,.F.);
#5979=ORIENTED_EDGE('',*,*,#4759,.F.);
#5980=ORIENTED_EDGE('',*,*,#4770,.T.);
#5981=ORIENTED_EDGE('',*,*,#4771,.T.);
#5982=ORIENTED_EDGE('',*,*,#4772,.T.);
#5983=ORIENTED_EDGE('',*,*,#4773,.F.);
#5984=ORIENTED_EDGE('',*,*,#4768,.T.);
#5985=ORIENTED_EDGE('',*,*,#4774,.T.);
#5986=ORIENTED_EDGE('',*,*,#4775,.T.);
#5987=ORIENTED_EDGE('',*,*,#4764,.T.);
#5988=ORIENTED_EDGE('',*,*,#4769,.T.);
#5989=ORIENTED_EDGE('',*,*,#4773,.T.);
#5990=ORIENTED_EDGE('',*,*,#4776,.T.);
#5991=ORIENTED_EDGE('',*,*,#4776,.F.);
#5992=ORIENTED_EDGE('',*,*,#4772,.F.);
#5993=ORIENTED_EDGE('',*,*,#4777,.T.);
#5994=ORIENTED_EDGE('',*,*,#4778,.F.);
#5995=ORIENTED_EDGE('',*,*,#4771,.F.);
#5996=ORIENTED_EDGE('',*,*,#4779,.T.);
#5997=ORIENTED_EDGE('',*,*,#4780,.T.);
#5998=ORIENTED_EDGE('',*,*,#4781,.T.);
#5999=ORIENTED_EDGE('',*,*,#4782,.F.);
#6000=ORIENTED_EDGE('',*,*,#4783,.T.);
#6001=ORIENTED_EDGE('',*,*,#4784,.F.);
#6002=ORIENTED_EDGE('',*,*,#4785,.F.);
#6003=ORIENTED_EDGE('',*,*,#4786,.T.);
#6004=ORIENTED_EDGE('',*,*,#4787,.T.);
#6005=ORIENTED_EDGE('',*,*,#4788,.T.);
#6006=ORIENTED_EDGE('',*,*,#4789,.F.);
#6007=ORIENTED_EDGE('',*,*,#4790,.T.);
#6008=ORIENTED_EDGE('',*,*,#4791,.F.);
#6009=ORIENTED_EDGE('',*,*,#4777,.F.);
#6010=ORIENTED_EDGE('',*,*,#4792,.T.);
#6011=ORIENTED_EDGE('',*,*,#4793,.T.);
#6012=ORIENTED_EDGE('',*,*,#4794,.T.);
#6013=ORIENTED_EDGE('',*,*,#4795,.T.);
#6014=ORIENTED_EDGE('',*,*,#4796,.T.);
#6015=ORIENTED_EDGE('',*,*,#4797,.T.);
#6016=ORIENTED_EDGE('',*,*,#4798,.T.);
#6017=ORIENTED_EDGE('',*,*,#4799,.T.);
#6018=ORIENTED_EDGE('',*,*,#4800,.T.);
#6019=ORIENTED_EDGE('',*,*,#4801,.T.);
#6020=ORIENTED_EDGE('',*,*,#4802,.T.);
#6021=ORIENTED_EDGE('',*,*,#4803,.T.);
#6022=ORIENTED_EDGE('',*,*,#4804,.T.);
#6023=ORIENTED_EDGE('',*,*,#4805,.T.);
#6024=ORIENTED_EDGE('',*,*,#4806,.T.);
#6025=ORIENTED_EDGE('',*,*,#4807,.T.);
#6026=ORIENTED_EDGE('',*,*,#4808,.T.);
#6027=ORIENTED_EDGE('',*,*,#4809,.T.);
#6028=ORIENTED_EDGE('',*,*,#4810,.T.);
#6029=ORIENTED_EDGE('',*,*,#4811,.T.);
#6030=ORIENTED_EDGE('',*,*,#4812,.T.);
#6031=ORIENTED_EDGE('',*,*,#4813,.T.);
#6032=ORIENTED_EDGE('',*,*,#4814,.T.);
#6033=ORIENTED_EDGE('',*,*,#4815,.T.);
#6034=ORIENTED_EDGE('',*,*,#4816,.T.);
#6035=ORIENTED_EDGE('',*,*,#4817,.T.);
#6036=ORIENTED_EDGE('',*,*,#4818,.T.);
#6037=ORIENTED_EDGE('',*,*,#4819,.T.);
#6038=ORIENTED_EDGE('',*,*,#4820,.T.);
#6039=ORIENTED_EDGE('',*,*,#4821,.T.);
#6040=ORIENTED_EDGE('',*,*,#4822,.T.);
#6041=ORIENTED_EDGE('',*,*,#4823,.T.);
#6042=ORIENTED_EDGE('',*,*,#4824,.T.);
#6043=ORIENTED_EDGE('',*,*,#4825,.T.);
#6044=ORIENTED_EDGE('',*,*,#4826,.T.);
#6045=ORIENTED_EDGE('',*,*,#4827,.T.);
#6046=ORIENTED_EDGE('',*,*,#4828,.T.);
#6047=ORIENTED_EDGE('',*,*,#4829,.T.);
#6048=ORIENTED_EDGE('',*,*,#4830,.T.);
#6049=ORIENTED_EDGE('',*,*,#4831,.T.);
#6050=ORIENTED_EDGE('',*,*,#4832,.T.);
#6051=ORIENTED_EDGE('',*,*,#4833,.T.);
#6052=ORIENTED_EDGE('',*,*,#4834,.T.);
#6053=ORIENTED_EDGE('',*,*,#4835,.T.);
#6054=ORIENTED_EDGE('',*,*,#4836,.T.);
#6055=ORIENTED_EDGE('',*,*,#4837,.T.);
#6056=ORIENTED_EDGE('',*,*,#4838,.T.);
#6057=ORIENTED_EDGE('',*,*,#4839,.T.);
#6058=ORIENTED_EDGE('',*,*,#4840,.T.);
#6059=ORIENTED_EDGE('',*,*,#4841,.T.);
#6060=ORIENTED_EDGE('',*,*,#4842,.T.);
#6061=ORIENTED_EDGE('',*,*,#4843,.T.);
#6062=ORIENTED_EDGE('',*,*,#4844,.T.);
#6063=ORIENTED_EDGE('',*,*,#4845,.T.);
#6064=ORIENTED_EDGE('',*,*,#4846,.T.);
#6065=ORIENTED_EDGE('',*,*,#4847,.T.);
#6066=ORIENTED_EDGE('',*,*,#4848,.T.);
#6067=ORIENTED_EDGE('',*,*,#4849,.T.);
#6068=ORIENTED_EDGE('',*,*,#4850,.T.);
#6069=ORIENTED_EDGE('',*,*,#4851,.T.);
#6070=ORIENTED_EDGE('',*,*,#4852,.T.);
#6071=ORIENTED_EDGE('',*,*,#4853,.T.);
#6072=ORIENTED_EDGE('',*,*,#4854,.T.);
#6073=ORIENTED_EDGE('',*,*,#4855,.T.);
#6074=ORIENTED_EDGE('',*,*,#4856,.T.);
#6075=ORIENTED_EDGE('',*,*,#4857,.T.);
#6076=ORIENTED_EDGE('',*,*,#4858,.T.);
#6077=ORIENTED_EDGE('',*,*,#4859,.T.);
#6078=ORIENTED_EDGE('',*,*,#4860,.T.);
#6079=ORIENTED_EDGE('',*,*,#4861,.T.);
#6080=ORIENTED_EDGE('',*,*,#4862,.T.);
#6081=ORIENTED_EDGE('',*,*,#4863,.T.);
#6082=ORIENTED_EDGE('',*,*,#4864,.T.);
#6083=ORIENTED_EDGE('',*,*,#4865,.T.);
#6084=ORIENTED_EDGE('',*,*,#4866,.T.);
#6085=ORIENTED_EDGE('',*,*,#4867,.T.);
#6086=ORIENTED_EDGE('',*,*,#4868,.T.);
#6087=ORIENTED_EDGE('',*,*,#4869,.T.);
#6088=ORIENTED_EDGE('',*,*,#4870,.T.);
#6089=ORIENTED_EDGE('',*,*,#4871,.T.);
#6090=ORIENTED_EDGE('',*,*,#4872,.T.);
#6091=ORIENTED_EDGE('',*,*,#4873,.T.);
#6092=ORIENTED_EDGE('',*,*,#4874,.T.);
#6093=ORIENTED_EDGE('',*,*,#4875,.T.);
#6094=ORIENTED_EDGE('',*,*,#4876,.T.);
#6095=ORIENTED_EDGE('',*,*,#4877,.T.);
#6096=ORIENTED_EDGE('',*,*,#4878,.T.);
#6097=ORIENTED_EDGE('',*,*,#4879,.T.);
#6098=ORIENTED_EDGE('',*,*,#4880,.T.);
#6099=ORIENTED_EDGE('',*,*,#4881,.T.);
#6100=ORIENTED_EDGE('',*,*,#4882,.T.);
#6101=ORIENTED_EDGE('',*,*,#4883,.T.);
#6102=ORIENTED_EDGE('',*,*,#4884,.T.);
#6103=ORIENTED_EDGE('',*,*,#4885,.T.);
#6104=ORIENTED_EDGE('',*,*,#4886,.T.);
#6105=ORIENTED_EDGE('',*,*,#4887,.T.);
#6106=ORIENTED_EDGE('',*,*,#4888,.T.);
#6107=ORIENTED_EDGE('',*,*,#4889,.T.);
#6108=ORIENTED_EDGE('',*,*,#4890,.T.);
#6109=ORIENTED_EDGE('',*,*,#4891,.T.);
#6110=ORIENTED_EDGE('',*,*,#4892,.T.);
#6111=ORIENTED_EDGE('',*,*,#4893,.T.);
#6112=ORIENTED_EDGE('',*,*,#4894,.T.);
#6113=ORIENTED_EDGE('',*,*,#4895,.T.);
#6114=ORIENTED_EDGE('',*,*,#4896,.T.);
#6115=ORIENTED_EDGE('',*,*,#4897,.T.);
#6116=ORIENTED_EDGE('',*,*,#4898,.T.);
#6117=ORIENTED_EDGE('',*,*,#4899,.T.);
#6118=ORIENTED_EDGE('',*,*,#4900,.T.);
#6119=ORIENTED_EDGE('',*,*,#4901,.T.);
#6120=ORIENTED_EDGE('',*,*,#4902,.T.);
#6121=ORIENTED_EDGE('',*,*,#4903,.T.);
#6122=ORIENTED_EDGE('',*,*,#4904,.T.);
#6123=ORIENTED_EDGE('',*,*,#4905,.T.);
#6124=ORIENTED_EDGE('',*,*,#4906,.T.);
#6125=ORIENTED_EDGE('',*,*,#4907,.T.);
#6126=ORIENTED_EDGE('',*,*,#4908,.T.);
#6127=ORIENTED_EDGE('',*,*,#4909,.T.);
#6128=ORIENTED_EDGE('',*,*,#4910,.T.);
#6129=ORIENTED_EDGE('',*,*,#4911,.T.);
#6130=ORIENTED_EDGE('',*,*,#4912,.T.);
#6131=ORIENTED_EDGE('',*,*,#4913,.T.);
#6132=ORIENTED_EDGE('',*,*,#4914,.T.);
#6133=ORIENTED_EDGE('',*,*,#4915,.T.);
#6134=ORIENTED_EDGE('',*,*,#4916,.T.);
#6135=ORIENTED_EDGE('',*,*,#4917,.T.);
#6136=ORIENTED_EDGE('',*,*,#4918,.T.);
#6137=ORIENTED_EDGE('',*,*,#4919,.T.);
#6138=ORIENTED_EDGE('',*,*,#4920,.T.);
#6139=ORIENTED_EDGE('',*,*,#4921,.T.);
#6140=ORIENTED_EDGE('',*,*,#4922,.T.);
#6141=ORIENTED_EDGE('',*,*,#4923,.T.);
#6142=ORIENTED_EDGE('',*,*,#4924,.T.);
#6143=ORIENTED_EDGE('',*,*,#4925,.T.);
#6144=ORIENTED_EDGE('',*,*,#4926,.T.);
#6145=ORIENTED_EDGE('',*,*,#4927,.T.);
#6146=ORIENTED_EDGE('',*,*,#4928,.T.);
#6147=ORIENTED_EDGE('',*,*,#4929,.T.);
#6148=ORIENTED_EDGE('',*,*,#4930,.T.);
#6149=ORIENTED_EDGE('',*,*,#4931,.T.);
#6150=ORIENTED_EDGE('',*,*,#4932,.T.);
#6151=ORIENTED_EDGE('',*,*,#4933,.T.);
#6152=ORIENTED_EDGE('',*,*,#4934,.T.);
#6153=ORIENTED_EDGE('',*,*,#4935,.T.);
#6154=ORIENTED_EDGE('',*,*,#4936,.T.);
#6155=ORIENTED_EDGE('',*,*,#4937,.T.);
#6156=ORIENTED_EDGE('',*,*,#4938,.T.);
#6157=ORIENTED_EDGE('',*,*,#4939,.T.);
#6158=ORIENTED_EDGE('',*,*,#4940,.T.);
#6159=ORIENTED_EDGE('',*,*,#4941,.T.);
#6160=ORIENTED_EDGE('',*,*,#4942,.T.);
#6161=ORIENTED_EDGE('',*,*,#4943,.T.);
#6162=ORIENTED_EDGE('',*,*,#4944,.T.);
#6163=ORIENTED_EDGE('',*,*,#4945,.T.);
#6164=ORIENTED_EDGE('',*,*,#4946,.T.);
#6165=ORIENTED_EDGE('',*,*,#4947,.T.);
#6166=ORIENTED_EDGE('',*,*,#4948,.T.);
#6167=ORIENTED_EDGE('',*,*,#4949,.T.);
#6168=ORIENTED_EDGE('',*,*,#4950,.T.);
#6169=ORIENTED_EDGE('',*,*,#4951,.T.);
#6170=ORIENTED_EDGE('',*,*,#4952,.T.);
#6171=ORIENTED_EDGE('',*,*,#4953,.T.);
#6172=ORIENTED_EDGE('',*,*,#4954,.T.);
#6173=ORIENTED_EDGE('',*,*,#4955,.T.);
#6174=ORIENTED_EDGE('',*,*,#4956,.T.);
#6175=ORIENTED_EDGE('',*,*,#4957,.T.);
#6176=ORIENTED_EDGE('',*,*,#4958,.T.);
#6177=ORIENTED_EDGE('',*,*,#4959,.T.);
#6178=ORIENTED_EDGE('',*,*,#4960,.T.);
#6179=ORIENTED_EDGE('',*,*,#4961,.T.);
#6180=ORIENTED_EDGE('',*,*,#4962,.T.);
#6181=ORIENTED_EDGE('',*,*,#4963,.T.);
#6182=ORIENTED_EDGE('',*,*,#4964,.T.);
#6183=ORIENTED_EDGE('',*,*,#4965,.T.);
#6184=ORIENTED_EDGE('',*,*,#4966,.T.);
#6185=ORIENTED_EDGE('',*,*,#4967,.T.);
#6186=ORIENTED_EDGE('',*,*,#4968,.T.);
#6187=ORIENTED_EDGE('',*,*,#4969,.T.);
#6188=ORIENTED_EDGE('',*,*,#4970,.T.);
#6189=ORIENTED_EDGE('',*,*,#4971,.T.);
#6190=ORIENTED_EDGE('',*,*,#4972,.T.);
#6191=ORIENTED_EDGE('',*,*,#4973,.T.);
#6192=ORIENTED_EDGE('',*,*,#4974,.T.);
#6193=ORIENTED_EDGE('',*,*,#4975,.T.);
#6194=ORIENTED_EDGE('',*,*,#4976,.T.);
#6195=ORIENTED_EDGE('',*,*,#4977,.T.);
#6196=ORIENTED_EDGE('',*,*,#4978,.T.);
#6197=ORIENTED_EDGE('',*,*,#4979,.T.);
#6198=ORIENTED_EDGE('',*,*,#4980,.T.);
#6199=ORIENTED_EDGE('',*,*,#4981,.T.);
#6200=ORIENTED_EDGE('',*,*,#4982,.T.);
#6201=ORIENTED_EDGE('',*,*,#4983,.T.);
#6202=ORIENTED_EDGE('',*,*,#4984,.T.);
#6203=ORIENTED_EDGE('',*,*,#4985,.T.);
#6204=ORIENTED_EDGE('',*,*,#4986,.T.);
#6205=ORIENTED_EDGE('',*,*,#4987,.T.);
#6206=ORIENTED_EDGE('',*,*,#4988,.T.);
#6207=ORIENTED_EDGE('',*,*,#4989,.T.);
#6208=ORIENTED_EDGE('',*,*,#4990,.T.);
#6209=ORIENTED_EDGE('',*,*,#4991,.T.);
#6210=ORIENTED_EDGE('',*,*,#4992,.T.);
#6211=ORIENTED_EDGE('',*,*,#4993,.T.);
#6212=ORIENTED_EDGE('',*,*,#4994,.T.);
#6213=ORIENTED_EDGE('',*,*,#4995,.T.);
#6214=ORIENTED_EDGE('',*,*,#4996,.T.);
#6215=ORIENTED_EDGE('',*,*,#4997,.T.);
#6216=ORIENTED_EDGE('',*,*,#4998,.T.);
#6217=ORIENTED_EDGE('',*,*,#4999,.T.);
#6218=ORIENTED_EDGE('',*,*,#5000,.T.);
#6219=ORIENTED_EDGE('',*,*,#5001,.T.);
#6220=ORIENTED_EDGE('',*,*,#5002,.T.);
#6221=ORIENTED_EDGE('',*,*,#5003,.T.);
#6222=ORIENTED_EDGE('',*,*,#5004,.T.);
#6223=ORIENTED_EDGE('',*,*,#5005,.T.);
#6224=ORIENTED_EDGE('',*,*,#5006,.T.);
#6225=ORIENTED_EDGE('',*,*,#5007,.T.);
#6226=ORIENTED_EDGE('',*,*,#5008,.T.);
#6227=ORIENTED_EDGE('',*,*,#5009,.T.);
#6228=ORIENTED_EDGE('',*,*,#5010,.T.);
#6229=ORIENTED_EDGE('',*,*,#5011,.T.);
#6230=ORIENTED_EDGE('',*,*,#5012,.T.);
#6231=ORIENTED_EDGE('',*,*,#5013,.T.);
#6232=ORIENTED_EDGE('',*,*,#5014,.T.);
#6233=ORIENTED_EDGE('',*,*,#5015,.T.);
#6234=ORIENTED_EDGE('',*,*,#5016,.T.);
#6235=ORIENTED_EDGE('',*,*,#5017,.T.);
#6236=ORIENTED_EDGE('',*,*,#5018,.T.);
#6237=ORIENTED_EDGE('',*,*,#5019,.T.);
#6238=ORIENTED_EDGE('',*,*,#5020,.T.);
#6239=ORIENTED_EDGE('',*,*,#5021,.T.);
#6240=ORIENTED_EDGE('',*,*,#5022,.T.);
#6241=ORIENTED_EDGE('',*,*,#5023,.T.);
#6242=ORIENTED_EDGE('',*,*,#5024,.T.);
#6243=ORIENTED_EDGE('',*,*,#5025,.T.);
#6244=ORIENTED_EDGE('',*,*,#5026,.T.);
#6245=ORIENTED_EDGE('',*,*,#5027,.T.);
#6246=ORIENTED_EDGE('',*,*,#5028,.T.);
#6247=ORIENTED_EDGE('',*,*,#5029,.T.);
#6248=ORIENTED_EDGE('',*,*,#5030,.T.);
#6249=ORIENTED_EDGE('',*,*,#5031,.T.);
#6250=ORIENTED_EDGE('',*,*,#5032,.T.);
#6251=ORIENTED_EDGE('',*,*,#5033,.T.);
#6252=ORIENTED_EDGE('',*,*,#5034,.T.);
#6253=ORIENTED_EDGE('',*,*,#5035,.T.);
#6254=ORIENTED_EDGE('',*,*,#5036,.T.);
#6255=ORIENTED_EDGE('',*,*,#5037,.T.);
#6256=ORIENTED_EDGE('',*,*,#5038,.T.);
#6257=ORIENTED_EDGE('',*,*,#5039,.T.);
#6258=ORIENTED_EDGE('',*,*,#5040,.T.);
#6259=ORIENTED_EDGE('',*,*,#5041,.T.);
#6260=ORIENTED_EDGE('',*,*,#5042,.T.);
#6261=ORIENTED_EDGE('',*,*,#5043,.T.);
#6262=ORIENTED_EDGE('',*,*,#5044,.T.);
#6263=ORIENTED_EDGE('',*,*,#5045,.T.);
#6264=ORIENTED_EDGE('',*,*,#5046,.T.);
#6265=ORIENTED_EDGE('',*,*,#5047,.T.);
#6266=ORIENTED_EDGE('',*,*,#5048,.T.);
#6267=ORIENTED_EDGE('',*,*,#5049,.T.);
#6268=ORIENTED_EDGE('',*,*,#5050,.T.);
#6269=ORIENTED_EDGE('',*,*,#5051,.T.);
#6270=ORIENTED_EDGE('',*,*,#5052,.T.);
#6271=ORIENTED_EDGE('',*,*,#5053,.T.);
#6272=ORIENTED_EDGE('',*,*,#5054,.T.);
#6273=ORIENTED_EDGE('',*,*,#5055,.T.);
#6274=ORIENTED_EDGE('',*,*,#5056,.T.);
#6275=ORIENTED_EDGE('',*,*,#5057,.T.);
#6276=ORIENTED_EDGE('',*,*,#5058,.T.);
#6277=ORIENTED_EDGE('',*,*,#5059,.T.);
#6278=ORIENTED_EDGE('',*,*,#5060,.T.);
#6279=ORIENTED_EDGE('',*,*,#5061,.T.);
#6280=ORIENTED_EDGE('',*,*,#5062,.T.);
#6281=ORIENTED_EDGE('',*,*,#5063,.T.);
#6282=ORIENTED_EDGE('',*,*,#5064,.T.);
#6283=ORIENTED_EDGE('',*,*,#5065,.T.);
#6284=ORIENTED_EDGE('',*,*,#5066,.T.);
#6285=ORIENTED_EDGE('',*,*,#5067,.T.);
#6286=ORIENTED_EDGE('',*,*,#5068,.T.);
#6287=ORIENTED_EDGE('',*,*,#5069,.T.);
#6288=ORIENTED_EDGE('',*,*,#5070,.T.);
#6289=ORIENTED_EDGE('',*,*,#5071,.T.);
#6290=ORIENTED_EDGE('',*,*,#5072,.T.);
#6291=ORIENTED_EDGE('',*,*,#5073,.T.);
#6292=ORIENTED_EDGE('',*,*,#5074,.T.);
#6293=ORIENTED_EDGE('',*,*,#5075,.T.);
#6294=ORIENTED_EDGE('',*,*,#5076,.T.);
#6295=ORIENTED_EDGE('',*,*,#5077,.T.);
#6296=ORIENTED_EDGE('',*,*,#5078,.T.);
#6297=ORIENTED_EDGE('',*,*,#5079,.T.);
#6298=ORIENTED_EDGE('',*,*,#5080,.T.);
#6299=ORIENTED_EDGE('',*,*,#5081,.T.);
#6300=ORIENTED_EDGE('',*,*,#5082,.T.);
#6301=ORIENTED_EDGE('',*,*,#5083,.T.);
#6302=ORIENTED_EDGE('',*,*,#5084,.T.);
#6303=ORIENTED_EDGE('',*,*,#5085,.T.);
#6304=ORIENTED_EDGE('',*,*,#5086,.T.);
#6305=ORIENTED_EDGE('',*,*,#5087,.T.);
#6306=ORIENTED_EDGE('',*,*,#5088,.T.);
#6307=ORIENTED_EDGE('',*,*,#5089,.T.);
#6308=ORIENTED_EDGE('',*,*,#5090,.T.);
#6309=ORIENTED_EDGE('',*,*,#5091,.T.);
#6310=ORIENTED_EDGE('',*,*,#5092,.T.);
#6311=ORIENTED_EDGE('',*,*,#5093,.T.);
#6312=ORIENTED_EDGE('',*,*,#5094,.T.);
#6313=ORIENTED_EDGE('',*,*,#5095,.T.);
#6314=ORIENTED_EDGE('',*,*,#5096,.T.);
#6315=ORIENTED_EDGE('',*,*,#5097,.T.);
#6316=ORIENTED_EDGE('',*,*,#5098,.T.);
#6317=ORIENTED_EDGE('',*,*,#5099,.T.);
#6318=ORIENTED_EDGE('',*,*,#5100,.T.);
#6319=ORIENTED_EDGE('',*,*,#5101,.T.);
#6320=ORIENTED_EDGE('',*,*,#5102,.T.);
#6321=ORIENTED_EDGE('',*,*,#5103,.T.);
#6322=ORIENTED_EDGE('',*,*,#5104,.T.);
#6323=ORIENTED_EDGE('',*,*,#5105,.T.);
#6324=ORIENTED_EDGE('',*,*,#5106,.T.);
#6325=ORIENTED_EDGE('',*,*,#5107,.T.);
#6326=ORIENTED_EDGE('',*,*,#5108,.T.);
#6327=ORIENTED_EDGE('',*,*,#5109,.T.);
#6328=ORIENTED_EDGE('',*,*,#5110,.T.);
#6329=ORIENTED_EDGE('',*,*,#5111,.T.);
#6330=ORIENTED_EDGE('',*,*,#5112,.T.);
#6331=ORIENTED_EDGE('',*,*,#5113,.T.);
#6332=ORIENTED_EDGE('',*,*,#5114,.T.);
#6333=ORIENTED_EDGE('',*,*,#5115,.T.);
#6334=ORIENTED_EDGE('',*,*,#5116,.T.);
#6335=ORIENTED_EDGE('',*,*,#5117,.T.);
#6336=ORIENTED_EDGE('',*,*,#5118,.T.);
#6337=ORIENTED_EDGE('',*,*,#5119,.T.);
#6338=ORIENTED_EDGE('',*,*,#5120,.T.);
#6339=ORIENTED_EDGE('',*,*,#5121,.T.);
#6340=ORIENTED_EDGE('',*,*,#5122,.T.);
#6341=ORIENTED_EDGE('',*,*,#5123,.T.);
#6342=ORIENTED_EDGE('',*,*,#5124,.T.);
#6343=ORIENTED_EDGE('',*,*,#5125,.T.);
#6344=ORIENTED_EDGE('',*,*,#5126,.T.);
#6345=ORIENTED_EDGE('',*,*,#5127,.T.);
#6346=ORIENTED_EDGE('',*,*,#5128,.T.);
#6347=ORIENTED_EDGE('',*,*,#5129,.T.);
#6348=ORIENTED_EDGE('',*,*,#5130,.T.);
#6349=ORIENTED_EDGE('',*,*,#5131,.T.);
#6350=ORIENTED_EDGE('',*,*,#5132,.T.);
#6351=ORIENTED_EDGE('',*,*,#5133,.T.);
#6352=ORIENTED_EDGE('',*,*,#5134,.T.);
#6353=ORIENTED_EDGE('',*,*,#5135,.T.);
#6354=ORIENTED_EDGE('',*,*,#5136,.T.);
#6355=ORIENTED_EDGE('',*,*,#5137,.T.);
#6356=ORIENTED_EDGE('',*,*,#5138,.T.);
#6357=ORIENTED_EDGE('',*,*,#5139,.T.);
#6358=ORIENTED_EDGE('',*,*,#5140,.T.);
#6359=ORIENTED_EDGE('',*,*,#5141,.T.);
#6360=ORIENTED_EDGE('',*,*,#5142,.T.);
#6361=ORIENTED_EDGE('',*,*,#5143,.T.);
#6362=ORIENTED_EDGE('',*,*,#5144,.T.);
#6363=ORIENTED_EDGE('',*,*,#5145,.T.);
#6364=ORIENTED_EDGE('',*,*,#5146,.T.);
#6365=ORIENTED_EDGE('',*,*,#5147,.T.);
#6366=ORIENTED_EDGE('',*,*,#5148,.T.);
#6367=ORIENTED_EDGE('',*,*,#5149,.T.);
#6368=ORIENTED_EDGE('',*,*,#5150,.T.);
#6369=ORIENTED_EDGE('',*,*,#5151,.T.);
#6370=ORIENTED_EDGE('',*,*,#5152,.T.);
#6371=ORIENTED_EDGE('',*,*,#5153,.T.);
#6372=ORIENTED_EDGE('',*,*,#5154,.T.);
#6373=ORIENTED_EDGE('',*,*,#5155,.T.);
#6374=ORIENTED_EDGE('',*,*,#5156,.T.);
#6375=ORIENTED_EDGE('',*,*,#5157,.T.);
#6376=ORIENTED_EDGE('',*,*,#4762,.F.);
#6377=ORIENTED_EDGE('',*,*,#4767,.F.);
#6378=ORIENTED_EDGE('',*,*,#5158,.T.);
#6379=ORIENTED_EDGE('',*,*,#5159,.T.);
#6380=ORIENTED_EDGE('',*,*,#4766,.F.);
#6381=ORIENTED_EDGE('',*,*,#5160,.T.);
#6382=ORIENTED_EDGE('',*,*,#5161,.T.);
#6383=ORIENTED_EDGE('',*,*,#5162,.F.);
#6384=ORIENTED_EDGE('',*,*,#5163,.T.);
#6385=ORIENTED_EDGE('',*,*,#5164,.T.);
#6386=ORIENTED_EDGE('',*,*,#5165,.T.);
#6387=ORIENTED_EDGE('',*,*,#5166,.F.);
#6388=ORIENTED_EDGE('',*,*,#5167,.T.);
#6389=ORIENTED_EDGE('',*,*,#5168,.T.);
#6390=ORIENTED_EDGE('',*,*,#5169,.T.);
#6391=ORIENTED_EDGE('',*,*,#5170,.F.);
#6392=ORIENTED_EDGE('',*,*,#5171,.T.);
#6393=ORIENTED_EDGE('',*,*,#5172,.T.);
#6394=ORIENTED_EDGE('',*,*,#5173,.T.);
#6395=ORIENTED_EDGE('',*,*,#5174,.F.);
#6396=ORIENTED_EDGE('',*,*,#5175,.T.);
#6397=ORIENTED_EDGE('',*,*,#5176,.T.);
#6398=ORIENTED_EDGE('',*,*,#5177,.T.);
#6399=ORIENTED_EDGE('',*,*,#5178,.F.);
#6400=ORIENTED_EDGE('',*,*,#5179,.T.);
#6401=ORIENTED_EDGE('',*,*,#5180,.T.);
#6402=ORIENTED_EDGE('',*,*,#5181,.T.);
#6403=ORIENTED_EDGE('',*,*,#5182,.F.);
#6404=ORIENTED_EDGE('',*,*,#5183,.T.);
#6405=ORIENTED_EDGE('',*,*,#5184,.T.);
#6406=ORIENTED_EDGE('',*,*,#5185,.T.);
#6407=ORIENTED_EDGE('',*,*,#5186,.F.);
#6408=ORIENTED_EDGE('',*,*,#5187,.T.);
#6409=ORIENTED_EDGE('',*,*,#5188,.T.);
#6410=ORIENTED_EDGE('',*,*,#5189,.T.);
#6411=ORIENTED_EDGE('',*,*,#5190,.F.);
#6412=ORIENTED_EDGE('',*,*,#5191,.T.);
#6413=ORIENTED_EDGE('',*,*,#5158,.F.);
#6414=ORIENTED_EDGE('',*,*,#5192,.T.);
#6415=ORIENTED_EDGE('',*,*,#5193,.T.);
#6416=ORIENTED_EDGE('',*,*,#5194,.T.);
#6417=ORIENTED_EDGE('',*,*,#5195,.T.);
#6418=ORIENTED_EDGE('',*,*,#5196,.T.);
#6419=ORIENTED_EDGE('',*,*,#5197,.T.);
#6420=ORIENTED_EDGE('',*,*,#5198,.T.);
#6421=ORIENTED_EDGE('',*,*,#5199,.T.);
#6422=ORIENTED_EDGE('',*,*,#5200,.T.);
#6423=ORIENTED_EDGE('',*,*,#5201,.T.);
#6424=ORIENTED_EDGE('',*,*,#5202,.T.);
#6425=ORIENTED_EDGE('',*,*,#5203,.T.);
#6426=ORIENTED_EDGE('',*,*,#5204,.T.);
#6427=ORIENTED_EDGE('',*,*,#5205,.T.);
#6428=ORIENTED_EDGE('',*,*,#5206,.T.);
#6429=ORIENTED_EDGE('',*,*,#5207,.T.);
#6430=ORIENTED_EDGE('',*,*,#5208,.T.);
#6431=ORIENTED_EDGE('',*,*,#5209,.T.);
#6432=ORIENTED_EDGE('',*,*,#5210,.T.);
#6433=ORIENTED_EDGE('',*,*,#5211,.T.);
#6434=ORIENTED_EDGE('',*,*,#5212,.T.);
#6435=ORIENTED_EDGE('',*,*,#5213,.T.);
#6436=ORIENTED_EDGE('',*,*,#5214,.T.);
#6437=ORIENTED_EDGE('',*,*,#5215,.T.);
#6438=ORIENTED_EDGE('',*,*,#5216,.T.);
#6439=ORIENTED_EDGE('',*,*,#5217,.T.);
#6440=ORIENTED_EDGE('',*,*,#5218,.T.);
#6441=ORIENTED_EDGE('',*,*,#5219,.T.);
#6442=ORIENTED_EDGE('',*,*,#5220,.T.);
#6443=ORIENTED_EDGE('',*,*,#5221,.T.);
#6444=ORIENTED_EDGE('',*,*,#5222,.T.);
#6445=ORIENTED_EDGE('',*,*,#5223,.T.);
#6446=ORIENTED_EDGE('',*,*,#5224,.T.);
#6447=ORIENTED_EDGE('',*,*,#5225,.T.);
#6448=ORIENTED_EDGE('',*,*,#5226,.T.);
#6449=ORIENTED_EDGE('',*,*,#5227,.T.);
#6450=ORIENTED_EDGE('',*,*,#5228,.T.);
#6451=ORIENTED_EDGE('',*,*,#5229,.T.);
#6452=ORIENTED_EDGE('',*,*,#5230,.T.);
#6453=ORIENTED_EDGE('',*,*,#5231,.T.);
#6454=ORIENTED_EDGE('',*,*,#5232,.T.);
#6455=ORIENTED_EDGE('',*,*,#5233,.T.);
#6456=ORIENTED_EDGE('',*,*,#5234,.T.);
#6457=ORIENTED_EDGE('',*,*,#5235,.T.);
#6458=ORIENTED_EDGE('',*,*,#5236,.T.);
#6459=ORIENTED_EDGE('',*,*,#5237,.T.);
#6460=ORIENTED_EDGE('',*,*,#5238,.T.);
#6461=ORIENTED_EDGE('',*,*,#5239,.T.);
#6462=ORIENTED_EDGE('',*,*,#5240,.T.);
#6463=ORIENTED_EDGE('',*,*,#5241,.T.);
#6464=ORIENTED_EDGE('',*,*,#5242,.T.);
#6465=ORIENTED_EDGE('',*,*,#5243,.T.);
#6466=ORIENTED_EDGE('',*,*,#5244,.T.);
#6467=ORIENTED_EDGE('',*,*,#5245,.T.);
#6468=ORIENTED_EDGE('',*,*,#5246,.T.);
#6469=ORIENTED_EDGE('',*,*,#5247,.T.);
#6470=ORIENTED_EDGE('',*,*,#5248,.T.);
#6471=ORIENTED_EDGE('',*,*,#5249,.T.);
#6472=ORIENTED_EDGE('',*,*,#5250,.T.);
#6473=ORIENTED_EDGE('',*,*,#5251,.T.);
#6474=ORIENTED_EDGE('',*,*,#5252,.T.);
#6475=ORIENTED_EDGE('',*,*,#5253,.T.);
#6476=ORIENTED_EDGE('',*,*,#5254,.T.);
#6477=ORIENTED_EDGE('',*,*,#5255,.T.);
#6478=ORIENTED_EDGE('',*,*,#5256,.T.);
#6479=ORIENTED_EDGE('',*,*,#5257,.T.);
#6480=ORIENTED_EDGE('',*,*,#5258,.T.);
#6481=ORIENTED_EDGE('',*,*,#5259,.T.);
#6482=ORIENTED_EDGE('',*,*,#5260,.T.);
#6483=ORIENTED_EDGE('',*,*,#5261,.T.);
#6484=ORIENTED_EDGE('',*,*,#5262,.T.);
#6485=ORIENTED_EDGE('',*,*,#5263,.T.);
#6486=ORIENTED_EDGE('',*,*,#5264,.T.);
#6487=ORIENTED_EDGE('',*,*,#5265,.T.);
#6488=ORIENTED_EDGE('',*,*,#5266,.T.);
#6489=ORIENTED_EDGE('',*,*,#5267,.T.);
#6490=ORIENTED_EDGE('',*,*,#5268,.T.);
#6491=ORIENTED_EDGE('',*,*,#5269,.T.);
#6492=ORIENTED_EDGE('',*,*,#5270,.T.);
#6493=ORIENTED_EDGE('',*,*,#5271,.T.);
#6494=ORIENTED_EDGE('',*,*,#5272,.T.);
#6495=ORIENTED_EDGE('',*,*,#5273,.T.);
#6496=ORIENTED_EDGE('',*,*,#5274,.T.);
#6497=ORIENTED_EDGE('',*,*,#5275,.T.);
#6498=ORIENTED_EDGE('',*,*,#5276,.T.);
#6499=ORIENTED_EDGE('',*,*,#5277,.T.);
#6500=ORIENTED_EDGE('',*,*,#5278,.T.);
#6501=ORIENTED_EDGE('',*,*,#5279,.T.);
#6502=ORIENTED_EDGE('',*,*,#5280,.T.);
#6503=ORIENTED_EDGE('',*,*,#5281,.T.);
#6504=ORIENTED_EDGE('',*,*,#5282,.T.);
#6505=ORIENTED_EDGE('',*,*,#5283,.T.);
#6506=ORIENTED_EDGE('',*,*,#5284,.T.);
#6507=ORIENTED_EDGE('',*,*,#5285,.T.);
#6508=ORIENTED_EDGE('',*,*,#5286,.T.);
#6509=ORIENTED_EDGE('',*,*,#5287,.T.);
#6510=ORIENTED_EDGE('',*,*,#5288,.T.);
#6511=ORIENTED_EDGE('',*,*,#5289,.T.);
#6512=ORIENTED_EDGE('',*,*,#5290,.T.);
#6513=ORIENTED_EDGE('',*,*,#5291,.T.);
#6514=ORIENTED_EDGE('',*,*,#5292,.T.);
#6515=ORIENTED_EDGE('',*,*,#5293,.T.);
#6516=ORIENTED_EDGE('',*,*,#5294,.T.);
#6517=ORIENTED_EDGE('',*,*,#5295,.T.);
#6518=ORIENTED_EDGE('',*,*,#5296,.T.);
#6519=ORIENTED_EDGE('',*,*,#5297,.T.);
#6520=ORIENTED_EDGE('',*,*,#5298,.T.);
#6521=ORIENTED_EDGE('',*,*,#5299,.T.);
#6522=ORIENTED_EDGE('',*,*,#5300,.T.);
#6523=ORIENTED_EDGE('',*,*,#5301,.T.);
#6524=ORIENTED_EDGE('',*,*,#5302,.T.);
#6525=ORIENTED_EDGE('',*,*,#5303,.T.);
#6526=ORIENTED_EDGE('',*,*,#5304,.T.);
#6527=ORIENTED_EDGE('',*,*,#5305,.T.);
#6528=ORIENTED_EDGE('',*,*,#5306,.T.);
#6529=ORIENTED_EDGE('',*,*,#5307,.T.);
#6530=ORIENTED_EDGE('',*,*,#5308,.T.);
#6531=ORIENTED_EDGE('',*,*,#5309,.T.);
#6532=ORIENTED_EDGE('',*,*,#5310,.T.);
#6533=ORIENTED_EDGE('',*,*,#5311,.T.);
#6534=ORIENTED_EDGE('',*,*,#5312,.T.);
#6535=ORIENTED_EDGE('',*,*,#5313,.T.);
#6536=ORIENTED_EDGE('',*,*,#5314,.T.);
#6537=ORIENTED_EDGE('',*,*,#5315,.T.);
#6538=ORIENTED_EDGE('',*,*,#5316,.T.);
#6539=ORIENTED_EDGE('',*,*,#5317,.T.);
#6540=ORIENTED_EDGE('',*,*,#5318,.T.);
#6541=ORIENTED_EDGE('',*,*,#5319,.T.);
#6542=ORIENTED_EDGE('',*,*,#5320,.T.);
#6543=ORIENTED_EDGE('',*,*,#5321,.T.);
#6544=ORIENTED_EDGE('',*,*,#5322,.T.);
#6545=ORIENTED_EDGE('',*,*,#5323,.T.);
#6546=ORIENTED_EDGE('',*,*,#5324,.T.);
#6547=ORIENTED_EDGE('',*,*,#5325,.T.);
#6548=ORIENTED_EDGE('',*,*,#5326,.T.);
#6549=ORIENTED_EDGE('',*,*,#5327,.T.);
#6550=ORIENTED_EDGE('',*,*,#5328,.T.);
#6551=ORIENTED_EDGE('',*,*,#5329,.T.);
#6552=ORIENTED_EDGE('',*,*,#5330,.T.);
#6553=ORIENTED_EDGE('',*,*,#5331,.T.);
#6554=ORIENTED_EDGE('',*,*,#5332,.T.);
#6555=ORIENTED_EDGE('',*,*,#5333,.T.);
#6556=ORIENTED_EDGE('',*,*,#5334,.T.);
#6557=ORIENTED_EDGE('',*,*,#5335,.T.);
#6558=ORIENTED_EDGE('',*,*,#5336,.T.);
#6559=ORIENTED_EDGE('',*,*,#5337,.T.);
#6560=ORIENTED_EDGE('',*,*,#5338,.T.);
#6561=ORIENTED_EDGE('',*,*,#5339,.T.);
#6562=ORIENTED_EDGE('',*,*,#5340,.T.);
#6563=ORIENTED_EDGE('',*,*,#5341,.T.);
#6564=ORIENTED_EDGE('',*,*,#5342,.T.);
#6565=ORIENTED_EDGE('',*,*,#5343,.T.);
#6566=ORIENTED_EDGE('',*,*,#5344,.T.);
#6567=ORIENTED_EDGE('',*,*,#5345,.T.);
#6568=ORIENTED_EDGE('',*,*,#5346,.T.);
#6569=ORIENTED_EDGE('',*,*,#5347,.T.);
#6570=ORIENTED_EDGE('',*,*,#5348,.T.);
#6571=ORIENTED_EDGE('',*,*,#5349,.T.);
#6572=ORIENTED_EDGE('',*,*,#5350,.T.);
#6573=ORIENTED_EDGE('',*,*,#5351,.T.);
#6574=ORIENTED_EDGE('',*,*,#5352,.T.);
#6575=ORIENTED_EDGE('',*,*,#5353,.T.);
#6576=ORIENTED_EDGE('',*,*,#5354,.T.);
#6577=ORIENTED_EDGE('',*,*,#5355,.T.);
#6578=ORIENTED_EDGE('',*,*,#5356,.T.);
#6579=ORIENTED_EDGE('',*,*,#5357,.T.);
#6580=ORIENTED_EDGE('',*,*,#5358,.T.);
#6581=ORIENTED_EDGE('',*,*,#5359,.T.);
#6582=ORIENTED_EDGE('',*,*,#5360,.T.);
#6583=ORIENTED_EDGE('',*,*,#5361,.T.);
#6584=ORIENTED_EDGE('',*,*,#5362,.T.);
#6585=ORIENTED_EDGE('',*,*,#5363,.T.);
#6586=ORIENTED_EDGE('',*,*,#5364,.T.);
#6587=ORIENTED_EDGE('',*,*,#5365,.T.);
#6588=ORIENTED_EDGE('',*,*,#5366,.T.);
#6589=ORIENTED_EDGE('',*,*,#5367,.T.);
#6590=ORIENTED_EDGE('',*,*,#5368,.T.);
#6591=ORIENTED_EDGE('',*,*,#5369,.T.);
#6592=ORIENTED_EDGE('',*,*,#5370,.T.);
#6593=ORIENTED_EDGE('',*,*,#5371,.T.);
#6594=ORIENTED_EDGE('',*,*,#5372,.T.);
#6595=ORIENTED_EDGE('',*,*,#5373,.T.);
#6596=ORIENTED_EDGE('',*,*,#5374,.T.);
#6597=ORIENTED_EDGE('',*,*,#5375,.T.);
#6598=ORIENTED_EDGE('',*,*,#5376,.T.);
#6599=ORIENTED_EDGE('',*,*,#5377,.T.);
#6600=ORIENTED_EDGE('',*,*,#5378,.T.);
#6601=ORIENTED_EDGE('',*,*,#5379,.T.);
#6602=ORIENTED_EDGE('',*,*,#5380,.T.);
#6603=ORIENTED_EDGE('',*,*,#5381,.T.);
#6604=ORIENTED_EDGE('',*,*,#5382,.T.);
#6605=ORIENTED_EDGE('',*,*,#5383,.T.);
#6606=ORIENTED_EDGE('',*,*,#5384,.T.);
#6607=ORIENTED_EDGE('',*,*,#5385,.T.);
#6608=ORIENTED_EDGE('',*,*,#5386,.T.);
#6609=ORIENTED_EDGE('',*,*,#5387,.T.);
#6610=ORIENTED_EDGE('',*,*,#5388,.T.);
#6611=ORIENTED_EDGE('',*,*,#5389,.T.);
#6612=ORIENTED_EDGE('',*,*,#5390,.T.);
#6613=ORIENTED_EDGE('',*,*,#5391,.T.);
#6614=ORIENTED_EDGE('',*,*,#5392,.T.);
#6615=ORIENTED_EDGE('',*,*,#5393,.T.);
#6616=ORIENTED_EDGE('',*,*,#5394,.T.);
#6617=ORIENTED_EDGE('',*,*,#5395,.T.);
#6618=ORIENTED_EDGE('',*,*,#5396,.T.);
#6619=ORIENTED_EDGE('',*,*,#5397,.T.);
#6620=ORIENTED_EDGE('',*,*,#5398,.T.);
#6621=ORIENTED_EDGE('',*,*,#5399,.T.);
#6622=ORIENTED_EDGE('',*,*,#5400,.T.);
#6623=ORIENTED_EDGE('',*,*,#5401,.T.);
#6624=ORIENTED_EDGE('',*,*,#5402,.T.);
#6625=ORIENTED_EDGE('',*,*,#5403,.T.);
#6626=ORIENTED_EDGE('',*,*,#5404,.T.);
#6627=ORIENTED_EDGE('',*,*,#5405,.T.);
#6628=ORIENTED_EDGE('',*,*,#5406,.T.);
#6629=ORIENTED_EDGE('',*,*,#5407,.T.);
#6630=ORIENTED_EDGE('',*,*,#5408,.T.);
#6631=ORIENTED_EDGE('',*,*,#5409,.T.);
#6632=ORIENTED_EDGE('',*,*,#5410,.T.);
#6633=ORIENTED_EDGE('',*,*,#5411,.T.);
#6634=ORIENTED_EDGE('',*,*,#5412,.T.);
#6635=ORIENTED_EDGE('',*,*,#5413,.T.);
#6636=ORIENTED_EDGE('',*,*,#5414,.T.);
#6637=ORIENTED_EDGE('',*,*,#5415,.T.);
#6638=ORIENTED_EDGE('',*,*,#5416,.T.);
#6639=ORIENTED_EDGE('',*,*,#5417,.T.);
#6640=ORIENTED_EDGE('',*,*,#5418,.T.);
#6641=ORIENTED_EDGE('',*,*,#5419,.T.);
#6642=ORIENTED_EDGE('',*,*,#5420,.T.);
#6643=ORIENTED_EDGE('',*,*,#5421,.T.);
#6644=ORIENTED_EDGE('',*,*,#5422,.T.);
#6645=ORIENTED_EDGE('',*,*,#5423,.T.);
#6646=ORIENTED_EDGE('',*,*,#5424,.T.);
#6647=ORIENTED_EDGE('',*,*,#5425,.T.);
#6648=ORIENTED_EDGE('',*,*,#5426,.T.);
#6649=ORIENTED_EDGE('',*,*,#5427,.T.);
#6650=ORIENTED_EDGE('',*,*,#5428,.T.);
#6651=ORIENTED_EDGE('',*,*,#5429,.T.);
#6652=ORIENTED_EDGE('',*,*,#5430,.T.);
#6653=ORIENTED_EDGE('',*,*,#5431,.T.);
#6654=ORIENTED_EDGE('',*,*,#5432,.T.);
#6655=ORIENTED_EDGE('',*,*,#5433,.T.);
#6656=ORIENTED_EDGE('',*,*,#5434,.T.);
#6657=ORIENTED_EDGE('',*,*,#5435,.T.);
#6658=ORIENTED_EDGE('',*,*,#5436,.T.);
#6659=ORIENTED_EDGE('',*,*,#5437,.T.);
#6660=ORIENTED_EDGE('',*,*,#5438,.T.);
#6661=ORIENTED_EDGE('',*,*,#5439,.T.);
#6662=ORIENTED_EDGE('',*,*,#5440,.T.);
#6663=ORIENTED_EDGE('',*,*,#5441,.T.);
#6664=ORIENTED_EDGE('',*,*,#5442,.T.);
#6665=ORIENTED_EDGE('',*,*,#5443,.T.);
#6666=ORIENTED_EDGE('',*,*,#5444,.T.);
#6667=ORIENTED_EDGE('',*,*,#5445,.T.);
#6668=ORIENTED_EDGE('',*,*,#5446,.T.);
#6669=ORIENTED_EDGE('',*,*,#5447,.T.);
#6670=ORIENTED_EDGE('',*,*,#5448,.T.);
#6671=ORIENTED_EDGE('',*,*,#5449,.T.);
#6672=ORIENTED_EDGE('',*,*,#5450,.T.);
#6673=ORIENTED_EDGE('',*,*,#5451,.T.);
#6674=ORIENTED_EDGE('',*,*,#5452,.T.);
#6675=ORIENTED_EDGE('',*,*,#5453,.T.);
#6676=ORIENTED_EDGE('',*,*,#5454,.T.);
#6677=ORIENTED_EDGE('',*,*,#5455,.T.);
#6678=ORIENTED_EDGE('',*,*,#5456,.T.);
#6679=ORIENTED_EDGE('',*,*,#5457,.T.);
#6680=ORIENTED_EDGE('',*,*,#5458,.T.);
#6681=ORIENTED_EDGE('',*,*,#5459,.T.);
#6682=ORIENTED_EDGE('',*,*,#5460,.T.);
#6683=ORIENTED_EDGE('',*,*,#5461,.T.);
#6684=ORIENTED_EDGE('',*,*,#5462,.T.);
#6685=ORIENTED_EDGE('',*,*,#5463,.T.);
#6686=ORIENTED_EDGE('',*,*,#5464,.T.);
#6687=ORIENTED_EDGE('',*,*,#5465,.T.);
#6688=ORIENTED_EDGE('',*,*,#5466,.T.);
#6689=ORIENTED_EDGE('',*,*,#5467,.T.);
#6690=ORIENTED_EDGE('',*,*,#5468,.T.);
#6691=ORIENTED_EDGE('',*,*,#5469,.T.);
#6692=ORIENTED_EDGE('',*,*,#5470,.T.);
#6693=ORIENTED_EDGE('',*,*,#5471,.T.);
#6694=ORIENTED_EDGE('',*,*,#5472,.T.);
#6695=ORIENTED_EDGE('',*,*,#5473,.T.);
#6696=ORIENTED_EDGE('',*,*,#5474,.T.);
#6697=ORIENTED_EDGE('',*,*,#5475,.T.);
#6698=ORIENTED_EDGE('',*,*,#5476,.T.);
#6699=ORIENTED_EDGE('',*,*,#5477,.T.);
#6700=ORIENTED_EDGE('',*,*,#5478,.T.);
#6701=ORIENTED_EDGE('',*,*,#5479,.T.);
#6702=ORIENTED_EDGE('',*,*,#5480,.T.);
#6703=ORIENTED_EDGE('',*,*,#5481,.T.);
#6704=ORIENTED_EDGE('',*,*,#5482,.T.);
#6705=ORIENTED_EDGE('',*,*,#5483,.T.);
#6706=ORIENTED_EDGE('',*,*,#5484,.T.);
#6707=ORIENTED_EDGE('',*,*,#5485,.T.);
#6708=ORIENTED_EDGE('',*,*,#5486,.T.);
#6709=ORIENTED_EDGE('',*,*,#5487,.T.);
#6710=ORIENTED_EDGE('',*,*,#5488,.T.);
#6711=ORIENTED_EDGE('',*,*,#5489,.T.);
#6712=ORIENTED_EDGE('',*,*,#5490,.T.);
#6713=ORIENTED_EDGE('',*,*,#5491,.T.);
#6714=ORIENTED_EDGE('',*,*,#5492,.T.);
#6715=ORIENTED_EDGE('',*,*,#5493,.T.);
#6716=ORIENTED_EDGE('',*,*,#5494,.T.);
#6717=ORIENTED_EDGE('',*,*,#5495,.T.);
#6718=ORIENTED_EDGE('',*,*,#5496,.T.);
#6719=ORIENTED_EDGE('',*,*,#5497,.T.);
#6720=ORIENTED_EDGE('',*,*,#5498,.T.);
#6721=ORIENTED_EDGE('',*,*,#5499,.T.);
#6722=ORIENTED_EDGE('',*,*,#5500,.T.);
#6723=ORIENTED_EDGE('',*,*,#5501,.T.);
#6724=ORIENTED_EDGE('',*,*,#5502,.T.);
#6725=ORIENTED_EDGE('',*,*,#5503,.T.);
#6726=ORIENTED_EDGE('',*,*,#5504,.T.);
#6727=ORIENTED_EDGE('',*,*,#5505,.T.);
#6728=ORIENTED_EDGE('',*,*,#5506,.T.);
#6729=ORIENTED_EDGE('',*,*,#5507,.T.);
#6730=ORIENTED_EDGE('',*,*,#5508,.T.);
#6731=ORIENTED_EDGE('',*,*,#5509,.T.);
#6732=ORIENTED_EDGE('',*,*,#5510,.T.);
#6733=ORIENTED_EDGE('',*,*,#5511,.T.);
#6734=ORIENTED_EDGE('',*,*,#5512,.T.);
#6735=ORIENTED_EDGE('',*,*,#5513,.T.);
#6736=ORIENTED_EDGE('',*,*,#5514,.T.);
#6737=ORIENTED_EDGE('',*,*,#5515,.T.);
#6738=ORIENTED_EDGE('',*,*,#5516,.T.);
#6739=ORIENTED_EDGE('',*,*,#5517,.T.);
#6740=ORIENTED_EDGE('',*,*,#5518,.T.);
#6741=ORIENTED_EDGE('',*,*,#5519,.T.);
#6742=ORIENTED_EDGE('',*,*,#5520,.T.);
#6743=ORIENTED_EDGE('',*,*,#5521,.T.);
#6744=ORIENTED_EDGE('',*,*,#5522,.T.);
#6745=ORIENTED_EDGE('',*,*,#5523,.T.);
#6746=ORIENTED_EDGE('',*,*,#5524,.T.);
#6747=ORIENTED_EDGE('',*,*,#5525,.T.);
#6748=ORIENTED_EDGE('',*,*,#5526,.T.);
#6749=ORIENTED_EDGE('',*,*,#5527,.T.);
#6750=ORIENTED_EDGE('',*,*,#5528,.T.);
#6751=ORIENTED_EDGE('',*,*,#5529,.T.);
#6752=ORIENTED_EDGE('',*,*,#5530,.T.);
#6753=ORIENTED_EDGE('',*,*,#5531,.T.);
#6754=ORIENTED_EDGE('',*,*,#5532,.T.);
#6755=ORIENTED_EDGE('',*,*,#5533,.T.);
#6756=ORIENTED_EDGE('',*,*,#5534,.T.);
#6757=ORIENTED_EDGE('',*,*,#5530,.F.);
#6758=ORIENTED_EDGE('',*,*,#5535,.T.);
#6759=ORIENTED_EDGE('',*,*,#4782,.T.);
#6760=ORIENTED_EDGE('',*,*,#5536,.T.);
#6761=ORIENTED_EDGE('',*,*,#5533,.F.);
#6762=ORIENTED_EDGE('',*,*,#5537,.T.);
#6763=ORIENTED_EDGE('',*,*,#5537,.F.);
#6764=ORIENTED_EDGE('',*,*,#5535,.F.);
#6765=ORIENTED_EDGE('',*,*,#5529,.F.);
#6766=ORIENTED_EDGE('',*,*,#5538,.F.);
#6767=ORIENTED_EDGE('',*,*,#4783,.F.);
#6768=ORIENTED_EDGE('',*,*,#5528,.F.);
#6769=ORIENTED_EDGE('',*,*,#5539,.T.);
#6770=ORIENTED_EDGE('',*,*,#5540,.F.);
#6771=ORIENTED_EDGE('',*,*,#4784,.T.);
#6772=ORIENTED_EDGE('',*,*,#5538,.T.);
#6773=ORIENTED_EDGE('',*,*,#5532,.F.);
#6774=ORIENTED_EDGE('',*,*,#5541,.F.);
#6775=ORIENTED_EDGE('',*,*,#5542,.T.);
#6776=ORIENTED_EDGE('',*,*,#5543,.F.);
#6777=ORIENTED_EDGE('',*,*,#5544,.F.);
#6778=ORIENTED_EDGE('',*,*,#5545,.F.);
#6779=ORIENTED_EDGE('',*,*,#5546,.T.);
#6780=ORIENTED_EDGE('',*,*,#5547,.T.);
#6781=ORIENTED_EDGE('',*,*,#5548,.T.);
#6782=ORIENTED_EDGE('',*,*,#5549,.T.);
#6783=ORIENTED_EDGE('',*,*,#5550,.F.);
#6784=ORIENTED_EDGE('',*,*,#5539,.F.);
#6785=ORIENTED_EDGE('',*,*,#5551,.T.);
#6786=ORIENTED_EDGE('',*,*,#5543,.T.);
#6787=ORIENTED_EDGE('',*,*,#5552,.T.);
#6788=ORIENTED_EDGE('',*,*,#5190,.T.);
#6789=ORIENTED_EDGE('',*,*,#5553,.F.);
#6790=ORIENTED_EDGE('',*,*,#5554,.T.);
#6791=ORIENTED_EDGE('',*,*,#5555,.F.);
#6792=ORIENTED_EDGE('',*,*,#5186,.T.);
#6793=ORIENTED_EDGE('',*,*,#5556,.F.);
#6794=ORIENTED_EDGE('',*,*,#5557,.T.);
#6795=ORIENTED_EDGE('',*,*,#5558,.F.);
#6796=ORIENTED_EDGE('',*,*,#5182,.T.);
#6797=ORIENTED_EDGE('',*,*,#5559,.F.);
#6798=ORIENTED_EDGE('',*,*,#5560,.T.);
#6799=ORIENTED_EDGE('',*,*,#5561,.F.);
#6800=ORIENTED_EDGE('',*,*,#5178,.T.);
#6801=ORIENTED_EDGE('',*,*,#5562,.F.);
#6802=ORIENTED_EDGE('',*,*,#5563,.F.);
#6803=ORIENTED_EDGE('',*,*,#5564,.F.);
#6804=ORIENTED_EDGE('',*,*,#5174,.T.);
#6805=ORIENTED_EDGE('',*,*,#5565,.F.);
#6806=ORIENTED_EDGE('',*,*,#5566,.F.);
#6807=ORIENTED_EDGE('',*,*,#5567,.F.);
#6808=ORIENTED_EDGE('',*,*,#5170,.T.);
#6809=ORIENTED_EDGE('',*,*,#5568,.F.);
#6810=ORIENTED_EDGE('',*,*,#5569,.F.);
#6811=ORIENTED_EDGE('',*,*,#5570,.F.);
#6812=ORIENTED_EDGE('',*,*,#5166,.T.);
#6813=ORIENTED_EDGE('',*,*,#5571,.F.);
#6814=ORIENTED_EDGE('',*,*,#5572,.F.);
#6815=ORIENTED_EDGE('',*,*,#5573,.F.);
#6816=ORIENTED_EDGE('',*,*,#5162,.T.);
#6817=ORIENTED_EDGE('',*,*,#5551,.F.);
#6818=ORIENTED_EDGE('',*,*,#5161,.F.);
#6819=ORIENTED_EDGE('',*,*,#5574,.F.);
#6820=ORIENTED_EDGE('',*,*,#4791,.T.);
#6821=ORIENTED_EDGE('',*,*,#5575,.T.);
#6822=ORIENTED_EDGE('',*,*,#5576,.T.);
#6823=ORIENTED_EDGE('',*,*,#5577,.T.);
#6824=ORIENTED_EDGE('',*,*,#5544,.T.);
#6825=ORIENTED_EDGE('',*,*,#4774,.F.);
#6826=ORIENTED_EDGE('',*,*,#4778,.T.);
#6827=ORIENTED_EDGE('',*,*,#5574,.T.);
#6828=ORIENTED_EDGE('',*,*,#5578,.T.);
#6829=ORIENTED_EDGE('',*,*,#4775,.F.);
#6830=ORIENTED_EDGE('',*,*,#5578,.F.);
#6831=ORIENTED_EDGE('',*,*,#5160,.F.);
#6832=ORIENTED_EDGE('',*,*,#4765,.F.);
#6833=ORIENTED_EDGE('',*,*,#4757,.F.);
#6834=ORIENTED_EDGE('',*,*,#5159,.F.);
#6835=ORIENTED_EDGE('',*,*,#5579,.F.);
#6836=ORIENTED_EDGE('',*,*,#5580,.F.);
#6837=ORIENTED_EDGE('',*,*,#5552,.F.);
#6838=ORIENTED_EDGE('',*,*,#5542,.F.);
#6839=ORIENTED_EDGE('',*,*,#5581,.F.);
#6840=ORIENTED_EDGE('',*,*,#5582,.F.);
#6841=ORIENTED_EDGE('',*,*,#5583,.F.);
#6842=ORIENTED_EDGE('',*,*,#4780,.F.);
#6843=ORIENTED_EDGE('',*,*,#5579,.T.);
#6844=ORIENTED_EDGE('',*,*,#5191,.F.);
#6845=ORIENTED_EDGE('',*,*,#5536,.F.);
#6846=ORIENTED_EDGE('',*,*,#4781,.F.);
#6847=ORIENTED_EDGE('',*,*,#5583,.T.);
#6848=ORIENTED_EDGE('',*,*,#5584,.T.);
#6849=ORIENTED_EDGE('',*,*,#5550,.T.);
#6850=ORIENTED_EDGE('',*,*,#5585,.T.);
#6851=ORIENTED_EDGE('',*,*,#4785,.T.);
#6852=ORIENTED_EDGE('',*,*,#5540,.T.);
#6853=ORIENTED_EDGE('',*,*,#5549,.F.);
#6854=ORIENTED_EDGE('',*,*,#5586,.T.);
#6855=ORIENTED_EDGE('',*,*,#4786,.F.);
#6856=ORIENTED_EDGE('',*,*,#5585,.F.);
#6857=ORIENTED_EDGE('',*,*,#5547,.F.);
#6858=ORIENTED_EDGE('',*,*,#5587,.F.);
#6859=ORIENTED_EDGE('',*,*,#4788,.F.);
#6860=ORIENTED_EDGE('',*,*,#5588,.T.);
#6861=ORIENTED_EDGE('',*,*,#5548,.F.);
#6862=ORIENTED_EDGE('',*,*,#5588,.F.);
#6863=ORIENTED_EDGE('',*,*,#4787,.F.);
#6864=ORIENTED_EDGE('',*,*,#5586,.F.);
#6865=ORIENTED_EDGE('',*,*,#5587,.T.);
#6866=ORIENTED_EDGE('',*,*,#5546,.F.);
#6867=ORIENTED_EDGE('',*,*,#5589,.F.);
#6868=ORIENTED_EDGE('',*,*,#5590,.T.);
#6869=ORIENTED_EDGE('',*,*,#5591,.T.);
#6870=ORIENTED_EDGE('',*,*,#4789,.T.);
#6871=ORIENTED_EDGE('',*,*,#4792,.F.);
#6872=ORIENTED_EDGE('',*,*,#5592,.T.);
#6873=ORIENTED_EDGE('',*,*,#5593,.T.);
#6874=ORIENTED_EDGE('',*,*,#5592,.F.);
#6875=ORIENTED_EDGE('',*,*,#5593,.F.);
#6876=ORIENTED_EDGE('',*,*,#4793,.F.);
#6877=ORIENTED_EDGE('',*,*,#5594,.T.);
#6878=ORIENTED_EDGE('',*,*,#5595,.T.);
#6879=ORIENTED_EDGE('',*,*,#5594,.F.);
#6880=ORIENTED_EDGE('',*,*,#5595,.F.);
#6881=ORIENTED_EDGE('',*,*,#5596,.F.);
#6882=ORIENTED_EDGE('',*,*,#4794,.F.);
#6883=ORIENTED_EDGE('',*,*,#5597,.F.);
#6884=ORIENTED_EDGE('',*,*,#5572,.T.);
#6885=ORIENTED_EDGE('',*,*,#5597,.T.);
#6886=ORIENTED_EDGE('',*,*,#4797,.F.);
#6887=ORIENTED_EDGE('',*,*,#5598,.T.);
#6888=ORIENTED_EDGE('',*,*,#5163,.F.);
#6889=ORIENTED_EDGE('',*,*,#5573,.T.);
#6890=ORIENTED_EDGE('',*,*,#5164,.F.);
#6891=ORIENTED_EDGE('',*,*,#5598,.F.);
#6892=ORIENTED_EDGE('',*,*,#4796,.F.);
#6893=ORIENTED_EDGE('',*,*,#5599,.T.);
#6894=ORIENTED_EDGE('',*,*,#5165,.F.);
#6895=ORIENTED_EDGE('',*,*,#5599,.F.);
#6896=ORIENTED_EDGE('',*,*,#4795,.F.);
#6897=ORIENTED_EDGE('',*,*,#5596,.T.);
#6898=ORIENTED_EDGE('',*,*,#5571,.T.);
#6899=ORIENTED_EDGE('',*,*,#5192,.F.);
#6900=ORIENTED_EDGE('',*,*,#5600,.F.);
#6901=ORIENTED_EDGE('',*,*,#4798,.F.);
#6902=ORIENTED_EDGE('',*,*,#5601,.T.);
#6903=ORIENTED_EDGE('',*,*,#5193,.F.);
#6904=ORIENTED_EDGE('',*,*,#5601,.F.);
#6905=ORIENTED_EDGE('',*,*,#4801,.F.);
#6906=ORIENTED_EDGE('',*,*,#5602,.T.);
#6907=ORIENTED_EDGE('',*,*,#5194,.F.);
#6908=ORIENTED_EDGE('',*,*,#5602,.F.);
#6909=ORIENTED_EDGE('',*,*,#4800,.F.);
#6910=ORIENTED_EDGE('',*,*,#5603,.T.);
#6911=ORIENTED_EDGE('',*,*,#5195,.F.);
#6912=ORIENTED_EDGE('',*,*,#5603,.F.);
#6913=ORIENTED_EDGE('',*,*,#4799,.F.);
#6914=ORIENTED_EDGE('',*,*,#5600,.T.);
#6915=ORIENTED_EDGE('',*,*,#5196,.F.);
#6916=ORIENTED_EDGE('',*,*,#5604,.F.);
#6917=ORIENTED_EDGE('',*,*,#4802,.F.);
#6918=ORIENTED_EDGE('',*,*,#5605,.T.);
#6919=ORIENTED_EDGE('',*,*,#5197,.F.);
#6920=ORIENTED_EDGE('',*,*,#5605,.F.);
#6921=ORIENTED_EDGE('',*,*,#4805,.F.);
#6922=ORIENTED_EDGE('',*,*,#5606,.T.);
#6923=ORIENTED_EDGE('',*,*,#5198,.F.);
#6924=ORIENTED_EDGE('',*,*,#5606,.F.);
#6925=ORIENTED_EDGE('',*,*,#4804,.F.);
#6926=ORIENTED_EDGE('',*,*,#5607,.T.);
#6927=ORIENTED_EDGE('',*,*,#5199,.F.);
#6928=ORIENTED_EDGE('',*,*,#5607,.F.);
#6929=ORIENTED_EDGE('',*,*,#4803,.F.);
#6930=ORIENTED_EDGE('',*,*,#5604,.T.);
#6931=ORIENTED_EDGE('',*,*,#5200,.F.);
#6932=ORIENTED_EDGE('',*,*,#5608,.F.);
#6933=ORIENTED_EDGE('',*,*,#4806,.F.);
#6934=ORIENTED_EDGE('',*,*,#5609,.T.);
#6935=ORIENTED_EDGE('',*,*,#5201,.F.);
#6936=ORIENTED_EDGE('',*,*,#5609,.F.);
#6937=ORIENTED_EDGE('',*,*,#4809,.F.);
#6938=ORIENTED_EDGE('',*,*,#5610,.T.);
#6939=ORIENTED_EDGE('',*,*,#5202,.F.);
#6940=ORIENTED_EDGE('',*,*,#5610,.F.);
#6941=ORIENTED_EDGE('',*,*,#4808,.F.);
#6942=ORIENTED_EDGE('',*,*,#5611,.T.);
#6943=ORIENTED_EDGE('',*,*,#5203,.F.);
#6944=ORIENTED_EDGE('',*,*,#5611,.F.);
#6945=ORIENTED_EDGE('',*,*,#4807,.F.);
#6946=ORIENTED_EDGE('',*,*,#5608,.T.);
#6947=ORIENTED_EDGE('',*,*,#5204,.F.);
#6948=ORIENTED_EDGE('',*,*,#5612,.F.);
#6949=ORIENTED_EDGE('',*,*,#4810,.F.);
#6950=ORIENTED_EDGE('',*,*,#5613,.T.);
#6951=ORIENTED_EDGE('',*,*,#5205,.F.);
#6952=ORIENTED_EDGE('',*,*,#5613,.F.);
#6953=ORIENTED_EDGE('',*,*,#4813,.F.);
#6954=ORIENTED_EDGE('',*,*,#5614,.T.);
#6955=ORIENTED_EDGE('',*,*,#5206,.F.);
#6956=ORIENTED_EDGE('',*,*,#5614,.F.);
#6957=ORIENTED_EDGE('',*,*,#4812,.F.);
#6958=ORIENTED_EDGE('',*,*,#5615,.T.);
#6959=ORIENTED_EDGE('',*,*,#5207,.F.);
#6960=ORIENTED_EDGE('',*,*,#5615,.F.);
#6961=ORIENTED_EDGE('',*,*,#4811,.F.);
#6962=ORIENTED_EDGE('',*,*,#5612,.T.);
#6963=ORIENTED_EDGE('',*,*,#5208,.F.);
#6964=ORIENTED_EDGE('',*,*,#5616,.F.);
#6965=ORIENTED_EDGE('',*,*,#4814,.F.);
#6966=ORIENTED_EDGE('',*,*,#5617,.T.);
#6967=ORIENTED_EDGE('',*,*,#5209,.F.);
#6968=ORIENTED_EDGE('',*,*,#5617,.F.);
#6969=ORIENTED_EDGE('',*,*,#4817,.F.);
#6970=ORIENTED_EDGE('',*,*,#5618,.T.);
#6971=ORIENTED_EDGE('',*,*,#5210,.F.);
#6972=ORIENTED_EDGE('',*,*,#5618,.F.);
#6973=ORIENTED_EDGE('',*,*,#4816,.F.);
#6974=ORIENTED_EDGE('',*,*,#5619,.T.);
#6975=ORIENTED_EDGE('',*,*,#5211,.F.);
#6976=ORIENTED_EDGE('',*,*,#5619,.F.);
#6977=ORIENTED_EDGE('',*,*,#4815,.F.);
#6978=ORIENTED_EDGE('',*,*,#5616,.T.);
#6979=ORIENTED_EDGE('',*,*,#5212,.F.);
#6980=ORIENTED_EDGE('',*,*,#5620,.F.);
#6981=ORIENTED_EDGE('',*,*,#4818,.F.);
#6982=ORIENTED_EDGE('',*,*,#5621,.T.);
#6983=ORIENTED_EDGE('',*,*,#5213,.F.);
#6984=ORIENTED_EDGE('',*,*,#5621,.F.);
#6985=ORIENTED_EDGE('',*,*,#4821,.F.);
#6986=ORIENTED_EDGE('',*,*,#5622,.T.);
#6987=ORIENTED_EDGE('',*,*,#5214,.F.);
#6988=ORIENTED_EDGE('',*,*,#5622,.F.);
#6989=ORIENTED_EDGE('',*,*,#4820,.F.);
#6990=ORIENTED_EDGE('',*,*,#5623,.T.);
#6991=ORIENTED_EDGE('',*,*,#5215,.F.);
#6992=ORIENTED_EDGE('',*,*,#5623,.F.);
#6993=ORIENTED_EDGE('',*,*,#4819,.F.);
#6994=ORIENTED_EDGE('',*,*,#5620,.T.);
#6995=ORIENTED_EDGE('',*,*,#5216,.F.);
#6996=ORIENTED_EDGE('',*,*,#5624,.F.);
#6997=ORIENTED_EDGE('',*,*,#4822,.F.);
#6998=ORIENTED_EDGE('',*,*,#5625,.T.);
#6999=ORIENTED_EDGE('',*,*,#5217,.F.);
#7000=ORIENTED_EDGE('',*,*,#5625,.F.);
#7001=ORIENTED_EDGE('',*,*,#4825,.F.);
#7002=ORIENTED_EDGE('',*,*,#5626,.T.);
#7003=ORIENTED_EDGE('',*,*,#5218,.F.);
#7004=ORIENTED_EDGE('',*,*,#5626,.F.);
#7005=ORIENTED_EDGE('',*,*,#4824,.F.);
#7006=ORIENTED_EDGE('',*,*,#5627,.T.);
#7007=ORIENTED_EDGE('',*,*,#5219,.F.);
#7008=ORIENTED_EDGE('',*,*,#5627,.F.);
#7009=ORIENTED_EDGE('',*,*,#4823,.F.);
#7010=ORIENTED_EDGE('',*,*,#5624,.T.);
#7011=ORIENTED_EDGE('',*,*,#5220,.F.);
#7012=ORIENTED_EDGE('',*,*,#5628,.F.);
#7013=ORIENTED_EDGE('',*,*,#4826,.F.);
#7014=ORIENTED_EDGE('',*,*,#5629,.T.);
#7015=ORIENTED_EDGE('',*,*,#5221,.F.);
#7016=ORIENTED_EDGE('',*,*,#5629,.F.);
#7017=ORIENTED_EDGE('',*,*,#4829,.F.);
#7018=ORIENTED_EDGE('',*,*,#5630,.T.);
#7019=ORIENTED_EDGE('',*,*,#5222,.F.);
#7020=ORIENTED_EDGE('',*,*,#5630,.F.);
#7021=ORIENTED_EDGE('',*,*,#4828,.F.);
#7022=ORIENTED_EDGE('',*,*,#5631,.T.);
#7023=ORIENTED_EDGE('',*,*,#5223,.F.);
#7024=ORIENTED_EDGE('',*,*,#5631,.F.);
#7025=ORIENTED_EDGE('',*,*,#4827,.F.);
#7026=ORIENTED_EDGE('',*,*,#5628,.T.);
#7027=ORIENTED_EDGE('',*,*,#5224,.F.);
#7028=ORIENTED_EDGE('',*,*,#5632,.F.);
#7029=ORIENTED_EDGE('',*,*,#4830,.F.);
#7030=ORIENTED_EDGE('',*,*,#5633,.T.);
#7031=ORIENTED_EDGE('',*,*,#5225,.F.);
#7032=ORIENTED_EDGE('',*,*,#5633,.F.);
#7033=ORIENTED_EDGE('',*,*,#4833,.F.);
#7034=ORIENTED_EDGE('',*,*,#5634,.T.);
#7035=ORIENTED_EDGE('',*,*,#5226,.F.);
#7036=ORIENTED_EDGE('',*,*,#5634,.F.);
#7037=ORIENTED_EDGE('',*,*,#4832,.F.);
#7038=ORIENTED_EDGE('',*,*,#5635,.T.);
#7039=ORIENTED_EDGE('',*,*,#5227,.F.);
#7040=ORIENTED_EDGE('',*,*,#5635,.F.);
#7041=ORIENTED_EDGE('',*,*,#4831,.F.);
#7042=ORIENTED_EDGE('',*,*,#5632,.T.);
#7043=ORIENTED_EDGE('',*,*,#5228,.F.);
#7044=ORIENTED_EDGE('',*,*,#5636,.F.);
#7045=ORIENTED_EDGE('',*,*,#4834,.F.);
#7046=ORIENTED_EDGE('',*,*,#5637,.T.);
#7047=ORIENTED_EDGE('',*,*,#5229,.F.);
#7048=ORIENTED_EDGE('',*,*,#5637,.F.);
#7049=ORIENTED_EDGE('',*,*,#4837,.F.);
#7050=ORIENTED_EDGE('',*,*,#5638,.T.);
#7051=ORIENTED_EDGE('',*,*,#5230,.F.);
#7052=ORIENTED_EDGE('',*,*,#5638,.F.);
#7053=ORIENTED_EDGE('',*,*,#4836,.F.);
#7054=ORIENTED_EDGE('',*,*,#5639,.T.);
#7055=ORIENTED_EDGE('',*,*,#5231,.F.);
#7056=ORIENTED_EDGE('',*,*,#5639,.F.);
#7057=ORIENTED_EDGE('',*,*,#4835,.F.);
#7058=ORIENTED_EDGE('',*,*,#5636,.T.);
#7059=ORIENTED_EDGE('',*,*,#5232,.F.);
#7060=ORIENTED_EDGE('',*,*,#5640,.F.);
#7061=ORIENTED_EDGE('',*,*,#4838,.F.);
#7062=ORIENTED_EDGE('',*,*,#5641,.T.);
#7063=ORIENTED_EDGE('',*,*,#5233,.F.);
#7064=ORIENTED_EDGE('',*,*,#5641,.F.);
#7065=ORIENTED_EDGE('',*,*,#4841,.F.);
#7066=ORIENTED_EDGE('',*,*,#5642,.T.);
#7067=ORIENTED_EDGE('',*,*,#5234,.F.);
#7068=ORIENTED_EDGE('',*,*,#5642,.F.);
#7069=ORIENTED_EDGE('',*,*,#4840,.F.);
#7070=ORIENTED_EDGE('',*,*,#5643,.T.);
#7071=ORIENTED_EDGE('',*,*,#5235,.F.);
#7072=ORIENTED_EDGE('',*,*,#5643,.F.);
#7073=ORIENTED_EDGE('',*,*,#4839,.F.);
#7074=ORIENTED_EDGE('',*,*,#5640,.T.);
#7075=ORIENTED_EDGE('',*,*,#5236,.F.);
#7076=ORIENTED_EDGE('',*,*,#5644,.F.);
#7077=ORIENTED_EDGE('',*,*,#4842,.F.);
#7078=ORIENTED_EDGE('',*,*,#5645,.T.);
#7079=ORIENTED_EDGE('',*,*,#5237,.F.);
#7080=ORIENTED_EDGE('',*,*,#5645,.F.);
#7081=ORIENTED_EDGE('',*,*,#4845,.F.);
#7082=ORIENTED_EDGE('',*,*,#5646,.T.);
#7083=ORIENTED_EDGE('',*,*,#5238,.F.);
#7084=ORIENTED_EDGE('',*,*,#5646,.F.);
#7085=ORIENTED_EDGE('',*,*,#4844,.F.);
#7086=ORIENTED_EDGE('',*,*,#5647,.T.);
#7087=ORIENTED_EDGE('',*,*,#5239,.F.);
#7088=ORIENTED_EDGE('',*,*,#5647,.F.);
#7089=ORIENTED_EDGE('',*,*,#4843,.F.);
#7090=ORIENTED_EDGE('',*,*,#5644,.T.);
#7091=ORIENTED_EDGE('',*,*,#5648,.F.);
#7092=ORIENTED_EDGE('',*,*,#4846,.F.);
#7093=ORIENTED_EDGE('',*,*,#5649,.F.);
#7094=ORIENTED_EDGE('',*,*,#5569,.T.);
#7095=ORIENTED_EDGE('',*,*,#5649,.T.);
#7096=ORIENTED_EDGE('',*,*,#4849,.F.);
#7097=ORIENTED_EDGE('',*,*,#5650,.T.);
#7098=ORIENTED_EDGE('',*,*,#5167,.F.);
#7099=ORIENTED_EDGE('',*,*,#5570,.T.);
#7100=ORIENTED_EDGE('',*,*,#5168,.F.);
#7101=ORIENTED_EDGE('',*,*,#5650,.F.);
#7102=ORIENTED_EDGE('',*,*,#4848,.F.);
#7103=ORIENTED_EDGE('',*,*,#5651,.T.);
#7104=ORIENTED_EDGE('',*,*,#5169,.F.);
#7105=ORIENTED_EDGE('',*,*,#5651,.F.);
#7106=ORIENTED_EDGE('',*,*,#4847,.F.);
#7107=ORIENTED_EDGE('',*,*,#5648,.T.);
#7108=ORIENTED_EDGE('',*,*,#5568,.T.);
#7109=ORIENTED_EDGE('',*,*,#5240,.F.);
#7110=ORIENTED_EDGE('',*,*,#5652,.F.);
#7111=ORIENTED_EDGE('',*,*,#4850,.F.);
#7112=ORIENTED_EDGE('',*,*,#5653,.T.);
#7113=ORIENTED_EDGE('',*,*,#5241,.F.);
#7114=ORIENTED_EDGE('',*,*,#5653,.F.);
#7115=ORIENTED_EDGE('',*,*,#4853,.F.);
#7116=ORIENTED_EDGE('',*,*,#5654,.T.);
#7117=ORIENTED_EDGE('',*,*,#5242,.F.);
#7118=ORIENTED_EDGE('',*,*,#5654,.F.);
#7119=ORIENTED_EDGE('',*,*,#4852,.F.);
#7120=ORIENTED_EDGE('',*,*,#5655,.T.);
#7121=ORIENTED_EDGE('',*,*,#5243,.F.);
#7122=ORIENTED_EDGE('',*,*,#5655,.F.);
#7123=ORIENTED_EDGE('',*,*,#4851,.F.);
#7124=ORIENTED_EDGE('',*,*,#5652,.T.);
#7125=ORIENTED_EDGE('',*,*,#5244,.F.);
#7126=ORIENTED_EDGE('',*,*,#5656,.F.);
#7127=ORIENTED_EDGE('',*,*,#4854,.F.);
#7128=ORIENTED_EDGE('',*,*,#5657,.T.);
#7129=ORIENTED_EDGE('',*,*,#5245,.F.);
#7130=ORIENTED_EDGE('',*,*,#5657,.F.);
#7131=ORIENTED_EDGE('',*,*,#4857,.F.);
#7132=ORIENTED_EDGE('',*,*,#5658,.T.);
#7133=ORIENTED_EDGE('',*,*,#5246,.F.);
#7134=ORIENTED_EDGE('',*,*,#5658,.F.);
#7135=ORIENTED_EDGE('',*,*,#4856,.F.);
#7136=ORIENTED_EDGE('',*,*,#5659,.T.);
#7137=ORIENTED_EDGE('',*,*,#5247,.F.);
#7138=ORIENTED_EDGE('',*,*,#5659,.F.);
#7139=ORIENTED_EDGE('',*,*,#4855,.F.);
#7140=ORIENTED_EDGE('',*,*,#5656,.T.);
#7141=ORIENTED_EDGE('',*,*,#5248,.F.);
#7142=ORIENTED_EDGE('',*,*,#5660,.F.);
#7143=ORIENTED_EDGE('',*,*,#4858,.F.);
#7144=ORIENTED_EDGE('',*,*,#5661,.T.);
#7145=ORIENTED_EDGE('',*,*,#5249,.F.);
#7146=ORIENTED_EDGE('',*,*,#5661,.F.);
#7147=ORIENTED_EDGE('',*,*,#4861,.F.);
#7148=ORIENTED_EDGE('',*,*,#5662,.T.);
#7149=ORIENTED_EDGE('',*,*,#5250,.F.);
#7150=ORIENTED_EDGE('',*,*,#5662,.F.);
#7151=ORIENTED_EDGE('',*,*,#4860,.F.);
#7152=ORIENTED_EDGE('',*,*,#5663,.T.);
#7153=ORIENTED_EDGE('',*,*,#5251,.F.);
#7154=ORIENTED_EDGE('',*,*,#5663,.F.);
#7155=ORIENTED_EDGE('',*,*,#4859,.F.);
#7156=ORIENTED_EDGE('',*,*,#5660,.T.);
#7157=ORIENTED_EDGE('',*,*,#5252,.F.);
#7158=ORIENTED_EDGE('',*,*,#5664,.F.);
#7159=ORIENTED_EDGE('',*,*,#4862,.F.);
#7160=ORIENTED_EDGE('',*,*,#5665,.T.);
#7161=ORIENTED_EDGE('',*,*,#5253,.F.);
#7162=ORIENTED_EDGE('',*,*,#5665,.F.);
#7163=ORIENTED_EDGE('',*,*,#4865,.F.);
#7164=ORIENTED_EDGE('',*,*,#5666,.T.);
#7165=ORIENTED_EDGE('',*,*,#5254,.F.);
#7166=ORIENTED_EDGE('',*,*,#5666,.F.);
#7167=ORIENTED_EDGE('',*,*,#4864,.F.);
#7168=ORIENTED_EDGE('',*,*,#5667,.T.);
#7169=ORIENTED_EDGE('',*,*,#5255,.F.);
#7170=ORIENTED_EDGE('',*,*,#5667,.F.);
#7171=ORIENTED_EDGE('',*,*,#4863,.F.);
#7172=ORIENTED_EDGE('',*,*,#5664,.T.);
#7173=ORIENTED_EDGE('',*,*,#5256,.F.);
#7174=ORIENTED_EDGE('',*,*,#5668,.F.);
#7175=ORIENTED_EDGE('',*,*,#4866,.F.);
#7176=ORIENTED_EDGE('',*,*,#5669,.T.);
#7177=ORIENTED_EDGE('',*,*,#5257,.F.);
#7178=ORIENTED_EDGE('',*,*,#5669,.F.);
#7179=ORIENTED_EDGE('',*,*,#4869,.F.);
#7180=ORIENTED_EDGE('',*,*,#5670,.T.);
#7181=ORIENTED_EDGE('',*,*,#5258,.F.);
#7182=ORIENTED_EDGE('',*,*,#5670,.F.);
#7183=ORIENTED_EDGE('',*,*,#4868,.F.);
#7184=ORIENTED_EDGE('',*,*,#5671,.T.);
#7185=ORIENTED_EDGE('',*,*,#5259,.F.);
#7186=ORIENTED_EDGE('',*,*,#5671,.F.);
#7187=ORIENTED_EDGE('',*,*,#4867,.F.);
#7188=ORIENTED_EDGE('',*,*,#5668,.T.);
#7189=ORIENTED_EDGE('',*,*,#5260,.F.);
#7190=ORIENTED_EDGE('',*,*,#5672,.F.);
#7191=ORIENTED_EDGE('',*,*,#4870,.F.);
#7192=ORIENTED_EDGE('',*,*,#5673,.T.);
#7193=ORIENTED_EDGE('',*,*,#5261,.F.);
#7194=ORIENTED_EDGE('',*,*,#5673,.F.);
#7195=ORIENTED_EDGE('',*,*,#4873,.F.);
#7196=ORIENTED_EDGE('',*,*,#5674,.T.);
#7197=ORIENTED_EDGE('',*,*,#5262,.F.);
#7198=ORIENTED_EDGE('',*,*,#5674,.F.);
#7199=ORIENTED_EDGE('',*,*,#4872,.F.);
#7200=ORIENTED_EDGE('',*,*,#5675,.T.);
#7201=ORIENTED_EDGE('',*,*,#5263,.F.);
#7202=ORIENTED_EDGE('',*,*,#5675,.F.);
#7203=ORIENTED_EDGE('',*,*,#4871,.F.);
#7204=ORIENTED_EDGE('',*,*,#5672,.T.);
#7205=ORIENTED_EDGE('',*,*,#5264,.F.);
#7206=ORIENTED_EDGE('',*,*,#5676,.F.);
#7207=ORIENTED_EDGE('',*,*,#4874,.F.);
#7208=ORIENTED_EDGE('',*,*,#5677,.T.);
#7209=ORIENTED_EDGE('',*,*,#5265,.F.);
#7210=ORIENTED_EDGE('',*,*,#5677,.F.);
#7211=ORIENTED_EDGE('',*,*,#4877,.F.);
#7212=ORIENTED_EDGE('',*,*,#5678,.T.);
#7213=ORIENTED_EDGE('',*,*,#5266,.F.);
#7214=ORIENTED_EDGE('',*,*,#5678,.F.);
#7215=ORIENTED_EDGE('',*,*,#4876,.F.);
#7216=ORIENTED_EDGE('',*,*,#5679,.T.);
#7217=ORIENTED_EDGE('',*,*,#5267,.F.);
#7218=ORIENTED_EDGE('',*,*,#5679,.F.);
#7219=ORIENTED_EDGE('',*,*,#4875,.F.);
#7220=ORIENTED_EDGE('',*,*,#5676,.T.);
#7221=ORIENTED_EDGE('',*,*,#5268,.F.);
#7222=ORIENTED_EDGE('',*,*,#5680,.F.);
#7223=ORIENTED_EDGE('',*,*,#4878,.F.);
#7224=ORIENTED_EDGE('',*,*,#5681,.T.);
#7225=ORIENTED_EDGE('',*,*,#5269,.F.);
#7226=ORIENTED_EDGE('',*,*,#5681,.F.);
#7227=ORIENTED_EDGE('',*,*,#4881,.F.);
#7228=ORIENTED_EDGE('',*,*,#5682,.T.);
#7229=ORIENTED_EDGE('',*,*,#5270,.F.);
#7230=ORIENTED_EDGE('',*,*,#5682,.F.);
#7231=ORIENTED_EDGE('',*,*,#4880,.F.);
#7232=ORIENTED_EDGE('',*,*,#5683,.T.);
#7233=ORIENTED_EDGE('',*,*,#5271,.F.);
#7234=ORIENTED_EDGE('',*,*,#5683,.F.);
#7235=ORIENTED_EDGE('',*,*,#4879,.F.);
#7236=ORIENTED_EDGE('',*,*,#5680,.T.);
#7237=ORIENTED_EDGE('',*,*,#5272,.F.);
#7238=ORIENTED_EDGE('',*,*,#5684,.F.);
#7239=ORIENTED_EDGE('',*,*,#4882,.F.);
#7240=ORIENTED_EDGE('',*,*,#5685,.T.);
#7241=ORIENTED_EDGE('',*,*,#5273,.F.);
#7242=ORIENTED_EDGE('',*,*,#5685,.F.);
#7243=ORIENTED_EDGE('',*,*,#4885,.F.);
#7244=ORIENTED_EDGE('',*,*,#5686,.T.);
#7245=ORIENTED_EDGE('',*,*,#5274,.F.);
#7246=ORIENTED_EDGE('',*,*,#5686,.F.);
#7247=ORIENTED_EDGE('',*,*,#4884,.F.);
#7248=ORIENTED_EDGE('',*,*,#5687,.T.);
#7249=ORIENTED_EDGE('',*,*,#5275,.F.);
#7250=ORIENTED_EDGE('',*,*,#5687,.F.);
#7251=ORIENTED_EDGE('',*,*,#4883,.F.);
#7252=ORIENTED_EDGE('',*,*,#5684,.T.);
#7253=ORIENTED_EDGE('',*,*,#5276,.F.);
#7254=ORIENTED_EDGE('',*,*,#5688,.F.);
#7255=ORIENTED_EDGE('',*,*,#4886,.F.);
#7256=ORIENTED_EDGE('',*,*,#5689,.T.);
#7257=ORIENTED_EDGE('',*,*,#5277,.F.);
#7258=ORIENTED_EDGE('',*,*,#5689,.F.);
#7259=ORIENTED_EDGE('',*,*,#4889,.F.);
#7260=ORIENTED_EDGE('',*,*,#5690,.T.);
#7261=ORIENTED_EDGE('',*,*,#5278,.F.);
#7262=ORIENTED_EDGE('',*,*,#5690,.F.);
#7263=ORIENTED_EDGE('',*,*,#4888,.F.);
#7264=ORIENTED_EDGE('',*,*,#5691,.T.);
#7265=ORIENTED_EDGE('',*,*,#5279,.F.);
#7266=ORIENTED_EDGE('',*,*,#5691,.F.);
#7267=ORIENTED_EDGE('',*,*,#4887,.F.);
#7268=ORIENTED_EDGE('',*,*,#5688,.T.);
#7269=ORIENTED_EDGE('',*,*,#5280,.F.);
#7270=ORIENTED_EDGE('',*,*,#5692,.F.);
#7271=ORIENTED_EDGE('',*,*,#4890,.F.);
#7272=ORIENTED_EDGE('',*,*,#5693,.T.);
#7273=ORIENTED_EDGE('',*,*,#5281,.F.);
#7274=ORIENTED_EDGE('',*,*,#5693,.F.);
#7275=ORIENTED_EDGE('',*,*,#4893,.F.);
#7276=ORIENTED_EDGE('',*,*,#5694,.T.);
#7277=ORIENTED_EDGE('',*,*,#5282,.F.);
#7278=ORIENTED_EDGE('',*,*,#5694,.F.);
#7279=ORIENTED_EDGE('',*,*,#4892,.F.);
#7280=ORIENTED_EDGE('',*,*,#5695,.T.);
#7281=ORIENTED_EDGE('',*,*,#5283,.F.);
#7282=ORIENTED_EDGE('',*,*,#5695,.F.);
#7283=ORIENTED_EDGE('',*,*,#4891,.F.);
#7284=ORIENTED_EDGE('',*,*,#5692,.T.);
#7285=ORIENTED_EDGE('',*,*,#5284,.F.);
#7286=ORIENTED_EDGE('',*,*,#5696,.F.);
#7287=ORIENTED_EDGE('',*,*,#4894,.F.);
#7288=ORIENTED_EDGE('',*,*,#5697,.T.);
#7289=ORIENTED_EDGE('',*,*,#5285,.F.);
#7290=ORIENTED_EDGE('',*,*,#5697,.F.);
#7291=ORIENTED_EDGE('',*,*,#4897,.F.);
#7292=ORIENTED_EDGE('',*,*,#5698,.T.);
#7293=ORIENTED_EDGE('',*,*,#5286,.F.);
#7294=ORIENTED_EDGE('',*,*,#5698,.F.);
#7295=ORIENTED_EDGE('',*,*,#4896,.F.);
#7296=ORIENTED_EDGE('',*,*,#5699,.T.);
#7297=ORIENTED_EDGE('',*,*,#5287,.F.);
#7298=ORIENTED_EDGE('',*,*,#5699,.F.);
#7299=ORIENTED_EDGE('',*,*,#4895,.F.);
#7300=ORIENTED_EDGE('',*,*,#5696,.T.);
#7301=ORIENTED_EDGE('',*,*,#5700,.F.);
#7302=ORIENTED_EDGE('',*,*,#4898,.F.);
#7303=ORIENTED_EDGE('',*,*,#5701,.F.);
#7304=ORIENTED_EDGE('',*,*,#5566,.T.);
#7305=ORIENTED_EDGE('',*,*,#5701,.T.);
#7306=ORIENTED_EDGE('',*,*,#4901,.F.);
#7307=ORIENTED_EDGE('',*,*,#5702,.T.);
#7308=ORIENTED_EDGE('',*,*,#5171,.F.);
#7309=ORIENTED_EDGE('',*,*,#5567,.T.);
#7310=ORIENTED_EDGE('',*,*,#5172,.F.);
#7311=ORIENTED_EDGE('',*,*,#5702,.F.);
#7312=ORIENTED_EDGE('',*,*,#4900,.F.);
#7313=ORIENTED_EDGE('',*,*,#5703,.T.);
#7314=ORIENTED_EDGE('',*,*,#5173,.F.);
#7315=ORIENTED_EDGE('',*,*,#5703,.F.);
#7316=ORIENTED_EDGE('',*,*,#4899,.F.);
#7317=ORIENTED_EDGE('',*,*,#5700,.T.);
#7318=ORIENTED_EDGE('',*,*,#5565,.T.);
#7319=ORIENTED_EDGE('',*,*,#5288,.F.);
#7320=ORIENTED_EDGE('',*,*,#5704,.F.);
#7321=ORIENTED_EDGE('',*,*,#4902,.F.);
#7322=ORIENTED_EDGE('',*,*,#5705,.T.);
#7323=ORIENTED_EDGE('',*,*,#5289,.F.);
#7324=ORIENTED_EDGE('',*,*,#5705,.F.);
#7325=ORIENTED_EDGE('',*,*,#4905,.F.);
#7326=ORIENTED_EDGE('',*,*,#5706,.T.);
#7327=ORIENTED_EDGE('',*,*,#5290,.F.);
#7328=ORIENTED_EDGE('',*,*,#5706,.F.);
#7329=ORIENTED_EDGE('',*,*,#4904,.F.);
#7330=ORIENTED_EDGE('',*,*,#5707,.T.);
#7331=ORIENTED_EDGE('',*,*,#5291,.F.);
#7332=ORIENTED_EDGE('',*,*,#5707,.F.);
#7333=ORIENTED_EDGE('',*,*,#4903,.F.);
#7334=ORIENTED_EDGE('',*,*,#5704,.T.);
#7335=ORIENTED_EDGE('',*,*,#5292,.F.);
#7336=ORIENTED_EDGE('',*,*,#5708,.F.);
#7337=ORIENTED_EDGE('',*,*,#4906,.F.);
#7338=ORIENTED_EDGE('',*,*,#5709,.T.);
#7339=ORIENTED_EDGE('',*,*,#5293,.F.);
#7340=ORIENTED_EDGE('',*,*,#5709,.F.);
#7341=ORIENTED_EDGE('',*,*,#4909,.F.);
#7342=ORIENTED_EDGE('',*,*,#5710,.T.);
#7343=ORIENTED_EDGE('',*,*,#5294,.F.);
#7344=ORIENTED_EDGE('',*,*,#5710,.F.);
#7345=ORIENTED_EDGE('',*,*,#4908,.F.);
#7346=ORIENTED_EDGE('',*,*,#5711,.T.);
#7347=ORIENTED_EDGE('',*,*,#5295,.F.);
#7348=ORIENTED_EDGE('',*,*,#5711,.F.);
#7349=ORIENTED_EDGE('',*,*,#4907,.F.);
#7350=ORIENTED_EDGE('',*,*,#5708,.T.);
#7351=ORIENTED_EDGE('',*,*,#5296,.F.);
#7352=ORIENTED_EDGE('',*,*,#5712,.F.);
#7353=ORIENTED_EDGE('',*,*,#4910,.F.);
#7354=ORIENTED_EDGE('',*,*,#5713,.T.);
#7355=ORIENTED_EDGE('',*,*,#5297,.F.);
#7356=ORIENTED_EDGE('',*,*,#5713,.F.);
#7357=ORIENTED_EDGE('',*,*,#4913,.F.);
#7358=ORIENTED_EDGE('',*,*,#5714,.T.);
#7359=ORIENTED_EDGE('',*,*,#5298,.F.);
#7360=ORIENTED_EDGE('',*,*,#5714,.F.);
#7361=ORIENTED_EDGE('',*,*,#4912,.F.);
#7362=ORIENTED_EDGE('',*,*,#5715,.T.);
#7363=ORIENTED_EDGE('',*,*,#5299,.F.);
#7364=ORIENTED_EDGE('',*,*,#5715,.F.);
#7365=ORIENTED_EDGE('',*,*,#4911,.F.);
#7366=ORIENTED_EDGE('',*,*,#5712,.T.);
#7367=ORIENTED_EDGE('',*,*,#5300,.F.);
#7368=ORIENTED_EDGE('',*,*,#5716,.F.);
#7369=ORIENTED_EDGE('',*,*,#4914,.F.);
#7370=ORIENTED_EDGE('',*,*,#5717,.T.);
#7371=ORIENTED_EDGE('',*,*,#5301,.F.);
#7372=ORIENTED_EDGE('',*,*,#5717,.F.);
#7373=ORIENTED_EDGE('',*,*,#4917,.F.);
#7374=ORIENTED_EDGE('',*,*,#5718,.T.);
#7375=ORIENTED_EDGE('',*,*,#5302,.F.);
#7376=ORIENTED_EDGE('',*,*,#5718,.F.);
#7377=ORIENTED_EDGE('',*,*,#4916,.F.);
#7378=ORIENTED_EDGE('',*,*,#5719,.T.);
#7379=ORIENTED_EDGE('',*,*,#5303,.F.);
#7380=ORIENTED_EDGE('',*,*,#5719,.F.);
#7381=ORIENTED_EDGE('',*,*,#4915,.F.);
#7382=ORIENTED_EDGE('',*,*,#5716,.T.);
#7383=ORIENTED_EDGE('',*,*,#5304,.F.);
#7384=ORIENTED_EDGE('',*,*,#5720,.F.);
#7385=ORIENTED_EDGE('',*,*,#4918,.F.);
#7386=ORIENTED_EDGE('',*,*,#5721,.T.);
#7387=ORIENTED_EDGE('',*,*,#5305,.F.);
#7388=ORIENTED_EDGE('',*,*,#5721,.F.);
#7389=ORIENTED_EDGE('',*,*,#4921,.F.);
#7390=ORIENTED_EDGE('',*,*,#5722,.T.);
#7391=ORIENTED_EDGE('',*,*,#5306,.F.);
#7392=ORIENTED_EDGE('',*,*,#5722,.F.);
#7393=ORIENTED_EDGE('',*,*,#4920,.F.);
#7394=ORIENTED_EDGE('',*,*,#5723,.T.);
#7395=ORIENTED_EDGE('',*,*,#5307,.F.);
#7396=ORIENTED_EDGE('',*,*,#5723,.F.);
#7397=ORIENTED_EDGE('',*,*,#4919,.F.);
#7398=ORIENTED_EDGE('',*,*,#5720,.T.);
#7399=ORIENTED_EDGE('',*,*,#5308,.F.);
#7400=ORIENTED_EDGE('',*,*,#5724,.F.);
#7401=ORIENTED_EDGE('',*,*,#4922,.F.);
#7402=ORIENTED_EDGE('',*,*,#5725,.T.);
#7403=ORIENTED_EDGE('',*,*,#5309,.F.);
#7404=ORIENTED_EDGE('',*,*,#5725,.F.);
#7405=ORIENTED_EDGE('',*,*,#4925,.F.);
#7406=ORIENTED_EDGE('',*,*,#5726,.T.);
#7407=ORIENTED_EDGE('',*,*,#5310,.F.);
#7408=ORIENTED_EDGE('',*,*,#5726,.F.);
#7409=ORIENTED_EDGE('',*,*,#4924,.F.);
#7410=ORIENTED_EDGE('',*,*,#5727,.T.);
#7411=ORIENTED_EDGE('',*,*,#5311,.F.);
#7412=ORIENTED_EDGE('',*,*,#5727,.F.);
#7413=ORIENTED_EDGE('',*,*,#4923,.F.);
#7414=ORIENTED_EDGE('',*,*,#5724,.T.);
#7415=ORIENTED_EDGE('',*,*,#5312,.F.);
#7416=ORIENTED_EDGE('',*,*,#5728,.F.);
#7417=ORIENTED_EDGE('',*,*,#4926,.F.);
#7418=ORIENTED_EDGE('',*,*,#5729,.T.);
#7419=ORIENTED_EDGE('',*,*,#5313,.F.);
#7420=ORIENTED_EDGE('',*,*,#5729,.F.);
#7421=ORIENTED_EDGE('',*,*,#4929,.F.);
#7422=ORIENTED_EDGE('',*,*,#5730,.T.);
#7423=ORIENTED_EDGE('',*,*,#5314,.F.);
#7424=ORIENTED_EDGE('',*,*,#5730,.F.);
#7425=ORIENTED_EDGE('',*,*,#4928,.F.);
#7426=ORIENTED_EDGE('',*,*,#5731,.T.);
#7427=ORIENTED_EDGE('',*,*,#5315,.F.);
#7428=ORIENTED_EDGE('',*,*,#5731,.F.);
#7429=ORIENTED_EDGE('',*,*,#4927,.F.);
#7430=ORIENTED_EDGE('',*,*,#5728,.T.);
#7431=ORIENTED_EDGE('',*,*,#5316,.F.);
#7432=ORIENTED_EDGE('',*,*,#5732,.F.);
#7433=ORIENTED_EDGE('',*,*,#4930,.F.);
#7434=ORIENTED_EDGE('',*,*,#5733,.T.);
#7435=ORIENTED_EDGE('',*,*,#5317,.F.);
#7436=ORIENTED_EDGE('',*,*,#5733,.F.);
#7437=ORIENTED_EDGE('',*,*,#4933,.F.);
#7438=ORIENTED_EDGE('',*,*,#5734,.T.);
#7439=ORIENTED_EDGE('',*,*,#5318,.F.);
#7440=ORIENTED_EDGE('',*,*,#5734,.F.);
#7441=ORIENTED_EDGE('',*,*,#4932,.F.);
#7442=ORIENTED_EDGE('',*,*,#5735,.T.);
#7443=ORIENTED_EDGE('',*,*,#5319,.F.);
#7444=ORIENTED_EDGE('',*,*,#5735,.F.);
#7445=ORIENTED_EDGE('',*,*,#4931,.F.);
#7446=ORIENTED_EDGE('',*,*,#5732,.T.);
#7447=ORIENTED_EDGE('',*,*,#5320,.F.);
#7448=ORIENTED_EDGE('',*,*,#5736,.F.);
#7449=ORIENTED_EDGE('',*,*,#4934,.F.);
#7450=ORIENTED_EDGE('',*,*,#5737,.T.);
#7451=ORIENTED_EDGE('',*,*,#5321,.F.);
#7452=ORIENTED_EDGE('',*,*,#5737,.F.);
#7453=ORIENTED_EDGE('',*,*,#4937,.F.);
#7454=ORIENTED_EDGE('',*,*,#5738,.T.);
#7455=ORIENTED_EDGE('',*,*,#5322,.F.);
#7456=ORIENTED_EDGE('',*,*,#5738,.F.);
#7457=ORIENTED_EDGE('',*,*,#4936,.F.);
#7458=ORIENTED_EDGE('',*,*,#5739,.T.);
#7459=ORIENTED_EDGE('',*,*,#5323,.F.);
#7460=ORIENTED_EDGE('',*,*,#5739,.F.);
#7461=ORIENTED_EDGE('',*,*,#4935,.F.);
#7462=ORIENTED_EDGE('',*,*,#5736,.T.);
#7463=ORIENTED_EDGE('',*,*,#5324,.F.);
#7464=ORIENTED_EDGE('',*,*,#5740,.F.);
#7465=ORIENTED_EDGE('',*,*,#4938,.F.);
#7466=ORIENTED_EDGE('',*,*,#5741,.T.);
#7467=ORIENTED_EDGE('',*,*,#5325,.F.);
#7468=ORIENTED_EDGE('',*,*,#5741,.F.);
#7469=ORIENTED_EDGE('',*,*,#4941,.F.);
#7470=ORIENTED_EDGE('',*,*,#5742,.T.);
#7471=ORIENTED_EDGE('',*,*,#5326,.F.);
#7472=ORIENTED_EDGE('',*,*,#5742,.F.);
#7473=ORIENTED_EDGE('',*,*,#4940,.F.);
#7474=ORIENTED_EDGE('',*,*,#5743,.T.);
#7475=ORIENTED_EDGE('',*,*,#5327,.F.);
#7476=ORIENTED_EDGE('',*,*,#5743,.F.);
#7477=ORIENTED_EDGE('',*,*,#4939,.F.);
#7478=ORIENTED_EDGE('',*,*,#5740,.T.);
#7479=ORIENTED_EDGE('',*,*,#5328,.F.);
#7480=ORIENTED_EDGE('',*,*,#5744,.F.);
#7481=ORIENTED_EDGE('',*,*,#4942,.F.);
#7482=ORIENTED_EDGE('',*,*,#5745,.T.);
#7483=ORIENTED_EDGE('',*,*,#5329,.F.);
#7484=ORIENTED_EDGE('',*,*,#5745,.F.);
#7485=ORIENTED_EDGE('',*,*,#4945,.F.);
#7486=ORIENTED_EDGE('',*,*,#5746,.T.);
#7487=ORIENTED_EDGE('',*,*,#5330,.F.);
#7488=ORIENTED_EDGE('',*,*,#5746,.F.);
#7489=ORIENTED_EDGE('',*,*,#4944,.F.);
#7490=ORIENTED_EDGE('',*,*,#5747,.T.);
#7491=ORIENTED_EDGE('',*,*,#5331,.F.);
#7492=ORIENTED_EDGE('',*,*,#5747,.F.);
#7493=ORIENTED_EDGE('',*,*,#4943,.F.);
#7494=ORIENTED_EDGE('',*,*,#5744,.T.);
#7495=ORIENTED_EDGE('',*,*,#5332,.F.);
#7496=ORIENTED_EDGE('',*,*,#5748,.F.);
#7497=ORIENTED_EDGE('',*,*,#4946,.F.);
#7498=ORIENTED_EDGE('',*,*,#5749,.T.);
#7499=ORIENTED_EDGE('',*,*,#5333,.F.);
#7500=ORIENTED_EDGE('',*,*,#5749,.F.);
#7501=ORIENTED_EDGE('',*,*,#4949,.F.);
#7502=ORIENTED_EDGE('',*,*,#5750,.T.);
#7503=ORIENTED_EDGE('',*,*,#5334,.F.);
#7504=ORIENTED_EDGE('',*,*,#5750,.F.);
#7505=ORIENTED_EDGE('',*,*,#4948,.F.);
#7506=ORIENTED_EDGE('',*,*,#5751,.T.);
#7507=ORIENTED_EDGE('',*,*,#5335,.F.);
#7508=ORIENTED_EDGE('',*,*,#5751,.F.);
#7509=ORIENTED_EDGE('',*,*,#4947,.F.);
#7510=ORIENTED_EDGE('',*,*,#5748,.T.);
#7511=ORIENTED_EDGE('',*,*,#5752,.F.);
#7512=ORIENTED_EDGE('',*,*,#4950,.F.);
#7513=ORIENTED_EDGE('',*,*,#5753,.F.);
#7514=ORIENTED_EDGE('',*,*,#5563,.T.);
#7515=ORIENTED_EDGE('',*,*,#5753,.T.);
#7516=ORIENTED_EDGE('',*,*,#4953,.F.);
#7517=ORIENTED_EDGE('',*,*,#5754,.T.);
#7518=ORIENTED_EDGE('',*,*,#5175,.F.);
#7519=ORIENTED_EDGE('',*,*,#5564,.T.);
#7520=ORIENTED_EDGE('',*,*,#5176,.F.);
#7521=ORIENTED_EDGE('',*,*,#5754,.F.);
#7522=ORIENTED_EDGE('',*,*,#4952,.F.);
#7523=ORIENTED_EDGE('',*,*,#5755,.T.);
#7524=ORIENTED_EDGE('',*,*,#5177,.F.);
#7525=ORIENTED_EDGE('',*,*,#5755,.F.);
#7526=ORIENTED_EDGE('',*,*,#4951,.F.);
#7527=ORIENTED_EDGE('',*,*,#5752,.T.);
#7528=ORIENTED_EDGE('',*,*,#5562,.T.);
#7529=ORIENTED_EDGE('',*,*,#5336,.F.);
#7530=ORIENTED_EDGE('',*,*,#5756,.F.);
#7531=ORIENTED_EDGE('',*,*,#4954,.F.);
#7532=ORIENTED_EDGE('',*,*,#5757,.T.);
#7533=ORIENTED_EDGE('',*,*,#5337,.F.);
#7534=ORIENTED_EDGE('',*,*,#5757,.F.);
#7535=ORIENTED_EDGE('',*,*,#4957,.F.);
#7536=ORIENTED_EDGE('',*,*,#5758,.T.);
#7537=ORIENTED_EDGE('',*,*,#5338,.F.);
#7538=ORIENTED_EDGE('',*,*,#5758,.F.);
#7539=ORIENTED_EDGE('',*,*,#4956,.F.);
#7540=ORIENTED_EDGE('',*,*,#5759,.T.);
#7541=ORIENTED_EDGE('',*,*,#5339,.F.);
#7542=ORIENTED_EDGE('',*,*,#5759,.F.);
#7543=ORIENTED_EDGE('',*,*,#4955,.F.);
#7544=ORIENTED_EDGE('',*,*,#5756,.T.);
#7545=ORIENTED_EDGE('',*,*,#5340,.F.);
#7546=ORIENTED_EDGE('',*,*,#5760,.F.);
#7547=ORIENTED_EDGE('',*,*,#4958,.F.);
#7548=ORIENTED_EDGE('',*,*,#5761,.T.);
#7549=ORIENTED_EDGE('',*,*,#5341,.F.);
#7550=ORIENTED_EDGE('',*,*,#5761,.F.);
#7551=ORIENTED_EDGE('',*,*,#4961,.F.);
#7552=ORIENTED_EDGE('',*,*,#5762,.T.);
#7553=ORIENTED_EDGE('',*,*,#5342,.F.);
#7554=ORIENTED_EDGE('',*,*,#5762,.F.);
#7555=ORIENTED_EDGE('',*,*,#4960,.F.);
#7556=ORIENTED_EDGE('',*,*,#5763,.T.);
#7557=ORIENTED_EDGE('',*,*,#5343,.F.);
#7558=ORIENTED_EDGE('',*,*,#5763,.F.);
#7559=ORIENTED_EDGE('',*,*,#4959,.F.);
#7560=ORIENTED_EDGE('',*,*,#5760,.T.);
#7561=ORIENTED_EDGE('',*,*,#5344,.F.);
#7562=ORIENTED_EDGE('',*,*,#5764,.F.);
#7563=ORIENTED_EDGE('',*,*,#4962,.F.);
#7564=ORIENTED_EDGE('',*,*,#5765,.T.);
#7565=ORIENTED_EDGE('',*,*,#5345,.F.);
#7566=ORIENTED_EDGE('',*,*,#5765,.F.);
#7567=ORIENTED_EDGE('',*,*,#4965,.F.);
#7568=ORIENTED_EDGE('',*,*,#5766,.T.);
#7569=ORIENTED_EDGE('',*,*,#5346,.F.);
#7570=ORIENTED_EDGE('',*,*,#5766,.F.);
#7571=ORIENTED_EDGE('',*,*,#4964,.F.);
#7572=ORIENTED_EDGE('',*,*,#5767,.T.);
#7573=ORIENTED_EDGE('',*,*,#5347,.F.);
#7574=ORIENTED_EDGE('',*,*,#5767,.F.);
#7575=ORIENTED_EDGE('',*,*,#4963,.F.);
#7576=ORIENTED_EDGE('',*,*,#5764,.T.);
#7577=ORIENTED_EDGE('',*,*,#5348,.F.);
#7578=ORIENTED_EDGE('',*,*,#5768,.F.);
#7579=ORIENTED_EDGE('',*,*,#4966,.F.);
#7580=ORIENTED_EDGE('',*,*,#5769,.T.);
#7581=ORIENTED_EDGE('',*,*,#5349,.F.);
#7582=ORIENTED_EDGE('',*,*,#5769,.F.);
#7583=ORIENTED_EDGE('',*,*,#4969,.F.);
#7584=ORIENTED_EDGE('',*,*,#5770,.T.);
#7585=ORIENTED_EDGE('',*,*,#5350,.F.);
#7586=ORIENTED_EDGE('',*,*,#5770,.F.);
#7587=ORIENTED_EDGE('',*,*,#4968,.F.);
#7588=ORIENTED_EDGE('',*,*,#5771,.T.);
#7589=ORIENTED_EDGE('',*,*,#5351,.F.);
#7590=ORIENTED_EDGE('',*,*,#5771,.F.);
#7591=ORIENTED_EDGE('',*,*,#4967,.F.);
#7592=ORIENTED_EDGE('',*,*,#5768,.T.);
#7593=ORIENTED_EDGE('',*,*,#5352,.F.);
#7594=ORIENTED_EDGE('',*,*,#5772,.F.);
#7595=ORIENTED_EDGE('',*,*,#4970,.F.);
#7596=ORIENTED_EDGE('',*,*,#5773,.T.);
#7597=ORIENTED_EDGE('',*,*,#5353,.F.);
#7598=ORIENTED_EDGE('',*,*,#5773,.F.);
#7599=ORIENTED_EDGE('',*,*,#4973,.F.);
#7600=ORIENTED_EDGE('',*,*,#5774,.T.);
#7601=ORIENTED_EDGE('',*,*,#5354,.F.);
#7602=ORIENTED_EDGE('',*,*,#5774,.F.);
#7603=ORIENTED_EDGE('',*,*,#4972,.F.);
#7604=ORIENTED_EDGE('',*,*,#5775,.T.);
#7605=ORIENTED_EDGE('',*,*,#5355,.F.);
#7606=ORIENTED_EDGE('',*,*,#5775,.F.);
#7607=ORIENTED_EDGE('',*,*,#4971,.F.);
#7608=ORIENTED_EDGE('',*,*,#5772,.T.);
#7609=ORIENTED_EDGE('',*,*,#5356,.F.);
#7610=ORIENTED_EDGE('',*,*,#5776,.F.);
#7611=ORIENTED_EDGE('',*,*,#4974,.F.);
#7612=ORIENTED_EDGE('',*,*,#5777,.T.);
#7613=ORIENTED_EDGE('',*,*,#5357,.F.);
#7614=ORIENTED_EDGE('',*,*,#5777,.F.);
#7615=ORIENTED_EDGE('',*,*,#4977,.F.);
#7616=ORIENTED_EDGE('',*,*,#5778,.T.);
#7617=ORIENTED_EDGE('',*,*,#5358,.F.);
#7618=ORIENTED_EDGE('',*,*,#5778,.F.);
#7619=ORIENTED_EDGE('',*,*,#4976,.F.);
#7620=ORIENTED_EDGE('',*,*,#5779,.T.);
#7621=ORIENTED_EDGE('',*,*,#5359,.F.);
#7622=ORIENTED_EDGE('',*,*,#5779,.F.);
#7623=ORIENTED_EDGE('',*,*,#4975,.F.);
#7624=ORIENTED_EDGE('',*,*,#5776,.T.);
#7625=ORIENTED_EDGE('',*,*,#5360,.F.);
#7626=ORIENTED_EDGE('',*,*,#5780,.F.);
#7627=ORIENTED_EDGE('',*,*,#4978,.F.);
#7628=ORIENTED_EDGE('',*,*,#5781,.T.);
#7629=ORIENTED_EDGE('',*,*,#5361,.F.);
#7630=ORIENTED_EDGE('',*,*,#5781,.F.);
#7631=ORIENTED_EDGE('',*,*,#4981,.F.);
#7632=ORIENTED_EDGE('',*,*,#5782,.T.);
#7633=ORIENTED_EDGE('',*,*,#5362,.F.);
#7634=ORIENTED_EDGE('',*,*,#5782,.F.);
#7635=ORIENTED_EDGE('',*,*,#4980,.F.);
#7636=ORIENTED_EDGE('',*,*,#5783,.T.);
#7637=ORIENTED_EDGE('',*,*,#5363,.F.);
#7638=ORIENTED_EDGE('',*,*,#5783,.F.);
#7639=ORIENTED_EDGE('',*,*,#4979,.F.);
#7640=ORIENTED_EDGE('',*,*,#5780,.T.);
#7641=ORIENTED_EDGE('',*,*,#5364,.F.);
#7642=ORIENTED_EDGE('',*,*,#5784,.F.);
#7643=ORIENTED_EDGE('',*,*,#4982,.F.);
#7644=ORIENTED_EDGE('',*,*,#5785,.T.);
#7645=ORIENTED_EDGE('',*,*,#5365,.F.);
#7646=ORIENTED_EDGE('',*,*,#5785,.F.);
#7647=ORIENTED_EDGE('',*,*,#4985,.F.);
#7648=ORIENTED_EDGE('',*,*,#5786,.T.);
#7649=ORIENTED_EDGE('',*,*,#5366,.F.);
#7650=ORIENTED_EDGE('',*,*,#5786,.F.);
#7651=ORIENTED_EDGE('',*,*,#4984,.F.);
#7652=ORIENTED_EDGE('',*,*,#5787,.T.);
#7653=ORIENTED_EDGE('',*,*,#5367,.F.);
#7654=ORIENTED_EDGE('',*,*,#5787,.F.);
#7655=ORIENTED_EDGE('',*,*,#4983,.F.);
#7656=ORIENTED_EDGE('',*,*,#5784,.T.);
#7657=ORIENTED_EDGE('',*,*,#5368,.F.);
#7658=ORIENTED_EDGE('',*,*,#5788,.F.);
#7659=ORIENTED_EDGE('',*,*,#4986,.F.);
#7660=ORIENTED_EDGE('',*,*,#5789,.T.);
#7661=ORIENTED_EDGE('',*,*,#5369,.F.);
#7662=ORIENTED_EDGE('',*,*,#5789,.F.);
#7663=ORIENTED_EDGE('',*,*,#4989,.F.);
#7664=ORIENTED_EDGE('',*,*,#5790,.T.);
#7665=ORIENTED_EDGE('',*,*,#5370,.F.);
#7666=ORIENTED_EDGE('',*,*,#5790,.F.);
#7667=ORIENTED_EDGE('',*,*,#4988,.F.);
#7668=ORIENTED_EDGE('',*,*,#5791,.T.);
#7669=ORIENTED_EDGE('',*,*,#5371,.F.);
#7670=ORIENTED_EDGE('',*,*,#5791,.F.);
#7671=ORIENTED_EDGE('',*,*,#4987,.F.);
#7672=ORIENTED_EDGE('',*,*,#5788,.T.);
#7673=ORIENTED_EDGE('',*,*,#5372,.F.);
#7674=ORIENTED_EDGE('',*,*,#5792,.F.);
#7675=ORIENTED_EDGE('',*,*,#4990,.F.);
#7676=ORIENTED_EDGE('',*,*,#5793,.T.);
#7677=ORIENTED_EDGE('',*,*,#5373,.F.);
#7678=ORIENTED_EDGE('',*,*,#5793,.F.);
#7679=ORIENTED_EDGE('',*,*,#4993,.F.);
#7680=ORIENTED_EDGE('',*,*,#5794,.T.);
#7681=ORIENTED_EDGE('',*,*,#5374,.F.);
#7682=ORIENTED_EDGE('',*,*,#5794,.F.);
#7683=ORIENTED_EDGE('',*,*,#4992,.F.);
#7684=ORIENTED_EDGE('',*,*,#5795,.T.);
#7685=ORIENTED_EDGE('',*,*,#5375,.F.);
#7686=ORIENTED_EDGE('',*,*,#5795,.F.);
#7687=ORIENTED_EDGE('',*,*,#4991,.F.);
#7688=ORIENTED_EDGE('',*,*,#5792,.T.);
#7689=ORIENTED_EDGE('',*,*,#5376,.F.);
#7690=ORIENTED_EDGE('',*,*,#5796,.F.);
#7691=ORIENTED_EDGE('',*,*,#4994,.F.);
#7692=ORIENTED_EDGE('',*,*,#5797,.T.);
#7693=ORIENTED_EDGE('',*,*,#5377,.F.);
#7694=ORIENTED_EDGE('',*,*,#5797,.F.);
#7695=ORIENTED_EDGE('',*,*,#4997,.F.);
#7696=ORIENTED_EDGE('',*,*,#5798,.T.);
#7697=ORIENTED_EDGE('',*,*,#5378,.F.);
#7698=ORIENTED_EDGE('',*,*,#5798,.F.);
#7699=ORIENTED_EDGE('',*,*,#4996,.F.);
#7700=ORIENTED_EDGE('',*,*,#5799,.T.);
#7701=ORIENTED_EDGE('',*,*,#5379,.F.);
#7702=ORIENTED_EDGE('',*,*,#5799,.F.);
#7703=ORIENTED_EDGE('',*,*,#4995,.F.);
#7704=ORIENTED_EDGE('',*,*,#5796,.T.);
#7705=ORIENTED_EDGE('',*,*,#5800,.F.);
#7706=ORIENTED_EDGE('',*,*,#4998,.F.);
#7707=ORIENTED_EDGE('',*,*,#5801,.F.);
#7708=ORIENTED_EDGE('',*,*,#5560,.F.);
#7709=ORIENTED_EDGE('',*,*,#5801,.T.);
#7710=ORIENTED_EDGE('',*,*,#5001,.F.);
#7711=ORIENTED_EDGE('',*,*,#5802,.T.);
#7712=ORIENTED_EDGE('',*,*,#5179,.F.);
#7713=ORIENTED_EDGE('',*,*,#5561,.T.);
#7714=ORIENTED_EDGE('',*,*,#5180,.F.);
#7715=ORIENTED_EDGE('',*,*,#5802,.F.);
#7716=ORIENTED_EDGE('',*,*,#5000,.F.);
#7717=ORIENTED_EDGE('',*,*,#5803,.T.);
#7718=ORIENTED_EDGE('',*,*,#5181,.F.);
#7719=ORIENTED_EDGE('',*,*,#5803,.F.);
#7720=ORIENTED_EDGE('',*,*,#4999,.F.);
#7721=ORIENTED_EDGE('',*,*,#5800,.T.);
#7722=ORIENTED_EDGE('',*,*,#5559,.T.);
#7723=ORIENTED_EDGE('',*,*,#5380,.F.);
#7724=ORIENTED_EDGE('',*,*,#5804,.F.);
#7725=ORIENTED_EDGE('',*,*,#5002,.F.);
#7726=ORIENTED_EDGE('',*,*,#5805,.T.);
#7727=ORIENTED_EDGE('',*,*,#5381,.F.);
#7728=ORIENTED_EDGE('',*,*,#5805,.F.);
#7729=ORIENTED_EDGE('',*,*,#5005,.F.);
#7730=ORIENTED_EDGE('',*,*,#5806,.T.);
#7731=ORIENTED_EDGE('',*,*,#5382,.F.);
#7732=ORIENTED_EDGE('',*,*,#5806,.F.);
#7733=ORIENTED_EDGE('',*,*,#5004,.F.);
#7734=ORIENTED_EDGE('',*,*,#5807,.T.);
#7735=ORIENTED_EDGE('',*,*,#5383,.F.);
#7736=ORIENTED_EDGE('',*,*,#5807,.F.);
#7737=ORIENTED_EDGE('',*,*,#5003,.F.);
#7738=ORIENTED_EDGE('',*,*,#5804,.T.);
#7739=ORIENTED_EDGE('',*,*,#5384,.F.);
#7740=ORIENTED_EDGE('',*,*,#5808,.F.);
#7741=ORIENTED_EDGE('',*,*,#5006,.F.);
#7742=ORIENTED_EDGE('',*,*,#5809,.T.);
#7743=ORIENTED_EDGE('',*,*,#5385,.F.);
#7744=ORIENTED_EDGE('',*,*,#5809,.F.);
#7745=ORIENTED_EDGE('',*,*,#5009,.F.);
#7746=ORIENTED_EDGE('',*,*,#5810,.T.);
#7747=ORIENTED_EDGE('',*,*,#5386,.F.);
#7748=ORIENTED_EDGE('',*,*,#5810,.F.);
#7749=ORIENTED_EDGE('',*,*,#5008,.F.);
#7750=ORIENTED_EDGE('',*,*,#5811,.T.);
#7751=ORIENTED_EDGE('',*,*,#5387,.F.);
#7752=ORIENTED_EDGE('',*,*,#5811,.F.);
#7753=ORIENTED_EDGE('',*,*,#5007,.F.);
#7754=ORIENTED_EDGE('',*,*,#5808,.T.);
#7755=ORIENTED_EDGE('',*,*,#5388,.F.);
#7756=ORIENTED_EDGE('',*,*,#5812,.F.);
#7757=ORIENTED_EDGE('',*,*,#5010,.F.);
#7758=ORIENTED_EDGE('',*,*,#5813,.T.);
#7759=ORIENTED_EDGE('',*,*,#5389,.F.);
#7760=ORIENTED_EDGE('',*,*,#5813,.F.);
#7761=ORIENTED_EDGE('',*,*,#5013,.F.);
#7762=ORIENTED_EDGE('',*,*,#5814,.T.);
#7763=ORIENTED_EDGE('',*,*,#5390,.F.);
#7764=ORIENTED_EDGE('',*,*,#5814,.F.);
#7765=ORIENTED_EDGE('',*,*,#5012,.F.);
#7766=ORIENTED_EDGE('',*,*,#5815,.T.);
#7767=ORIENTED_EDGE('',*,*,#5391,.F.);
#7768=ORIENTED_EDGE('',*,*,#5815,.F.);
#7769=ORIENTED_EDGE('',*,*,#5011,.F.);
#7770=ORIENTED_EDGE('',*,*,#5812,.T.);
#7771=ORIENTED_EDGE('',*,*,#5392,.F.);
#7772=ORIENTED_EDGE('',*,*,#5816,.F.);
#7773=ORIENTED_EDGE('',*,*,#5014,.F.);
#7774=ORIENTED_EDGE('',*,*,#5817,.T.);
#7775=ORIENTED_EDGE('',*,*,#5393,.F.);
#7776=ORIENTED_EDGE('',*,*,#5817,.F.);
#7777=ORIENTED_EDGE('',*,*,#5017,.F.);
#7778=ORIENTED_EDGE('',*,*,#5818,.T.);
#7779=ORIENTED_EDGE('',*,*,#5394,.F.);
#7780=ORIENTED_EDGE('',*,*,#5818,.F.);
#7781=ORIENTED_EDGE('',*,*,#5016,.F.);
#7782=ORIENTED_EDGE('',*,*,#5819,.T.);
#7783=ORIENTED_EDGE('',*,*,#5395,.F.);
#7784=ORIENTED_EDGE('',*,*,#5819,.F.);
#7785=ORIENTED_EDGE('',*,*,#5015,.F.);
#7786=ORIENTED_EDGE('',*,*,#5816,.T.);
#7787=ORIENTED_EDGE('',*,*,#5396,.F.);
#7788=ORIENTED_EDGE('',*,*,#5820,.F.);
#7789=ORIENTED_EDGE('',*,*,#5018,.F.);
#7790=ORIENTED_EDGE('',*,*,#5821,.T.);
#7791=ORIENTED_EDGE('',*,*,#5397,.F.);
#7792=ORIENTED_EDGE('',*,*,#5821,.F.);
#7793=ORIENTED_EDGE('',*,*,#5021,.F.);
#7794=ORIENTED_EDGE('',*,*,#5822,.T.);
#7795=ORIENTED_EDGE('',*,*,#5398,.F.);
#7796=ORIENTED_EDGE('',*,*,#5822,.F.);
#7797=ORIENTED_EDGE('',*,*,#5020,.F.);
#7798=ORIENTED_EDGE('',*,*,#5823,.T.);
#7799=ORIENTED_EDGE('',*,*,#5399,.F.);
#7800=ORIENTED_EDGE('',*,*,#5823,.F.);
#7801=ORIENTED_EDGE('',*,*,#5019,.F.);
#7802=ORIENTED_EDGE('',*,*,#5820,.T.);
#7803=ORIENTED_EDGE('',*,*,#5400,.F.);
#7804=ORIENTED_EDGE('',*,*,#5824,.F.);
#7805=ORIENTED_EDGE('',*,*,#5022,.F.);
#7806=ORIENTED_EDGE('',*,*,#5825,.T.);
#7807=ORIENTED_EDGE('',*,*,#5401,.F.);
#7808=ORIENTED_EDGE('',*,*,#5825,.F.);
#7809=ORIENTED_EDGE('',*,*,#5025,.F.);
#7810=ORIENTED_EDGE('',*,*,#5826,.T.);
#7811=ORIENTED_EDGE('',*,*,#5402,.F.);
#7812=ORIENTED_EDGE('',*,*,#5826,.F.);
#7813=ORIENTED_EDGE('',*,*,#5024,.F.);
#7814=ORIENTED_EDGE('',*,*,#5827,.T.);
#7815=ORIENTED_EDGE('',*,*,#5403,.F.);
#7816=ORIENTED_EDGE('',*,*,#5827,.F.);
#7817=ORIENTED_EDGE('',*,*,#5023,.F.);
#7818=ORIENTED_EDGE('',*,*,#5824,.T.);
#7819=ORIENTED_EDGE('',*,*,#5404,.F.);
#7820=ORIENTED_EDGE('',*,*,#5828,.F.);
#7821=ORIENTED_EDGE('',*,*,#5026,.F.);
#7822=ORIENTED_EDGE('',*,*,#5829,.T.);
#7823=ORIENTED_EDGE('',*,*,#5405,.F.);
#7824=ORIENTED_EDGE('',*,*,#5829,.F.);
#7825=ORIENTED_EDGE('',*,*,#5029,.F.);
#7826=ORIENTED_EDGE('',*,*,#5830,.T.);
#7827=ORIENTED_EDGE('',*,*,#5406,.F.);
#7828=ORIENTED_EDGE('',*,*,#5830,.F.);
#7829=ORIENTED_EDGE('',*,*,#5028,.F.);
#7830=ORIENTED_EDGE('',*,*,#5831,.T.);
#7831=ORIENTED_EDGE('',*,*,#5407,.F.);
#7832=ORIENTED_EDGE('',*,*,#5831,.F.);
#7833=ORIENTED_EDGE('',*,*,#5027,.F.);
#7834=ORIENTED_EDGE('',*,*,#5828,.T.);
#7835=ORIENTED_EDGE('',*,*,#5408,.F.);
#7836=ORIENTED_EDGE('',*,*,#5832,.F.);
#7837=ORIENTED_EDGE('',*,*,#5030,.F.);
#7838=ORIENTED_EDGE('',*,*,#5833,.T.);
#7839=ORIENTED_EDGE('',*,*,#5409,.F.);
#7840=ORIENTED_EDGE('',*,*,#5833,.F.);
#7841=ORIENTED_EDGE('',*,*,#5033,.F.);
#7842=ORIENTED_EDGE('',*,*,#5834,.T.);
#7843=ORIENTED_EDGE('',*,*,#5410,.F.);
#7844=ORIENTED_EDGE('',*,*,#5834,.F.);
#7845=ORIENTED_EDGE('',*,*,#5032,.F.);
#7846=ORIENTED_EDGE('',*,*,#5835,.T.);
#7847=ORIENTED_EDGE('',*,*,#5411,.F.);
#7848=ORIENTED_EDGE('',*,*,#5835,.F.);
#7849=ORIENTED_EDGE('',*,*,#5031,.F.);
#7850=ORIENTED_EDGE('',*,*,#5832,.T.);
#7851=ORIENTED_EDGE('',*,*,#5412,.F.);
#7852=ORIENTED_EDGE('',*,*,#5836,.F.);
#7853=ORIENTED_EDGE('',*,*,#5034,.F.);
#7854=ORIENTED_EDGE('',*,*,#5837,.T.);
#7855=ORIENTED_EDGE('',*,*,#5413,.F.);
#7856=ORIENTED_EDGE('',*,*,#5837,.F.);
#7857=ORIENTED_EDGE('',*,*,#5037,.F.);
#7858=ORIENTED_EDGE('',*,*,#5838,.T.);
#7859=ORIENTED_EDGE('',*,*,#5414,.F.);
#7860=ORIENTED_EDGE('',*,*,#5838,.F.);
#7861=ORIENTED_EDGE('',*,*,#5036,.F.);
#7862=ORIENTED_EDGE('',*,*,#5839,.T.);
#7863=ORIENTED_EDGE('',*,*,#5415,.F.);
#7864=ORIENTED_EDGE('',*,*,#5839,.F.);
#7865=ORIENTED_EDGE('',*,*,#5035,.F.);
#7866=ORIENTED_EDGE('',*,*,#5836,.T.);
#7867=ORIENTED_EDGE('',*,*,#5416,.F.);
#7868=ORIENTED_EDGE('',*,*,#5840,.F.);
#7869=ORIENTED_EDGE('',*,*,#5038,.F.);
#7870=ORIENTED_EDGE('',*,*,#5841,.T.);
#7871=ORIENTED_EDGE('',*,*,#5417,.F.);
#7872=ORIENTED_EDGE('',*,*,#5841,.F.);
#7873=ORIENTED_EDGE('',*,*,#5041,.F.);
#7874=ORIENTED_EDGE('',*,*,#5842,.T.);
#7875=ORIENTED_EDGE('',*,*,#5418,.F.);
#7876=ORIENTED_EDGE('',*,*,#5842,.F.);
#7877=ORIENTED_EDGE('',*,*,#5040,.F.);
#7878=ORIENTED_EDGE('',*,*,#5843,.T.);
#7879=ORIENTED_EDGE('',*,*,#5419,.F.);
#7880=ORIENTED_EDGE('',*,*,#5843,.F.);
#7881=ORIENTED_EDGE('',*,*,#5039,.F.);
#7882=ORIENTED_EDGE('',*,*,#5840,.T.);
#7883=ORIENTED_EDGE('',*,*,#5420,.F.);
#7884=ORIENTED_EDGE('',*,*,#5844,.F.);
#7885=ORIENTED_EDGE('',*,*,#5042,.F.);
#7886=ORIENTED_EDGE('',*,*,#5845,.T.);
#7887=ORIENTED_EDGE('',*,*,#5421,.F.);
#7888=ORIENTED_EDGE('',*,*,#5845,.F.);
#7889=ORIENTED_EDGE('',*,*,#5045,.F.);
#7890=ORIENTED_EDGE('',*,*,#5846,.T.);
#7891=ORIENTED_EDGE('',*,*,#5422,.F.);
#7892=ORIENTED_EDGE('',*,*,#5846,.F.);
#7893=ORIENTED_EDGE('',*,*,#5044,.F.);
#7894=ORIENTED_EDGE('',*,*,#5847,.T.);
#7895=ORIENTED_EDGE('',*,*,#5423,.F.);
#7896=ORIENTED_EDGE('',*,*,#5847,.F.);
#7897=ORIENTED_EDGE('',*,*,#5043,.F.);
#7898=ORIENTED_EDGE('',*,*,#5844,.T.);
#7899=ORIENTED_EDGE('',*,*,#5424,.F.);
#7900=ORIENTED_EDGE('',*,*,#5848,.F.);
#7901=ORIENTED_EDGE('',*,*,#5046,.F.);
#7902=ORIENTED_EDGE('',*,*,#5849,.T.);
#7903=ORIENTED_EDGE('',*,*,#5425,.F.);
#7904=ORIENTED_EDGE('',*,*,#5849,.F.);
#7905=ORIENTED_EDGE('',*,*,#5049,.F.);
#7906=ORIENTED_EDGE('',*,*,#5850,.T.);
#7907=ORIENTED_EDGE('',*,*,#5426,.F.);
#7908=ORIENTED_EDGE('',*,*,#5850,.F.);
#7909=ORIENTED_EDGE('',*,*,#5048,.F.);
#7910=ORIENTED_EDGE('',*,*,#5851,.T.);
#7911=ORIENTED_EDGE('',*,*,#5427,.F.);
#7912=ORIENTED_EDGE('',*,*,#5851,.F.);
#7913=ORIENTED_EDGE('',*,*,#5047,.F.);
#7914=ORIENTED_EDGE('',*,*,#5848,.T.);
#7915=ORIENTED_EDGE('',*,*,#5852,.F.);
#7916=ORIENTED_EDGE('',*,*,#5050,.F.);
#7917=ORIENTED_EDGE('',*,*,#5853,.F.);
#7918=ORIENTED_EDGE('',*,*,#5557,.F.);
#7919=ORIENTED_EDGE('',*,*,#5853,.T.);
#7920=ORIENTED_EDGE('',*,*,#5053,.F.);
#7921=ORIENTED_EDGE('',*,*,#5854,.T.);
#7922=ORIENTED_EDGE('',*,*,#5183,.F.);
#7923=ORIENTED_EDGE('',*,*,#5558,.T.);
#7924=ORIENTED_EDGE('',*,*,#5184,.F.);
#7925=ORIENTED_EDGE('',*,*,#5854,.F.);
#7926=ORIENTED_EDGE('',*,*,#5052,.F.);
#7927=ORIENTED_EDGE('',*,*,#5855,.T.);
#7928=ORIENTED_EDGE('',*,*,#5185,.F.);
#7929=ORIENTED_EDGE('',*,*,#5855,.F.);
#7930=ORIENTED_EDGE('',*,*,#5051,.F.);
#7931=ORIENTED_EDGE('',*,*,#5852,.T.);
#7932=ORIENTED_EDGE('',*,*,#5556,.T.);
#7933=ORIENTED_EDGE('',*,*,#5428,.F.);
#7934=ORIENTED_EDGE('',*,*,#5856,.F.);
#7935=ORIENTED_EDGE('',*,*,#5054,.F.);
#7936=ORIENTED_EDGE('',*,*,#5857,.T.);
#7937=ORIENTED_EDGE('',*,*,#5429,.F.);
#7938=ORIENTED_EDGE('',*,*,#5857,.F.);
#7939=ORIENTED_EDGE('',*,*,#5057,.F.);
#7940=ORIENTED_EDGE('',*,*,#5858,.T.);
#7941=ORIENTED_EDGE('',*,*,#5430,.F.);
#7942=ORIENTED_EDGE('',*,*,#5858,.F.);
#7943=ORIENTED_EDGE('',*,*,#5056,.F.);
#7944=ORIENTED_EDGE('',*,*,#5859,.T.);
#7945=ORIENTED_EDGE('',*,*,#5431,.F.);
#7946=ORIENTED_EDGE('',*,*,#5859,.F.);
#7947=ORIENTED_EDGE('',*,*,#5055,.F.);
#7948=ORIENTED_EDGE('',*,*,#5856,.T.);
#7949=ORIENTED_EDGE('',*,*,#5432,.F.);
#7950=ORIENTED_EDGE('',*,*,#5860,.F.);
#7951=ORIENTED_EDGE('',*,*,#5058,.F.);
#7952=ORIENTED_EDGE('',*,*,#5861,.T.);
#7953=ORIENTED_EDGE('',*,*,#5433,.F.);
#7954=ORIENTED_EDGE('',*,*,#5861,.F.);
#7955=ORIENTED_EDGE('',*,*,#5061,.F.);
#7956=ORIENTED_EDGE('',*,*,#5862,.T.);
#7957=ORIENTED_EDGE('',*,*,#5434,.F.);
#7958=ORIENTED_EDGE('',*,*,#5862,.F.);
#7959=ORIENTED_EDGE('',*,*,#5060,.F.);
#7960=ORIENTED_EDGE('',*,*,#5863,.T.);
#7961=ORIENTED_EDGE('',*,*,#5435,.F.);
#7962=ORIENTED_EDGE('',*,*,#5863,.F.);
#7963=ORIENTED_EDGE('',*,*,#5059,.F.);
#7964=ORIENTED_EDGE('',*,*,#5860,.T.);
#7965=ORIENTED_EDGE('',*,*,#5436,.F.);
#7966=ORIENTED_EDGE('',*,*,#5864,.F.);
#7967=ORIENTED_EDGE('',*,*,#5062,.F.);
#7968=ORIENTED_EDGE('',*,*,#5865,.T.);
#7969=ORIENTED_EDGE('',*,*,#5437,.F.);
#7970=ORIENTED_EDGE('',*,*,#5865,.F.);
#7971=ORIENTED_EDGE('',*,*,#5065,.F.);
#7972=ORIENTED_EDGE('',*,*,#5866,.T.);
#7973=ORIENTED_EDGE('',*,*,#5438,.F.);
#7974=ORIENTED_EDGE('',*,*,#5866,.F.);
#7975=ORIENTED_EDGE('',*,*,#5064,.F.);
#7976=ORIENTED_EDGE('',*,*,#5867,.T.);
#7977=ORIENTED_EDGE('',*,*,#5439,.F.);
#7978=ORIENTED_EDGE('',*,*,#5867,.F.);
#7979=ORIENTED_EDGE('',*,*,#5063,.F.);
#7980=ORIENTED_EDGE('',*,*,#5864,.T.);
#7981=ORIENTED_EDGE('',*,*,#5440,.F.);
#7982=ORIENTED_EDGE('',*,*,#5868,.F.);
#7983=ORIENTED_EDGE('',*,*,#5066,.F.);
#7984=ORIENTED_EDGE('',*,*,#5869,.T.);
#7985=ORIENTED_EDGE('',*,*,#5441,.F.);
#7986=ORIENTED_EDGE('',*,*,#5869,.F.);
#7987=ORIENTED_EDGE('',*,*,#5069,.F.);
#7988=ORIENTED_EDGE('',*,*,#5870,.T.);
#7989=ORIENTED_EDGE('',*,*,#5442,.F.);
#7990=ORIENTED_EDGE('',*,*,#5870,.F.);
#7991=ORIENTED_EDGE('',*,*,#5068,.F.);
#7992=ORIENTED_EDGE('',*,*,#5871,.T.);
#7993=ORIENTED_EDGE('',*,*,#5443,.F.);
#7994=ORIENTED_EDGE('',*,*,#5871,.F.);
#7995=ORIENTED_EDGE('',*,*,#5067,.F.);
#7996=ORIENTED_EDGE('',*,*,#5868,.T.);
#7997=ORIENTED_EDGE('',*,*,#5444,.F.);
#7998=ORIENTED_EDGE('',*,*,#5872,.F.);
#7999=ORIENTED_EDGE('',*,*,#5070,.F.);
#8000=ORIENTED_EDGE('',*,*,#5873,.T.);
#8001=ORIENTED_EDGE('',*,*,#5445,.F.);
#8002=ORIENTED_EDGE('',*,*,#5873,.F.);
#8003=ORIENTED_EDGE('',*,*,#5073,.F.);
#8004=ORIENTED_EDGE('',*,*,#5874,.T.);
#8005=ORIENTED_EDGE('',*,*,#5446,.F.);
#8006=ORIENTED_EDGE('',*,*,#5874,.F.);
#8007=ORIENTED_EDGE('',*,*,#5072,.F.);
#8008=ORIENTED_EDGE('',*,*,#5875,.T.);
#8009=ORIENTED_EDGE('',*,*,#5447,.F.);
#8010=ORIENTED_EDGE('',*,*,#5875,.F.);
#8011=ORIENTED_EDGE('',*,*,#5071,.F.);
#8012=ORIENTED_EDGE('',*,*,#5872,.T.);
#8013=ORIENTED_EDGE('',*,*,#5448,.F.);
#8014=ORIENTED_EDGE('',*,*,#5876,.F.);
#8015=ORIENTED_EDGE('',*,*,#5074,.F.);
#8016=ORIENTED_EDGE('',*,*,#5877,.T.);
#8017=ORIENTED_EDGE('',*,*,#5449,.F.);
#8018=ORIENTED_EDGE('',*,*,#5877,.F.);
#8019=ORIENTED_EDGE('',*,*,#5077,.F.);
#8020=ORIENTED_EDGE('',*,*,#5878,.T.);
#8021=ORIENTED_EDGE('',*,*,#5450,.F.);
#8022=ORIENTED_EDGE('',*,*,#5878,.F.);
#8023=ORIENTED_EDGE('',*,*,#5076,.F.);
#8024=ORIENTED_EDGE('',*,*,#5879,.T.);
#8025=ORIENTED_EDGE('',*,*,#5451,.F.);
#8026=ORIENTED_EDGE('',*,*,#5879,.F.);
#8027=ORIENTED_EDGE('',*,*,#5075,.F.);
#8028=ORIENTED_EDGE('',*,*,#5876,.T.);
#8029=ORIENTED_EDGE('',*,*,#5452,.F.);
#8030=ORIENTED_EDGE('',*,*,#5880,.F.);
#8031=ORIENTED_EDGE('',*,*,#5078,.F.);
#8032=ORIENTED_EDGE('',*,*,#5881,.T.);
#8033=ORIENTED_EDGE('',*,*,#5453,.F.);
#8034=ORIENTED_EDGE('',*,*,#5881,.F.);
#8035=ORIENTED_EDGE('',*,*,#5081,.F.);
#8036=ORIENTED_EDGE('',*,*,#5882,.T.);
#8037=ORIENTED_EDGE('',*,*,#5454,.F.);
#8038=ORIENTED_EDGE('',*,*,#5882,.F.);
#8039=ORIENTED_EDGE('',*,*,#5080,.F.);
#8040=ORIENTED_EDGE('',*,*,#5883,.T.);
#8041=ORIENTED_EDGE('',*,*,#5455,.F.);
#8042=ORIENTED_EDGE('',*,*,#5883,.F.);
#8043=ORIENTED_EDGE('',*,*,#5079,.F.);
#8044=ORIENTED_EDGE('',*,*,#5880,.T.);
#8045=ORIENTED_EDGE('',*,*,#5456,.F.);
#8046=ORIENTED_EDGE('',*,*,#5884,.F.);
#8047=ORIENTED_EDGE('',*,*,#5082,.F.);
#8048=ORIENTED_EDGE('',*,*,#5885,.T.);
#8049=ORIENTED_EDGE('',*,*,#5457,.F.);
#8050=ORIENTED_EDGE('',*,*,#5885,.F.);
#8051=ORIENTED_EDGE('',*,*,#5085,.F.);
#8052=ORIENTED_EDGE('',*,*,#5886,.T.);
#8053=ORIENTED_EDGE('',*,*,#5458,.F.);
#8054=ORIENTED_EDGE('',*,*,#5886,.F.);
#8055=ORIENTED_EDGE('',*,*,#5084,.F.);
#8056=ORIENTED_EDGE('',*,*,#5887,.T.);
#8057=ORIENTED_EDGE('',*,*,#5459,.F.);
#8058=ORIENTED_EDGE('',*,*,#5887,.F.);
#8059=ORIENTED_EDGE('',*,*,#5083,.F.);
#8060=ORIENTED_EDGE('',*,*,#5884,.T.);
#8061=ORIENTED_EDGE('',*,*,#5460,.F.);
#8062=ORIENTED_EDGE('',*,*,#5888,.F.);
#8063=ORIENTED_EDGE('',*,*,#5086,.F.);
#8064=ORIENTED_EDGE('',*,*,#5889,.T.);
#8065=ORIENTED_EDGE('',*,*,#5461,.F.);
#8066=ORIENTED_EDGE('',*,*,#5889,.F.);
#8067=ORIENTED_EDGE('',*,*,#5089,.F.);
#8068=ORIENTED_EDGE('',*,*,#5890,.T.);
#8069=ORIENTED_EDGE('',*,*,#5462,.F.);
#8070=ORIENTED_EDGE('',*,*,#5890,.F.);
#8071=ORIENTED_EDGE('',*,*,#5088,.F.);
#8072=ORIENTED_EDGE('',*,*,#5891,.T.);
#8073=ORIENTED_EDGE('',*,*,#5463,.F.);
#8074=ORIENTED_EDGE('',*,*,#5891,.F.);
#8075=ORIENTED_EDGE('',*,*,#5087,.F.);
#8076=ORIENTED_EDGE('',*,*,#5888,.T.);
#8077=ORIENTED_EDGE('',*,*,#5464,.F.);
#8078=ORIENTED_EDGE('',*,*,#5892,.F.);
#8079=ORIENTED_EDGE('',*,*,#5090,.F.);
#8080=ORIENTED_EDGE('',*,*,#5893,.T.);
#8081=ORIENTED_EDGE('',*,*,#5465,.F.);
#8082=ORIENTED_EDGE('',*,*,#5893,.F.);
#8083=ORIENTED_EDGE('',*,*,#5093,.F.);
#8084=ORIENTED_EDGE('',*,*,#5894,.T.);
#8085=ORIENTED_EDGE('',*,*,#5466,.F.);
#8086=ORIENTED_EDGE('',*,*,#5894,.F.);
#8087=ORIENTED_EDGE('',*,*,#5092,.F.);
#8088=ORIENTED_EDGE('',*,*,#5895,.T.);
#8089=ORIENTED_EDGE('',*,*,#5467,.F.);
#8090=ORIENTED_EDGE('',*,*,#5895,.F.);
#8091=ORIENTED_EDGE('',*,*,#5091,.F.);
#8092=ORIENTED_EDGE('',*,*,#5892,.T.);
#8093=ORIENTED_EDGE('',*,*,#5468,.F.);
#8094=ORIENTED_EDGE('',*,*,#5896,.F.);
#8095=ORIENTED_EDGE('',*,*,#5094,.F.);
#8096=ORIENTED_EDGE('',*,*,#5897,.T.);
#8097=ORIENTED_EDGE('',*,*,#5469,.F.);
#8098=ORIENTED_EDGE('',*,*,#5897,.F.);
#8099=ORIENTED_EDGE('',*,*,#5097,.F.);
#8100=ORIENTED_EDGE('',*,*,#5898,.T.);
#8101=ORIENTED_EDGE('',*,*,#5470,.F.);
#8102=ORIENTED_EDGE('',*,*,#5898,.F.);
#8103=ORIENTED_EDGE('',*,*,#5096,.F.);
#8104=ORIENTED_EDGE('',*,*,#5899,.T.);
#8105=ORIENTED_EDGE('',*,*,#5471,.F.);
#8106=ORIENTED_EDGE('',*,*,#5899,.F.);
#8107=ORIENTED_EDGE('',*,*,#5095,.F.);
#8108=ORIENTED_EDGE('',*,*,#5896,.T.);
#8109=ORIENTED_EDGE('',*,*,#5472,.F.);
#8110=ORIENTED_EDGE('',*,*,#5900,.F.);
#8111=ORIENTED_EDGE('',*,*,#5098,.F.);
#8112=ORIENTED_EDGE('',*,*,#5901,.T.);
#8113=ORIENTED_EDGE('',*,*,#5473,.F.);
#8114=ORIENTED_EDGE('',*,*,#5901,.F.);
#8115=ORIENTED_EDGE('',*,*,#5101,.F.);
#8116=ORIENTED_EDGE('',*,*,#5902,.T.);
#8117=ORIENTED_EDGE('',*,*,#5474,.F.);
#8118=ORIENTED_EDGE('',*,*,#5902,.F.);
#8119=ORIENTED_EDGE('',*,*,#5100,.F.);
#8120=ORIENTED_EDGE('',*,*,#5903,.T.);
#8121=ORIENTED_EDGE('',*,*,#5475,.F.);
#8122=ORIENTED_EDGE('',*,*,#5903,.F.);
#8123=ORIENTED_EDGE('',*,*,#5099,.F.);
#8124=ORIENTED_EDGE('',*,*,#5900,.T.);
#8125=ORIENTED_EDGE('',*,*,#5904,.F.);
#8126=ORIENTED_EDGE('',*,*,#5102,.F.);
#8127=ORIENTED_EDGE('',*,*,#5905,.F.);
#8128=ORIENTED_EDGE('',*,*,#5554,.F.);
#8129=ORIENTED_EDGE('',*,*,#5905,.T.);
#8130=ORIENTED_EDGE('',*,*,#5105,.F.);
#8131=ORIENTED_EDGE('',*,*,#5906,.T.);
#8132=ORIENTED_EDGE('',*,*,#5187,.F.);
#8133=ORIENTED_EDGE('',*,*,#5555,.T.);
#8134=ORIENTED_EDGE('',*,*,#5188,.F.);
#8135=ORIENTED_EDGE('',*,*,#5906,.F.);
#8136=ORIENTED_EDGE('',*,*,#5104,.F.);
#8137=ORIENTED_EDGE('',*,*,#5907,.T.);
#8138=ORIENTED_EDGE('',*,*,#5189,.F.);
#8139=ORIENTED_EDGE('',*,*,#5907,.F.);
#8140=ORIENTED_EDGE('',*,*,#5103,.F.);
#8141=ORIENTED_EDGE('',*,*,#5904,.T.);
#8142=ORIENTED_EDGE('',*,*,#5553,.T.);
#8143=ORIENTED_EDGE('',*,*,#5476,.F.);
#8144=ORIENTED_EDGE('',*,*,#5908,.F.);
#8145=ORIENTED_EDGE('',*,*,#5106,.F.);
#8146=ORIENTED_EDGE('',*,*,#5909,.T.);
#8147=ORIENTED_EDGE('',*,*,#5477,.F.);
#8148=ORIENTED_EDGE('',*,*,#5909,.F.);
#8149=ORIENTED_EDGE('',*,*,#5109,.F.);
#8150=ORIENTED_EDGE('',*,*,#5910,.T.);
#8151=ORIENTED_EDGE('',*,*,#5478,.F.);
#8152=ORIENTED_EDGE('',*,*,#5910,.F.);
#8153=ORIENTED_EDGE('',*,*,#5108,.F.);
#8154=ORIENTED_EDGE('',*,*,#5911,.T.);
#8155=ORIENTED_EDGE('',*,*,#5479,.F.);
#8156=ORIENTED_EDGE('',*,*,#5911,.F.);
#8157=ORIENTED_EDGE('',*,*,#5107,.F.);
#8158=ORIENTED_EDGE('',*,*,#5908,.T.);
#8159=ORIENTED_EDGE('',*,*,#5480,.F.);
#8160=ORIENTED_EDGE('',*,*,#5912,.F.);
#8161=ORIENTED_EDGE('',*,*,#5110,.F.);
#8162=ORIENTED_EDGE('',*,*,#5913,.T.);
#8163=ORIENTED_EDGE('',*,*,#5481,.F.);
#8164=ORIENTED_EDGE('',*,*,#5913,.F.);
#8165=ORIENTED_EDGE('',*,*,#5113,.F.);
#8166=ORIENTED_EDGE('',*,*,#5914,.T.);
#8167=ORIENTED_EDGE('',*,*,#5482,.F.);
#8168=ORIENTED_EDGE('',*,*,#5914,.F.);
#8169=ORIENTED_EDGE('',*,*,#5112,.F.);
#8170=ORIENTED_EDGE('',*,*,#5915,.T.);
#8171=ORIENTED_EDGE('',*,*,#5483,.F.);
#8172=ORIENTED_EDGE('',*,*,#5915,.F.);
#8173=ORIENTED_EDGE('',*,*,#5111,.F.);
#8174=ORIENTED_EDGE('',*,*,#5912,.T.);
#8175=ORIENTED_EDGE('',*,*,#5484,.F.);
#8176=ORIENTED_EDGE('',*,*,#5916,.F.);
#8177=ORIENTED_EDGE('',*,*,#5114,.F.);
#8178=ORIENTED_EDGE('',*,*,#5917,.T.);
#8179=ORIENTED_EDGE('',*,*,#5485,.F.);
#8180=ORIENTED_EDGE('',*,*,#5917,.F.);
#8181=ORIENTED_EDGE('',*,*,#5117,.F.);
#8182=ORIENTED_EDGE('',*,*,#5918,.T.);
#8183=ORIENTED_EDGE('',*,*,#5486,.F.);
#8184=ORIENTED_EDGE('',*,*,#5918,.F.);
#8185=ORIENTED_EDGE('',*,*,#5116,.F.);
#8186=ORIENTED_EDGE('',*,*,#5919,.T.);
#8187=ORIENTED_EDGE('',*,*,#5487,.F.);
#8188=ORIENTED_EDGE('',*,*,#5919,.F.);
#8189=ORIENTED_EDGE('',*,*,#5115,.F.);
#8190=ORIENTED_EDGE('',*,*,#5916,.T.);
#8191=ORIENTED_EDGE('',*,*,#5488,.F.);
#8192=ORIENTED_EDGE('',*,*,#5920,.F.);
#8193=ORIENTED_EDGE('',*,*,#5118,.F.);
#8194=ORIENTED_EDGE('',*,*,#5921,.T.);
#8195=ORIENTED_EDGE('',*,*,#5489,.F.);
#8196=ORIENTED_EDGE('',*,*,#5921,.F.);
#8197=ORIENTED_EDGE('',*,*,#5121,.F.);
#8198=ORIENTED_EDGE('',*,*,#5922,.T.);
#8199=ORIENTED_EDGE('',*,*,#5490,.F.);
#8200=ORIENTED_EDGE('',*,*,#5922,.F.);
#8201=ORIENTED_EDGE('',*,*,#5120,.F.);
#8202=ORIENTED_EDGE('',*,*,#5923,.T.);
#8203=ORIENTED_EDGE('',*,*,#5491,.F.);
#8204=ORIENTED_EDGE('',*,*,#5923,.F.);
#8205=ORIENTED_EDGE('',*,*,#5119,.F.);
#8206=ORIENTED_EDGE('',*,*,#5920,.T.);
#8207=ORIENTED_EDGE('',*,*,#5492,.F.);
#8208=ORIENTED_EDGE('',*,*,#5924,.F.);
#8209=ORIENTED_EDGE('',*,*,#5122,.F.);
#8210=ORIENTED_EDGE('',*,*,#5925,.T.);
#8211=ORIENTED_EDGE('',*,*,#5493,.F.);
#8212=ORIENTED_EDGE('',*,*,#5925,.F.);
#8213=ORIENTED_EDGE('',*,*,#5125,.F.);
#8214=ORIENTED_EDGE('',*,*,#5926,.T.);
#8215=ORIENTED_EDGE('',*,*,#5494,.F.);
#8216=ORIENTED_EDGE('',*,*,#5926,.F.);
#8217=ORIENTED_EDGE('',*,*,#5124,.F.);
#8218=ORIENTED_EDGE('',*,*,#5927,.T.);
#8219=ORIENTED_EDGE('',*,*,#5495,.F.);
#8220=ORIENTED_EDGE('',*,*,#5927,.F.);
#8221=ORIENTED_EDGE('',*,*,#5123,.F.);
#8222=ORIENTED_EDGE('',*,*,#5924,.T.);
#8223=ORIENTED_EDGE('',*,*,#5496,.F.);
#8224=ORIENTED_EDGE('',*,*,#5928,.F.);
#8225=ORIENTED_EDGE('',*,*,#5126,.F.);
#8226=ORIENTED_EDGE('',*,*,#5929,.T.);
#8227=ORIENTED_EDGE('',*,*,#5497,.F.);
#8228=ORIENTED_EDGE('',*,*,#5929,.F.);
#8229=ORIENTED_EDGE('',*,*,#5129,.F.);
#8230=ORIENTED_EDGE('',*,*,#5930,.T.);
#8231=ORIENTED_EDGE('',*,*,#5498,.F.);
#8232=ORIENTED_EDGE('',*,*,#5930,.F.);
#8233=ORIENTED_EDGE('',*,*,#5128,.F.);
#8234=ORIENTED_EDGE('',*,*,#5931,.T.);
#8235=ORIENTED_EDGE('',*,*,#5499,.F.);
#8236=ORIENTED_EDGE('',*,*,#5931,.F.);
#8237=ORIENTED_EDGE('',*,*,#5127,.F.);
#8238=ORIENTED_EDGE('',*,*,#5928,.T.);
#8239=ORIENTED_EDGE('',*,*,#5500,.F.);
#8240=ORIENTED_EDGE('',*,*,#5932,.F.);
#8241=ORIENTED_EDGE('',*,*,#5130,.F.);
#8242=ORIENTED_EDGE('',*,*,#5933,.T.);
#8243=ORIENTED_EDGE('',*,*,#5501,.F.);
#8244=ORIENTED_EDGE('',*,*,#5933,.F.);
#8245=ORIENTED_EDGE('',*,*,#5133,.F.);
#8246=ORIENTED_EDGE('',*,*,#5934,.T.);
#8247=ORIENTED_EDGE('',*,*,#5502,.F.);
#8248=ORIENTED_EDGE('',*,*,#5934,.F.);
#8249=ORIENTED_EDGE('',*,*,#5132,.F.);
#8250=ORIENTED_EDGE('',*,*,#5935,.T.);
#8251=ORIENTED_EDGE('',*,*,#5503,.F.);
#8252=ORIENTED_EDGE('',*,*,#5935,.F.);
#8253=ORIENTED_EDGE('',*,*,#5131,.F.);
#8254=ORIENTED_EDGE('',*,*,#5932,.T.);
#8255=ORIENTED_EDGE('',*,*,#5504,.F.);
#8256=ORIENTED_EDGE('',*,*,#5936,.F.);
#8257=ORIENTED_EDGE('',*,*,#5134,.F.);
#8258=ORIENTED_EDGE('',*,*,#5937,.T.);
#8259=ORIENTED_EDGE('',*,*,#5505,.F.);
#8260=ORIENTED_EDGE('',*,*,#5937,.F.);
#8261=ORIENTED_EDGE('',*,*,#5137,.F.);
#8262=ORIENTED_EDGE('',*,*,#5938,.T.);
#8263=ORIENTED_EDGE('',*,*,#5506,.F.);
#8264=ORIENTED_EDGE('',*,*,#5938,.F.);
#8265=ORIENTED_EDGE('',*,*,#5136,.F.);
#8266=ORIENTED_EDGE('',*,*,#5939,.T.);
#8267=ORIENTED_EDGE('',*,*,#5507,.F.);
#8268=ORIENTED_EDGE('',*,*,#5939,.F.);
#8269=ORIENTED_EDGE('',*,*,#5135,.F.);
#8270=ORIENTED_EDGE('',*,*,#5936,.T.);
#8271=ORIENTED_EDGE('',*,*,#5508,.F.);
#8272=ORIENTED_EDGE('',*,*,#5940,.F.);
#8273=ORIENTED_EDGE('',*,*,#5138,.F.);
#8274=ORIENTED_EDGE('',*,*,#5941,.T.);
#8275=ORIENTED_EDGE('',*,*,#5509,.F.);
#8276=ORIENTED_EDGE('',*,*,#5941,.F.);
#8277=ORIENTED_EDGE('',*,*,#5141,.F.);
#8278=ORIENTED_EDGE('',*,*,#5942,.T.);
#8279=ORIENTED_EDGE('',*,*,#5510,.F.);
#8280=ORIENTED_EDGE('',*,*,#5942,.F.);
#8281=ORIENTED_EDGE('',*,*,#5140,.F.);
#8282=ORIENTED_EDGE('',*,*,#5943,.T.);
#8283=ORIENTED_EDGE('',*,*,#5511,.F.);
#8284=ORIENTED_EDGE('',*,*,#5943,.F.);
#8285=ORIENTED_EDGE('',*,*,#5139,.F.);
#8286=ORIENTED_EDGE('',*,*,#5940,.T.);
#8287=ORIENTED_EDGE('',*,*,#5512,.F.);
#8288=ORIENTED_EDGE('',*,*,#5944,.F.);
#8289=ORIENTED_EDGE('',*,*,#5142,.F.);
#8290=ORIENTED_EDGE('',*,*,#5945,.T.);
#8291=ORIENTED_EDGE('',*,*,#5513,.F.);
#8292=ORIENTED_EDGE('',*,*,#5945,.F.);
#8293=ORIENTED_EDGE('',*,*,#5145,.F.);
#8294=ORIENTED_EDGE('',*,*,#5946,.T.);
#8295=ORIENTED_EDGE('',*,*,#5514,.F.);
#8296=ORIENTED_EDGE('',*,*,#5946,.F.);
#8297=ORIENTED_EDGE('',*,*,#5144,.F.);
#8298=ORIENTED_EDGE('',*,*,#5947,.T.);
#8299=ORIENTED_EDGE('',*,*,#5515,.F.);
#8300=ORIENTED_EDGE('',*,*,#5947,.F.);
#8301=ORIENTED_EDGE('',*,*,#5143,.F.);
#8302=ORIENTED_EDGE('',*,*,#5944,.T.);
#8303=ORIENTED_EDGE('',*,*,#5516,.F.);
#8304=ORIENTED_EDGE('',*,*,#5948,.F.);
#8305=ORIENTED_EDGE('',*,*,#5146,.F.);
#8306=ORIENTED_EDGE('',*,*,#5949,.T.);
#8307=ORIENTED_EDGE('',*,*,#5517,.F.);
#8308=ORIENTED_EDGE('',*,*,#5949,.F.);
#8309=ORIENTED_EDGE('',*,*,#5149,.F.);
#8310=ORIENTED_EDGE('',*,*,#5950,.T.);
#8311=ORIENTED_EDGE('',*,*,#5518,.F.);
#8312=ORIENTED_EDGE('',*,*,#5950,.F.);
#8313=ORIENTED_EDGE('',*,*,#5148,.F.);
#8314=ORIENTED_EDGE('',*,*,#5951,.T.);
#8315=ORIENTED_EDGE('',*,*,#5519,.F.);
#8316=ORIENTED_EDGE('',*,*,#5951,.F.);
#8317=ORIENTED_EDGE('',*,*,#5147,.F.);
#8318=ORIENTED_EDGE('',*,*,#5948,.T.);
#8319=ORIENTED_EDGE('',*,*,#5520,.F.);
#8320=ORIENTED_EDGE('',*,*,#5952,.F.);
#8321=ORIENTED_EDGE('',*,*,#5150,.F.);
#8322=ORIENTED_EDGE('',*,*,#5953,.T.);
#8323=ORIENTED_EDGE('',*,*,#5521,.F.);
#8324=ORIENTED_EDGE('',*,*,#5953,.F.);
#8325=ORIENTED_EDGE('',*,*,#5153,.F.);
#8326=ORIENTED_EDGE('',*,*,#5954,.T.);
#8327=ORIENTED_EDGE('',*,*,#5522,.F.);
#8328=ORIENTED_EDGE('',*,*,#5954,.F.);
#8329=ORIENTED_EDGE('',*,*,#5152,.F.);
#8330=ORIENTED_EDGE('',*,*,#5955,.T.);
#8331=ORIENTED_EDGE('',*,*,#5523,.F.);
#8332=ORIENTED_EDGE('',*,*,#5955,.F.);
#8333=ORIENTED_EDGE('',*,*,#5151,.F.);
#8334=ORIENTED_EDGE('',*,*,#5952,.T.);
#8335=ORIENTED_EDGE('',*,*,#5524,.F.);
#8336=ORIENTED_EDGE('',*,*,#5956,.F.);
#8337=ORIENTED_EDGE('',*,*,#5154,.F.);
#8338=ORIENTED_EDGE('',*,*,#5957,.T.);
#8339=ORIENTED_EDGE('',*,*,#5525,.F.);
#8340=ORIENTED_EDGE('',*,*,#5957,.F.);
#8341=ORIENTED_EDGE('',*,*,#5157,.F.);
#8342=ORIENTED_EDGE('',*,*,#5958,.T.);
#8343=ORIENTED_EDGE('',*,*,#5526,.F.);
#8344=ORIENTED_EDGE('',*,*,#5958,.F.);
#8345=ORIENTED_EDGE('',*,*,#5156,.F.);
#8346=ORIENTED_EDGE('',*,*,#5959,.T.);
#8347=ORIENTED_EDGE('',*,*,#5527,.F.);
#8348=ORIENTED_EDGE('',*,*,#5959,.F.);
#8349=ORIENTED_EDGE('',*,*,#5155,.F.);
#8350=ORIENTED_EDGE('',*,*,#5956,.T.);
#8351=ORIENTED_EDGE('',*,*,#5534,.F.);
#8352=ORIENTED_EDGE('',*,*,#5584,.F.);
#8353=ORIENTED_EDGE('',*,*,#5582,.T.);
#8354=ORIENTED_EDGE('',*,*,#5960,.T.);
#8355=ORIENTED_EDGE('',*,*,#5531,.F.);
#8356=ORIENTED_EDGE('',*,*,#5960,.F.);
#8357=ORIENTED_EDGE('',*,*,#5581,.T.);
#8358=ORIENTED_EDGE('',*,*,#5541,.T.);
#8359=ORIENTED_EDGE('',*,*,#5961,.T.);
#8360=ORIENTED_EDGE('',*,*,#5589,.T.);
#8361=ORIENTED_EDGE('',*,*,#5545,.T.);
#8362=ORIENTED_EDGE('',*,*,#5577,.F.);
#8363=ORIENTED_EDGE('',*,*,#5962,.T.);
#8364=ORIENTED_EDGE('',*,*,#5590,.F.);
#8365=ORIENTED_EDGE('',*,*,#5961,.F.);
#8366=ORIENTED_EDGE('',*,*,#5576,.F.);
#8367=ORIENTED_EDGE('',*,*,#5591,.F.);
#8368=ORIENTED_EDGE('',*,*,#5962,.F.);
#8369=ORIENTED_EDGE('',*,*,#5575,.F.);
#8370=ORIENTED_EDGE('',*,*,#4790,.F.);
#8371=ORIENTED_EDGE('',*,*,#4758,.F.);
#8372=ORIENTED_EDGE('',*,*,#5580,.T.);
#8373=ORIENTED_EDGE('',*,*,#4779,.F.);
#8374=ORIENTED_EDGE('',*,*,#4770,.F.);
#8375=CYLINDRICAL_SURFACE('',#8798,0.6);
#8376=CYLINDRICAL_SURFACE('',#8809,0.6);
#8377=CYLINDRICAL_SURFACE('',#8838,0.400000000000108);
#8378=CYLINDRICAL_SURFACE('',#8841,0.400000000000108);
#8379=CYLINDRICAL_SURFACE('',#8844,3.125);
#8380=CYLINDRICAL_SURFACE('',#8847,3.125);
#8381=CYLINDRICAL_SURFACE('',#9214,1.95000000000007);
#8382=CYLINDRICAL_SURFACE('',#9217,1.95000000000007);
#8383=ADVANCED_FACE('',(#585),#8375,.T.);
#8384=ADVANCED_FACE('',(#586),#193,.T.);
#8385=ADVANCED_FACE('',(#587),#194,.F.);
#8386=ADVANCED_FACE('',(#588),#195,.T.);
#8387=ADVANCED_FACE('',(#589),#8376,.T.);
#8388=ADVANCED_FACE('',(#590),#196,.T.);
#8389=ADVANCED_FACE('',(#591,#16,#17,#18,#19,#20,#21,#22,#23,#24,#25,#26,
#27,#28,#29,#30,#31,#32,#33,#34,#35,#36,#37,#38,#39,#40,#41,#42,#43,#44,
#45,#46,#47,#48,#49,#50,#51,#52,#53,#54,#55,#56,#57,#58,#59,#60,#61,#62,
#63,#64,#65,#66,#67,#68,#69,#70,#71,#72,#73,#74,#75,#76,#77,#78,#79,#80,
#81,#82,#83,#84,#85,#86,#87,#88,#89,#90,#91,#92,#93,#94,#95,#96,#97,#98,
#99,#100,#101,#102,#103,#104,#105,#106,#107,#108),#197,.T.);
#8390=ADVANCED_FACE('',(#592),#198,.T.);
#8391=ADVANCED_FACE('',(#593,#109,#110,#111,#112,#113,#114,#115,#116,#117,
#118,#119,#120,#121,#122,#123,#124,#125,#126,#127,#128,#129,#130,#131,#132,
#133,#134,#135,#136,#137,#138,#139,#140,#141,#142,#143,#144,#145,#146,#147,
#148,#149,#150,#151,#152,#153,#154,#155,#156,#157,#158,#159,#160,#161,#162,
#163,#164,#165,#166,#167,#168,#169,#170,#171,#172,#173,#174,#175,#176,#177,
#178,#179,#180,#181,#182,#183,#184,#185,#186,#187,#188,#189,#190,#191,#192),
#199,.T.);
#8392=ADVANCED_FACE('',(#594),#200,.T.);
#8393=ADVANCED_FACE('',(#595),#15,.T.);
#8394=ADVANCED_FACE('',(#596),#201,.T.);
#8395=ADVANCED_FACE('',(#597),#202,.T.);
#8396=ADVANCED_FACE('',(#598),#203,.T.);
#8397=ADVANCED_FACE('',(#599),#204,.T.);
#8398=ADVANCED_FACE('',(#600),#205,.T.);
#8399=ADVANCED_FACE('',(#601),#206,.T.);
#8400=ADVANCED_FACE('',(#602),#207,.T.);
#8401=ADVANCED_FACE('',(#603),#208,.T.);
#8402=ADVANCED_FACE('',(#604),#209,.F.);
#8403=ADVANCED_FACE('',(#605),#210,.F.);
#8404=ADVANCED_FACE('',(#606),#211,.T.);
#8405=ADVANCED_FACE('',(#607),#8377,.T.);
#8406=ADVANCED_FACE('',(#608),#212,.T.);
#8407=ADVANCED_FACE('',(#609),#213,.F.);
#8408=ADVANCED_FACE('',(#610),#8378,.T.);
#8409=ADVANCED_FACE('',(#611),#214,.T.);
#8410=ADVANCED_FACE('',(#612),#8379,.F.);
#8411=ADVANCED_FACE('',(#613),#215,.T.);
#8412=ADVANCED_FACE('',(#614),#8380,.F.);
#8413=ADVANCED_FACE('',(#615),#216,.T.);
#8414=ADVANCED_FACE('',(#616),#217,.F.);
#8415=ADVANCED_FACE('',(#617),#218,.F.);
#8416=ADVANCED_FACE('',(#618),#219,.F.);
#8417=ADVANCED_FACE('',(#619),#220,.F.);
#8418=ADVANCED_FACE('',(#620),#221,.F.);
#8419=ADVANCED_FACE('',(#621),#222,.F.);
#8420=ADVANCED_FACE('',(#622),#223,.F.);
#8421=ADVANCED_FACE('',(#623),#224,.F.);
#8422=ADVANCED_FACE('',(#624),#225,.F.);
#8423=ADVANCED_FACE('',(#625),#226,.F.);
#8424=ADVANCED_FACE('',(#626),#227,.F.);
#8425=ADVANCED_FACE('',(#627),#228,.F.);
#8426=ADVANCED_FACE('',(#628),#229,.F.);
#8427=ADVANCED_FACE('',(#629),#230,.F.);
#8428=ADVANCED_FACE('',(#630),#231,.F.);
#8429=ADVANCED_FACE('',(#631),#232,.F.);
#8430=ADVANCED_FACE('',(#632),#233,.F.);
#8431=ADVANCED_FACE('',(#633),#234,.F.);
#8432=ADVANCED_FACE('',(#634),#235,.F.);
#8433=ADVANCED_FACE('',(#635),#236,.F.);
#8434=ADVANCED_FACE('',(#636),#237,.F.);
#8435=ADVANCED_FACE('',(#637),#238,.F.);
#8436=ADVANCED_FACE('',(#638),#239,.F.);
#8437=ADVANCED_FACE('',(#639),#240,.F.);
#8438=ADVANCED_FACE('',(#640),#241,.F.);
#8439=ADVANCED_FACE('',(#641),#242,.F.);
#8440=ADVANCED_FACE('',(#642),#243,.F.);
#8441=ADVANCED_FACE('',(#643),#244,.F.);
#8442=ADVANCED_FACE('',(#644),#245,.F.);
#8443=ADVANCED_FACE('',(#645),#246,.F.);
#8444=ADVANCED_FACE('',(#646),#247,.F.);
#8445=ADVANCED_FACE('',(#647),#248,.F.);
#8446=ADVANCED_FACE('',(#648),#249,.F.);
#8447=ADVANCED_FACE('',(#649),#250,.F.);
#8448=ADVANCED_FACE('',(#650),#251,.F.);
#8449=ADVANCED_FACE('',(#651),#252,.F.);
#8450=ADVANCED_FACE('',(#652),#253,.F.);
#8451=ADVANCED_FACE('',(#653),#254,.F.);
#8452=ADVANCED_FACE('',(#654),#255,.F.);
#8453=ADVANCED_FACE('',(#655),#256,.F.);
#8454=ADVANCED_FACE('',(#656),#257,.F.);
#8455=ADVANCED_FACE('',(#657),#258,.F.);
#8456=ADVANCED_FACE('',(#658),#259,.F.);
#8457=ADVANCED_FACE('',(#659),#260,.F.);
#8458=ADVANCED_FACE('',(#660),#261,.F.);
#8459=ADVANCED_FACE('',(#661),#262,.F.);
#8460=ADVANCED_FACE('',(#662),#263,.F.);
#8461=ADVANCED_FACE('',(#663),#264,.F.);
#8462=ADVANCED_FACE('',(#664),#265,.F.);
#8463=ADVANCED_FACE('',(#665),#266,.F.);
#8464=ADVANCED_FACE('',(#666),#267,.F.);
#8465=ADVANCED_FACE('',(#667),#268,.F.);
#8466=ADVANCED_FACE('',(#668),#269,.F.);
#8467=ADVANCED_FACE('',(#669),#270,.F.);
#8468=ADVANCED_FACE('',(#670),#271,.F.);
#8469=ADVANCED_FACE('',(#671),#272,.F.);
#8470=ADVANCED_FACE('',(#672),#273,.F.);
#8471=ADVANCED_FACE('',(#673),#274,.F.);
#8472=ADVANCED_FACE('',(#674),#275,.F.);
#8473=ADVANCED_FACE('',(#675),#276,.F.);
#8474=ADVANCED_FACE('',(#676),#277,.F.);
#8475=ADVANCED_FACE('',(#677),#278,.F.);
#8476=ADVANCED_FACE('',(#678),#279,.F.);
#8477=ADVANCED_FACE('',(#679),#280,.F.);
#8478=ADVANCED_FACE('',(#680),#281,.F.);
#8479=ADVANCED_FACE('',(#681),#282,.F.);
#8480=ADVANCED_FACE('',(#682),#283,.F.);
#8481=ADVANCED_FACE('',(#683),#284,.F.);
#8482=ADVANCED_FACE('',(#684),#285,.F.);
#8483=ADVANCED_FACE('',(#685),#286,.F.);
#8484=ADVANCED_FACE('',(#686),#287,.F.);
#8485=ADVANCED_FACE('',(#687),#288,.F.);
#8486=ADVANCED_FACE('',(#688),#289,.F.);
#8487=ADVANCED_FACE('',(#689),#290,.F.);
#8488=ADVANCED_FACE('',(#690),#291,.F.);
#8489=ADVANCED_FACE('',(#691),#292,.F.);
#8490=ADVANCED_FACE('',(#692),#293,.F.);
#8491=ADVANCED_FACE('',(#693),#294,.F.);
#8492=ADVANCED_FACE('',(#694),#295,.F.);
#8493=ADVANCED_FACE('',(#695),#296,.F.);
#8494=ADVANCED_FACE('',(#696),#297,.F.);
#8495=ADVANCED_FACE('',(#697),#298,.F.);
#8496=ADVANCED_FACE('',(#698),#299,.F.);
#8497=ADVANCED_FACE('',(#699),#300,.F.);
#8498=ADVANCED_FACE('',(#700),#301,.F.);
#8499=ADVANCED_FACE('',(#701),#302,.F.);
#8500=ADVANCED_FACE('',(#702),#303,.F.);
#8501=ADVANCED_FACE('',(#703),#304,.F.);
#8502=ADVANCED_FACE('',(#704),#305,.F.);
#8503=ADVANCED_FACE('',(#705),#306,.F.);
#8504=ADVANCED_FACE('',(#706),#307,.F.);
#8505=ADVANCED_FACE('',(#707),#308,.F.);
#8506=ADVANCED_FACE('',(#708),#309,.F.);
#8507=ADVANCED_FACE('',(#709),#310,.F.);
#8508=ADVANCED_FACE('',(#710),#311,.F.);
#8509=ADVANCED_FACE('',(#711),#312,.F.);
#8510=ADVANCED_FACE('',(#712),#313,.F.);
#8511=ADVANCED_FACE('',(#713),#314,.F.);
#8512=ADVANCED_FACE('',(#714),#315,.F.);
#8513=ADVANCED_FACE('',(#715),#316,.F.);
#8514=ADVANCED_FACE('',(#716),#317,.F.);
#8515=ADVANCED_FACE('',(#717),#318,.F.);
#8516=ADVANCED_FACE('',(#718),#319,.F.);
#8517=ADVANCED_FACE('',(#719),#320,.F.);
#8518=ADVANCED_FACE('',(#720),#321,.F.);
#8519=ADVANCED_FACE('',(#721),#322,.F.);
#8520=ADVANCED_FACE('',(#722),#323,.F.);
#8521=ADVANCED_FACE('',(#723),#324,.F.);
#8522=ADVANCED_FACE('',(#724),#325,.F.);
#8523=ADVANCED_FACE('',(#725),#326,.F.);
#8524=ADVANCED_FACE('',(#726),#327,.F.);
#8525=ADVANCED_FACE('',(#727),#328,.F.);
#8526=ADVANCED_FACE('',(#728),#329,.F.);
#8527=ADVANCED_FACE('',(#729),#330,.F.);
#8528=ADVANCED_FACE('',(#730),#331,.F.);
#8529=ADVANCED_FACE('',(#731),#332,.F.);
#8530=ADVANCED_FACE('',(#732),#333,.F.);
#8531=ADVANCED_FACE('',(#733),#334,.F.);
#8532=ADVANCED_FACE('',(#734),#335,.F.);
#8533=ADVANCED_FACE('',(#735),#336,.F.);
#8534=ADVANCED_FACE('',(#736),#337,.F.);
#8535=ADVANCED_FACE('',(#737),#338,.F.);
#8536=ADVANCED_FACE('',(#738),#339,.F.);
#8537=ADVANCED_FACE('',(#739),#340,.F.);
#8538=ADVANCED_FACE('',(#740),#341,.F.);
#8539=ADVANCED_FACE('',(#741),#342,.F.);
#8540=ADVANCED_FACE('',(#742),#343,.F.);
#8541=ADVANCED_FACE('',(#743),#344,.F.);
#8542=ADVANCED_FACE('',(#744),#345,.F.);
#8543=ADVANCED_FACE('',(#745),#346,.F.);
#8544=ADVANCED_FACE('',(#746),#347,.F.);
#8545=ADVANCED_FACE('',(#747),#348,.F.);
#8546=ADVANCED_FACE('',(#748),#349,.F.);
#8547=ADVANCED_FACE('',(#749),#350,.F.);
#8548=ADVANCED_FACE('',(#750),#351,.F.);
#8549=ADVANCED_FACE('',(#751),#352,.F.);
#8550=ADVANCED_FACE('',(#752),#353,.F.);
#8551=ADVANCED_FACE('',(#753),#354,.F.);
#8552=ADVANCED_FACE('',(#754),#355,.F.);
#8553=ADVANCED_FACE('',(#755),#356,.F.);
#8554=ADVANCED_FACE('',(#756),#357,.F.);
#8555=ADVANCED_FACE('',(#757),#358,.F.);
#8556=ADVANCED_FACE('',(#758),#359,.F.);
#8557=ADVANCED_FACE('',(#759),#360,.F.);
#8558=ADVANCED_FACE('',(#760),#361,.F.);
#8559=ADVANCED_FACE('',(#761),#362,.F.);
#8560=ADVANCED_FACE('',(#762),#363,.F.);
#8561=ADVANCED_FACE('',(#763),#364,.F.);
#8562=ADVANCED_FACE('',(#764),#365,.F.);
#8563=ADVANCED_FACE('',(#765),#366,.F.);
#8564=ADVANCED_FACE('',(#766),#367,.F.);
#8565=ADVANCED_FACE('',(#767),#368,.F.);
#8566=ADVANCED_FACE('',(#768),#369,.F.);
#8567=ADVANCED_FACE('',(#769),#370,.F.);
#8568=ADVANCED_FACE('',(#770),#371,.F.);
#8569=ADVANCED_FACE('',(#771),#372,.F.);
#8570=ADVANCED_FACE('',(#772),#373,.F.);
#8571=ADVANCED_FACE('',(#773),#374,.F.);
#8572=ADVANCED_FACE('',(#774),#375,.F.);
#8573=ADVANCED_FACE('',(#775),#376,.F.);
#8574=ADVANCED_FACE('',(#776),#377,.F.);
#8575=ADVANCED_FACE('',(#777),#378,.F.);
#8576=ADVANCED_FACE('',(#778),#379,.F.);
#8577=ADVANCED_FACE('',(#779),#380,.F.);
#8578=ADVANCED_FACE('',(#780),#381,.F.);
#8579=ADVANCED_FACE('',(#781),#382,.F.);
#8580=ADVANCED_FACE('',(#782),#383,.F.);
#8581=ADVANCED_FACE('',(#783),#384,.F.);
#8582=ADVANCED_FACE('',(#784),#385,.F.);
#8583=ADVANCED_FACE('',(#785),#386,.F.);
#8584=ADVANCED_FACE('',(#786),#387,.F.);
#8585=ADVANCED_FACE('',(#787),#388,.F.);
#8586=ADVANCED_FACE('',(#788),#389,.F.);
#8587=ADVANCED_FACE('',(#789),#390,.F.);
#8588=ADVANCED_FACE('',(#790),#391,.F.);
#8589=ADVANCED_FACE('',(#791),#392,.F.);
#8590=ADVANCED_FACE('',(#792),#393,.F.);
#8591=ADVANCED_FACE('',(#793),#394,.F.);
#8592=ADVANCED_FACE('',(#794),#395,.F.);
#8593=ADVANCED_FACE('',(#795),#396,.F.);
#8594=ADVANCED_FACE('',(#796),#397,.F.);
#8595=ADVANCED_FACE('',(#797),#398,.F.);
#8596=ADVANCED_FACE('',(#798),#399,.F.);
#8597=ADVANCED_FACE('',(#799),#400,.F.);
#8598=ADVANCED_FACE('',(#800),#401,.F.);
#8599=ADVANCED_FACE('',(#801),#402,.F.);
#8600=ADVANCED_FACE('',(#802),#403,.F.);
#8601=ADVANCED_FACE('',(#803),#404,.F.);
#8602=ADVANCED_FACE('',(#804),#405,.F.);
#8603=ADVANCED_FACE('',(#805),#406,.F.);
#8604=ADVANCED_FACE('',(#806),#407,.F.);
#8605=ADVANCED_FACE('',(#807),#408,.F.);
#8606=ADVANCED_FACE('',(#808),#409,.F.);
#8607=ADVANCED_FACE('',(#809),#410,.F.);
#8608=ADVANCED_FACE('',(#810),#411,.F.);
#8609=ADVANCED_FACE('',(#811),#412,.F.);
#8610=ADVANCED_FACE('',(#812),#413,.F.);
#8611=ADVANCED_FACE('',(#813),#414,.F.);
#8612=ADVANCED_FACE('',(#814),#415,.F.);
#8613=ADVANCED_FACE('',(#815),#416,.F.);
#8614=ADVANCED_FACE('',(#816),#417,.F.);
#8615=ADVANCED_FACE('',(#817),#418,.F.);
#8616=ADVANCED_FACE('',(#818),#419,.F.);
#8617=ADVANCED_FACE('',(#819),#420,.F.);
#8618=ADVANCED_FACE('',(#820),#421,.F.);
#8619=ADVANCED_FACE('',(#821),#422,.F.);
#8620=ADVANCED_FACE('',(#822),#423,.F.);
#8621=ADVANCED_FACE('',(#823),#424,.F.);
#8622=ADVANCED_FACE('',(#824),#425,.F.);
#8623=ADVANCED_FACE('',(#825),#426,.F.);
#8624=ADVANCED_FACE('',(#826),#427,.F.);
#8625=ADVANCED_FACE('',(#827),#428,.F.);
#8626=ADVANCED_FACE('',(#828),#429,.F.);
#8627=ADVANCED_FACE('',(#829),#430,.F.);
#8628=ADVANCED_FACE('',(#830),#431,.F.);
#8629=ADVANCED_FACE('',(#831),#432,.F.);
#8630=ADVANCED_FACE('',(#832),#433,.F.);
#8631=ADVANCED_FACE('',(#833),#434,.F.);
#8632=ADVANCED_FACE('',(#834),#435,.F.);
#8633=ADVANCED_FACE('',(#835),#436,.F.);
#8634=ADVANCED_FACE('',(#836),#437,.F.);
#8635=ADVANCED_FACE('',(#837),#438,.F.);
#8636=ADVANCED_FACE('',(#838),#439,.F.);
#8637=ADVANCED_FACE('',(#839),#440,.F.);
#8638=ADVANCED_FACE('',(#840),#441,.F.);
#8639=ADVANCED_FACE('',(#841),#442,.F.);
#8640=ADVANCED_FACE('',(#842),#443,.F.);
#8641=ADVANCED_FACE('',(#843),#444,.F.);
#8642=ADVANCED_FACE('',(#844),#445,.F.);
#8643=ADVANCED_FACE('',(#845),#446,.F.);
#8644=ADVANCED_FACE('',(#846),#447,.F.);
#8645=ADVANCED_FACE('',(#847),#448,.F.);
#8646=ADVANCED_FACE('',(#848),#449,.F.);
#8647=ADVANCED_FACE('',(#849),#450,.F.);
#8648=ADVANCED_FACE('',(#850),#451,.F.);
#8649=ADVANCED_FACE('',(#851),#452,.F.);
#8650=ADVANCED_FACE('',(#852),#453,.F.);
#8651=ADVANCED_FACE('',(#853),#454,.F.);
#8652=ADVANCED_FACE('',(#854),#455,.F.);
#8653=ADVANCED_FACE('',(#855),#456,.F.);
#8654=ADVANCED_FACE('',(#856),#457,.F.);
#8655=ADVANCED_FACE('',(#857),#458,.F.);
#8656=ADVANCED_FACE('',(#858),#459,.F.);
#8657=ADVANCED_FACE('',(#859),#460,.F.);
#8658=ADVANCED_FACE('',(#860),#461,.F.);
#8659=ADVANCED_FACE('',(#861),#462,.F.);
#8660=ADVANCED_FACE('',(#862),#463,.F.);
#8661=ADVANCED_FACE('',(#863),#464,.F.);
#8662=ADVANCED_FACE('',(#864),#465,.F.);
#8663=ADVANCED_FACE('',(#865),#466,.F.);
#8664=ADVANCED_FACE('',(#866),#467,.F.);
#8665=ADVANCED_FACE('',(#867),#468,.F.);
#8666=ADVANCED_FACE('',(#868),#469,.F.);
#8667=ADVANCED_FACE('',(#869),#470,.F.);
#8668=ADVANCED_FACE('',(#870),#471,.F.);
#8669=ADVANCED_FACE('',(#871),#472,.F.);
#8670=ADVANCED_FACE('',(#872),#473,.F.);
#8671=ADVANCED_FACE('',(#873),#474,.F.);
#8672=ADVANCED_FACE('',(#874),#475,.F.);
#8673=ADVANCED_FACE('',(#875),#476,.F.);
#8674=ADVANCED_FACE('',(#876),#477,.F.);
#8675=ADVANCED_FACE('',(#877),#478,.F.);
#8676=ADVANCED_FACE('',(#878),#479,.F.);
#8677=ADVANCED_FACE('',(#879),#480,.F.);
#8678=ADVANCED_FACE('',(#880),#481,.F.);
#8679=ADVANCED_FACE('',(#881),#482,.F.);
#8680=ADVANCED_FACE('',(#882),#483,.F.);
#8681=ADVANCED_FACE('',(#883),#484,.F.);
#8682=ADVANCED_FACE('',(#884),#485,.F.);
#8683=ADVANCED_FACE('',(#885),#486,.F.);
#8684=ADVANCED_FACE('',(#886),#487,.F.);
#8685=ADVANCED_FACE('',(#887),#488,.F.);
#8686=ADVANCED_FACE('',(#888),#489,.F.);
#8687=ADVANCED_FACE('',(#889),#490,.F.);
#8688=ADVANCED_FACE('',(#890),#491,.F.);
#8689=ADVANCED_FACE('',(#891),#492,.F.);
#8690=ADVANCED_FACE('',(#892),#493,.F.);
#8691=ADVANCED_FACE('',(#893),#494,.F.);
#8692=ADVANCED_FACE('',(#894),#495,.F.);
#8693=ADVANCED_FACE('',(#895),#496,.F.);
#8694=ADVANCED_FACE('',(#896),#497,.F.);
#8695=ADVANCED_FACE('',(#897),#498,.F.);
#8696=ADVANCED_FACE('',(#898),#499,.F.);
#8697=ADVANCED_FACE('',(#899),#500,.F.);
#8698=ADVANCED_FACE('',(#900),#501,.F.);
#8699=ADVANCED_FACE('',(#901),#502,.F.);
#8700=ADVANCED_FACE('',(#902),#503,.F.);
#8701=ADVANCED_FACE('',(#903),#504,.F.);
#8702=ADVANCED_FACE('',(#904),#505,.F.);
#8703=ADVANCED_FACE('',(#905),#506,.F.);
#8704=ADVANCED_FACE('',(#906),#507,.F.);
#8705=ADVANCED_FACE('',(#907),#508,.F.);
#8706=ADVANCED_FACE('',(#908),#509,.F.);
#8707=ADVANCED_FACE('',(#909),#510,.F.);
#8708=ADVANCED_FACE('',(#910),#511,.F.);
#8709=ADVANCED_FACE('',(#911),#512,.F.);
#8710=ADVANCED_FACE('',(#912),#513,.F.);
#8711=ADVANCED_FACE('',(#913),#514,.F.);
#8712=ADVANCED_FACE('',(#914),#515,.F.);
#8713=ADVANCED_FACE('',(#915),#516,.F.);
#8714=ADVANCED_FACE('',(#916),#517,.F.);
#8715=ADVANCED_FACE('',(#917),#518,.F.);
#8716=ADVANCED_FACE('',(#918),#519,.F.);
#8717=ADVANCED_FACE('',(#919),#520,.F.);
#8718=ADVANCED_FACE('',(#920),#521,.F.);
#8719=ADVANCED_FACE('',(#921),#522,.F.);
#8720=ADVANCED_FACE('',(#922),#523,.F.);
#8721=ADVANCED_FACE('',(#923),#524,.F.);
#8722=ADVANCED_FACE('',(#924),#525,.F.);
#8723=ADVANCED_FACE('',(#925),#526,.F.);
#8724=ADVANCED_FACE('',(#926),#527,.F.);
#8725=ADVANCED_FACE('',(#927),#528,.F.);
#8726=ADVANCED_FACE('',(#928),#529,.F.);
#8727=ADVANCED_FACE('',(#929),#530,.F.);
#8728=ADVANCED_FACE('',(#930),#531,.F.);
#8729=ADVANCED_FACE('',(#931),#532,.F.);
#8730=ADVANCED_FACE('',(#932),#533,.F.);
#8731=ADVANCED_FACE('',(#933),#534,.F.);
#8732=ADVANCED_FACE('',(#934),#535,.F.);
#8733=ADVANCED_FACE('',(#935),#536,.F.);
#8734=ADVANCED_FACE('',(#936),#537,.F.);
#8735=ADVANCED_FACE('',(#937),#538,.F.);
#8736=ADVANCED_FACE('',(#938),#539,.F.);
#8737=ADVANCED_FACE('',(#939),#540,.F.);
#8738=ADVANCED_FACE('',(#940),#541,.F.);
#8739=ADVANCED_FACE('',(#941),#542,.F.);
#8740=ADVANCED_FACE('',(#942),#543,.F.);
#8741=ADVANCED_FACE('',(#943),#544,.F.);
#8742=ADVANCED_FACE('',(#944),#545,.F.);
#8743=ADVANCED_FACE('',(#945),#546,.F.);
#8744=ADVANCED_FACE('',(#946),#547,.F.);
#8745=ADVANCED_FACE('',(#947),#548,.F.);
#8746=ADVANCED_FACE('',(#948),#549,.F.);
#8747=ADVANCED_FACE('',(#949),#550,.F.);
#8748=ADVANCED_FACE('',(#950),#551,.F.);
#8749=ADVANCED_FACE('',(#951),#552,.F.);
#8750=ADVANCED_FACE('',(#952),#553,.F.);
#8751=ADVANCED_FACE('',(#953),#554,.F.);
#8752=ADVANCED_FACE('',(#954),#555,.F.);
#8753=ADVANCED_FACE('',(#955),#556,.F.);
#8754=ADVANCED_FACE('',(#956),#557,.F.);
#8755=ADVANCED_FACE('',(#957),#558,.F.);
#8756=ADVANCED_FACE('',(#958),#559,.F.);
#8757=ADVANCED_FACE('',(#959),#560,.F.);
#8758=ADVANCED_FACE('',(#960),#561,.F.);
#8759=ADVANCED_FACE('',(#961),#562,.F.);
#8760=ADVANCED_FACE('',(#962),#563,.F.);
#8761=ADVANCED_FACE('',(#963),#564,.F.);
#8762=ADVANCED_FACE('',(#964),#565,.F.);
#8763=ADVANCED_FACE('',(#965),#566,.F.);
#8764=ADVANCED_FACE('',(#966),#567,.F.);
#8765=ADVANCED_FACE('',(#967),#568,.F.);
#8766=ADVANCED_FACE('',(#968),#569,.F.);
#8767=ADVANCED_FACE('',(#969),#570,.F.);
#8768=ADVANCED_FACE('',(#970),#571,.F.);
#8769=ADVANCED_FACE('',(#971),#572,.F.);
#8770=ADVANCED_FACE('',(#972),#573,.F.);
#8771=ADVANCED_FACE('',(#973),#574,.F.);
#8772=ADVANCED_FACE('',(#974),#575,.F.);
#8773=ADVANCED_FACE('',(#975),#576,.F.);
#8774=ADVANCED_FACE('',(#976),#577,.F.);
#8775=ADVANCED_FACE('',(#977),#578,.F.);
#8776=ADVANCED_FACE('',(#978),#579,.F.);
#8777=ADVANCED_FACE('',(#979),#580,.F.);
#8778=ADVANCED_FACE('',(#980),#8381,.T.);
#8779=ADVANCED_FACE('',(#981),#581,.T.);
#8780=ADVANCED_FACE('',(#982),#582,.T.);
#8781=ADVANCED_FACE('',(#983),#8382,.T.);
#8782=ADVANCED_FACE('',(#984),#583,.T.);
#8783=ADVANCED_FACE('',(#985),#584,.T.);
#8784=CLOSED_SHELL('',(#8383,#8384,#8385,#8386,#8387,#8388,#8389,#8390,
#8391,#8392,#8393,#8394,#8395,#8396,#8397,#8398,#8399,#8400,#8401,#8402,
#8403,#8404,#8405,#8406,#8407,#8408,#8409,#8410,#8411,#8412,#8413,#8414,
#8415,#8416,#8417,#8418,#8419,#8420,#8421,#8422,#8423,#8424,#8425,#8426,
#8427,#8428,#8429,#8430,#8431,#8432,#8433,#8434,#8435,#8436,#8437,#8438,
#8439,#8440,#8441,#8442,#8443,#8444,#8445,#8446,#8447,#8448,#8449,#8450,
#8451,#8452,#8453,#8454,#8455,#8456,#8457,#8458,#8459,#8460,#8461,#8462,
#8463,#8464,#8465,#8466,#8467,#8468,#8469,#8470,#8471,#8472,#8473,#8474,
#8475,#8476,#8477,#8478,#8479,#8480,#8481,#8482,#8483,#8484,#8485,#8486,
#8487,#8488,#8489,#8490,#8491,#8492,#8493,#8494,#8495,#8496,#8497,#8498,
#8499,#8500,#8501,#8502,#8503,#8504,#8505,#8506,#8507,#8508,#8509,#8510,
#8511,#8512,#8513,#8514,#8515,#8516,#8517,#8518,#8519,#8520,#8521,#8522,
#8523,#8524,#8525,#8526,#8527,#8528,#8529,#8530,#8531,#8532,#8533,#8534,
#8535,#8536,#8537,#8538,#8539,#8540,#8541,#8542,#8543,#8544,#8545,#8546,
#8547,#8548,#8549,#8550,#8551,#8552,#8553,#8554,#8555,#8556,#8557,#8558,
#8559,#8560,#8561,#8562,#8563,#8564,#8565,#8566,#8567,#8568,#8569,#8570,
#8571,#8572,#8573,#8574,#8575,#8576,#8577,#8578,#8579,#8580,#8581,#8582,
#8583,#8584,#8585,#8586,#8587,#8588,#8589,#8590,#8591,#8592,#8593,#8594,
#8595,#8596,#8597,#8598,#8599,#8600,#8601,#8602,#8603,#8604,#8605,#8606,
#8607,#8608,#8609,#8610,#8611,#8612,#8613,#8614,#8615,#8616,#8617,#8618,
#8619,#8620,#8621,#8622,#8623,#8624,#8625,#8626,#8627,#8628,#8629,#8630,
#8631,#8632,#8633,#8634,#8635,#8636,#8637,#8638,#8639,#8640,#8641,#8642,
#8643,#8644,#8645,#8646,#8647,#8648,#8649,#8650,#8651,#8652,#8653,#8654,
#8655,#8656,#8657,#8658,#8659,#8660,#8661,#8662,#8663,#8664,#8665,#8666,
#8667,#8668,#8669,#8670,#8671,#8672,#8673,#8674,#8675,#8676,#8677,#8678,
#8679,#8680,#8681,#8682,#8683,#8684,#8685,#8686,#8687,#8688,#8689,#8690,
#8691,#8692,#8693,#8694,#8695,#8696,#8697,#8698,#8699,#8700,#8701,#8702,
#8703,#8704,#8705,#8706,#8707,#8708,#8709,#8710,#8711,#8712,#8713,#8714,
#8715,#8716,#8717,#8718,#8719,#8720,#8721,#8722,#8723,#8724,#8725,#8726,
#8727,#8728,#8729,#8730,#8731,#8732,#8733,#8734,#8735,#8736,#8737,#8738,
#8739,#8740,#8741,#8742,#8743,#8744,#8745,#8746,#8747,#8748,#8749,#8750,
#8751,#8752,#8753,#8754,#8755,#8756,#8757,#8758,#8759,#8760,#8761,#8762,
#8763,#8764,#8765,#8766,#8767,#8768,#8769,#8770,#8771,#8772,#8773,#8774,
#8775,#8776,#8777,#8778,#8779,#8780,#8781,#8782,#8783));
#8785=DERIVED_UNIT_ELEMENT(#8787,1.);
#8786=DERIVED_UNIT_ELEMENT(#13666,-3.);
#8787=(
MASS_UNIT()
NAMED_UNIT(*)
SI_UNIT(.KILO.,.GRAM.)
);
#8788=DERIVED_UNIT((#8785,#8786));
#8789=MEASURE_REPRESENTATION_ITEM('density measure',
POSITIVE_RATIO_MEASURE(7850.),#8788);
#8790=PROPERTY_DEFINITION_REPRESENTATION(#8795,#8792);
#8791=PROPERTY_DEFINITION_REPRESENTATION(#8796,#8793);
#8792=REPRESENTATION('material name',(#8794),#13663);
#8793=REPRESENTATION('density',(#8789),#13663);
#8794=DESCRIPTIVE_REPRESENTATION_ITEM('Steel','Steel');
#8795=PROPERTY_DEFINITION('material property','material name',#13673);
#8796=PROPERTY_DEFINITION('material property','density of part',#13673);
#8797=AXIS2_PLACEMENT_3D('',#11251,#9220,#9221);
#8798=AXIS2_PLACEMENT_3D('',#11252,#9222,#9223);
#8799=AXIS2_PLACEMENT_3D('',#11255,#9224,#9225);
#8800=AXIS2_PLACEMENT_3D('',#11259,#9227,#9228);
#8801=AXIS2_PLACEMENT_3D('',#11261,#9229,#9230);
#8802=AXIS2_PLACEMENT_3D('',#11263,#9231,#9232);
#8803=AXIS2_PLACEMENT_3D('',#11265,#9234,#9235);
#8804=AXIS2_PLACEMENT_3D('',#11269,#9237,#9238);
#8805=AXIS2_PLACEMENT_3D('',#11275,#9242,#9243);
#8806=AXIS2_PLACEMENT_3D('',#11278,#9245,#9246);
#8807=AXIS2_PLACEMENT_3D('',#11279,#9247,#9248);
#8808=AXIS2_PLACEMENT_3D('',#11286,#9252,#9253);
#8809=AXIS2_PLACEMENT_3D('',#11287,#9254,#9255);
#8810=AXIS2_PLACEMENT_3D('',#11290,#9256,#9257);
#8811=AXIS2_PLACEMENT_3D('',#11293,#9260,#9261);
#8812=AXIS2_PLACEMENT_3D('',#11297,#9264,#9265);
#8813=AXIS2_PLACEMENT_3D('',#11311,#9272,#9273);
#8814=AXIS2_PLACEMENT_3D('',#11315,#9275,#9276);
#8815=AXIS2_PLACEMENT_3D('',#11324,#9281,#9282);
#8816=AXIS2_PLACEMENT_3D('',#11326,#9283,#9284);
#8817=AXIS2_PLACEMENT_3D('',#12055,#9649,#9650);
#8818=AXIS2_PLACEMENT_3D('',#12059,#9653,#9654);
#8819=AXIS2_PLACEMENT_3D('',#12795,#10023,#10024);
#8820=AXIS2_PLACEMENT_3D('',#12806,#10030,#10031);
#8821=AXIS2_PLACEMENT_3D('',#12810,#10033,#10034);
#8822=AXIS2_PLACEMENT_3D('',#12811,#10035,#10036);
#8823=AXIS2_PLACEMENT_3D('',#12812,#10037,#10038);
#8824=AXIS2_PLACEMENT_3D('',#12815,#10041,#10042);
#8825=AXIS2_PLACEMENT_3D('',#12817,#10044,#10045);
#8826=AXIS2_PLACEMENT_3D('',#12821,#10048,#10049);
#8827=AXIS2_PLACEMENT_3D('',#12837,#10057,#10058);
#8828=AXIS2_PLACEMENT_3D('',#12840,#10060,#10061);
#8829=AXIS2_PLACEMENT_3D('',#12841,#10062,#10063);
#8830=AXIS2_PLACEMENT_3D('',#12879,#10087,#10088);
#8831=AXIS2_PLACEMENT_3D('',#12884,#10091,#10092);
#8832=AXIS2_PLACEMENT_3D('',#12886,#10094,#10095);
#8833=AXIS2_PLACEMENT_3D('',#12888,#10097,#10098);
#8834=AXIS2_PLACEMENT_3D('',#12889,#10099,#10100);
#8835=AXIS2_PLACEMENT_3D('',#12892,#10103,#10104);
#8836=AXIS2_PLACEMENT_3D('',#12896,#10106,#10107);
#8837=AXIS2_PLACEMENT_3D('',#12898,#10109,#10110);
#8838=AXIS2_PLACEMENT_3D('',#12900,#10112,#10113);
#8839=AXIS2_PLACEMENT_3D('',#12902,#10115,#10116);
#8840=AXIS2_PLACEMENT_3D('',#12904,#10118,#10119);
#8841=AXIS2_PLACEMENT_3D('',#12907,#10122,#10123);
#8842=AXIS2_PLACEMENT_3D('',#12908,#10124,#10125);
#8843=AXIS2_PLACEMENT_3D('',#12912,#10127,#10128);
#8844=AXIS2_PLACEMENT_3D('',#12914,#10130,#10131);
#8845=AXIS2_PLACEMENT_3D('',#12917,#10133,#10134);
#8846=AXIS2_PLACEMENT_3D('',#12918,#10135,#10136);
#8847=AXIS2_PLACEMENT_3D('',#12919,#10137,#10138);
#8848=AXIS2_PLACEMENT_3D('',#12922,#10140,#10141);
#8849=AXIS2_PLACEMENT_3D('',#12923,#10142,#10143);
#8850=AXIS2_PLACEMENT_3D('',#12924,#10144,#10145);
#8851=AXIS2_PLACEMENT_3D('',#12927,#10148,#10149);
#8852=AXIS2_PLACEMENT_3D('',#12929,#10151,#10152);
#8853=AXIS2_PLACEMENT_3D('',#12931,#10154,#10155);
#8854=AXIS2_PLACEMENT_3D('',#12932,#10156,#10157);
#8855=AXIS2_PLACEMENT_3D('',#12935,#10160,#10161);
#8856=AXIS2_PLACEMENT_3D('',#12937,#10163,#10164);
#8857=AXIS2_PLACEMENT_3D('',#12939,#10166,#10167);
#8858=AXIS2_PLACEMENT_3D('',#12940,#10168,#10169);
#8859=AXIS2_PLACEMENT_3D('',#12943,#10172,#10173);
#8860=AXIS2_PLACEMENT_3D('',#12945,#10175,#10176);
#8861=AXIS2_PLACEMENT_3D('',#12947,#10178,#10179);
#8862=AXIS2_PLACEMENT_3D('',#12948,#10180,#10181);
#8863=AXIS2_PLACEMENT_3D('',#12951,#10184,#10185);
#8864=AXIS2_PLACEMENT_3D('',#12953,#10187,#10188);
#8865=AXIS2_PLACEMENT_3D('',#12955,#10190,#10191);
#8866=AXIS2_PLACEMENT_3D('',#12956,#10192,#10193);
#8867=AXIS2_PLACEMENT_3D('',#12959,#10196,#10197);
#8868=AXIS2_PLACEMENT_3D('',#12961,#10199,#10200);
#8869=AXIS2_PLACEMENT_3D('',#12963,#10202,#10203);
#8870=AXIS2_PLACEMENT_3D('',#12964,#10204,#10205);
#8871=AXIS2_PLACEMENT_3D('',#12967,#10208,#10209);
#8872=AXIS2_PLACEMENT_3D('',#12969,#10211,#10212);
#8873=AXIS2_PLACEMENT_3D('',#12971,#10214,#10215);
#8874=AXIS2_PLACEMENT_3D('',#12972,#10216,#10217);
#8875=AXIS2_PLACEMENT_3D('',#12975,#10220,#10221);
#8876=AXIS2_PLACEMENT_3D('',#12977,#10223,#10224);
#8877=AXIS2_PLACEMENT_3D('',#12979,#10226,#10227);
#8878=AXIS2_PLACEMENT_3D('',#12980,#10228,#10229);
#8879=AXIS2_PLACEMENT_3D('',#12983,#10232,#10233);
#8880=AXIS2_PLACEMENT_3D('',#12985,#10235,#10236);
#8881=AXIS2_PLACEMENT_3D('',#12987,#10238,#10239);
#8882=AXIS2_PLACEMENT_3D('',#12988,#10240,#10241);
#8883=AXIS2_PLACEMENT_3D('',#12991,#10244,#10245);
#8884=AXIS2_PLACEMENT_3D('',#12993,#10247,#10248);
#8885=AXIS2_PLACEMENT_3D('',#12995,#10250,#10251);
#8886=AXIS2_PLACEMENT_3D('',#12996,#10252,#10253);
#8887=AXIS2_PLACEMENT_3D('',#12999,#10256,#10257);
#8888=AXIS2_PLACEMENT_3D('',#13001,#10259,#10260);
#8889=AXIS2_PLACEMENT_3D('',#13003,#10262,#10263);
#8890=AXIS2_PLACEMENT_3D('',#13004,#10264,#10265);
#8891=AXIS2_PLACEMENT_3D('',#13007,#10268,#10269);
#8892=AXIS2_PLACEMENT_3D('',#13009,#10271,#10272);
#8893=AXIS2_PLACEMENT_3D('',#13011,#10274,#10275);
#8894=AXIS2_PLACEMENT_3D('',#13012,#10276,#10277);
#8895=AXIS2_PLACEMENT_3D('',#13015,#10280,#10281);
#8896=AXIS2_PLACEMENT_3D('',#13017,#10283,#10284);
#8897=AXIS2_PLACEMENT_3D('',#13019,#10286,#10287);
#8898=AXIS2_PLACEMENT_3D('',#13020,#10288,#10289);
#8899=AXIS2_PLACEMENT_3D('',#13023,#10292,#10293);
#8900=AXIS2_PLACEMENT_3D('',#13025,#10295,#10296);
#8901=AXIS2_PLACEMENT_3D('',#13027,#10298,#10299);
#8902=AXIS2_PLACEMENT_3D('',#13028,#10300,#10301);
#8903=AXIS2_PLACEMENT_3D('',#13031,#10304,#10305);
#8904=AXIS2_PLACEMENT_3D('',#13033,#10307,#10308);
#8905=AXIS2_PLACEMENT_3D('',#13035,#10310,#10311);
#8906=AXIS2_PLACEMENT_3D('',#13036,#10312,#10313);
#8907=AXIS2_PLACEMENT_3D('',#13039,#10316,#10317);
#8908=AXIS2_PLACEMENT_3D('',#13041,#10319,#10320);
#8909=AXIS2_PLACEMENT_3D('',#13043,#10322,#10323);
#8910=AXIS2_PLACEMENT_3D('',#13044,#10324,#10325);
#8911=AXIS2_PLACEMENT_3D('',#13047,#10328,#10329);
#8912=AXIS2_PLACEMENT_3D('',#13049,#10331,#10332);
#8913=AXIS2_PLACEMENT_3D('',#13051,#10334,#10335);
#8914=AXIS2_PLACEMENT_3D('',#13052,#10336,#10337);
#8915=AXIS2_PLACEMENT_3D('',#13055,#10340,#10341);
#8916=AXIS2_PLACEMENT_3D('',#13057,#10343,#10344);
#8917=AXIS2_PLACEMENT_3D('',#13059,#10346,#10347);
#8918=AXIS2_PLACEMENT_3D('',#13060,#10348,#10349);
#8919=AXIS2_PLACEMENT_3D('',#13063,#10352,#10353);
#8920=AXIS2_PLACEMENT_3D('',#13065,#10355,#10356);
#8921=AXIS2_PLACEMENT_3D('',#13067,#10358,#10359);
#8922=AXIS2_PLACEMENT_3D('',#13068,#10360,#10361);
#8923=AXIS2_PLACEMENT_3D('',#13071,#10364,#10365);
#8924=AXIS2_PLACEMENT_3D('',#13073,#10367,#10368);
#8925=AXIS2_PLACEMENT_3D('',#13075,#10370,#10371);
#8926=AXIS2_PLACEMENT_3D('',#13076,#10372,#10373);
#8927=AXIS2_PLACEMENT_3D('',#13079,#10376,#10377);
#8928=AXIS2_PLACEMENT_3D('',#13081,#10379,#10380);
#8929=AXIS2_PLACEMENT_3D('',#13083,#10382,#10383);
#8930=AXIS2_PLACEMENT_3D('',#13084,#10384,#10385);
#8931=AXIS2_PLACEMENT_3D('',#13087,#10388,#10389);
#8932=AXIS2_PLACEMENT_3D('',#13089,#10391,#10392);
#8933=AXIS2_PLACEMENT_3D('',#13091,#10394,#10395);
#8934=AXIS2_PLACEMENT_3D('',#13092,#10396,#10397);
#8935=AXIS2_PLACEMENT_3D('',#13095,#10400,#10401);
#8936=AXIS2_PLACEMENT_3D('',#13097,#10403,#10404);
#8937=AXIS2_PLACEMENT_3D('',#13099,#10406,#10407);
#8938=AXIS2_PLACEMENT_3D('',#13100,#10408,#10409);
#8939=AXIS2_PLACEMENT_3D('',#13103,#10412,#10413);
#8940=AXIS2_PLACEMENT_3D('',#13105,#10415,#10416);
#8941=AXIS2_PLACEMENT_3D('',#13107,#10418,#10419);
#8942=AXIS2_PLACEMENT_3D('',#13108,#10420,#10421);
#8943=AXIS2_PLACEMENT_3D('',#13111,#10424,#10425);
#8944=AXIS2_PLACEMENT_3D('',#13113,#10427,#10428);
#8945=AXIS2_PLACEMENT_3D('',#13115,#10430,#10431);
#8946=AXIS2_PLACEMENT_3D('',#13116,#10432,#10433);
#8947=AXIS2_PLACEMENT_3D('',#13119,#10436,#10437);
#8948=AXIS2_PLACEMENT_3D('',#13121,#10439,#10440);
#8949=AXIS2_PLACEMENT_3D('',#13123,#10442,#10443);
#8950=AXIS2_PLACEMENT_3D('',#13124,#10444,#10445);
#8951=AXIS2_PLACEMENT_3D('',#13127,#10448,#10449);
#8952=AXIS2_PLACEMENT_3D('',#13129,#10451,#10452);
#8953=AXIS2_PLACEMENT_3D('',#13131,#10454,#10455);
#8954=AXIS2_PLACEMENT_3D('',#13132,#10456,#10457);
#8955=AXIS2_PLACEMENT_3D('',#13135,#10460,#10461);
#8956=AXIS2_PLACEMENT_3D('',#13137,#10463,#10464);
#8957=AXIS2_PLACEMENT_3D('',#13139,#10466,#10467);
#8958=AXIS2_PLACEMENT_3D('',#13140,#10468,#10469);
#8959=AXIS2_PLACEMENT_3D('',#13143,#10472,#10473);
#8960=AXIS2_PLACEMENT_3D('',#13145,#10475,#10476);
#8961=AXIS2_PLACEMENT_3D('',#13147,#10478,#10479);
#8962=AXIS2_PLACEMENT_3D('',#13148,#10480,#10481);
#8963=AXIS2_PLACEMENT_3D('',#13151,#10484,#10485);
#8964=AXIS2_PLACEMENT_3D('',#13153,#10487,#10488);
#8965=AXIS2_PLACEMENT_3D('',#13155,#10490,#10491);
#8966=AXIS2_PLACEMENT_3D('',#13156,#10492,#10493);
#8967=AXIS2_PLACEMENT_3D('',#13159,#10496,#10497);
#8968=AXIS2_PLACEMENT_3D('',#13161,#10499,#10500);
#8969=AXIS2_PLACEMENT_3D('',#13163,#10502,#10503);
#8970=AXIS2_PLACEMENT_3D('',#13164,#10504,#10505);
#8971=AXIS2_PLACEMENT_3D('',#13167,#10508,#10509);
#8972=AXIS2_PLACEMENT_3D('',#13169,#10511,#10512);
#8973=AXIS2_PLACEMENT_3D('',#13171,#10514,#10515);
#8974=AXIS2_PLACEMENT_3D('',#13172,#10516,#10517);
#8975=AXIS2_PLACEMENT_3D('',#13175,#10520,#10521);
#8976=AXIS2_PLACEMENT_3D('',#13177,#10523,#10524);
#8977=AXIS2_PLACEMENT_3D('',#13179,#10526,#10527);
#8978=AXIS2_PLACEMENT_3D('',#13180,#10528,#10529);
#8979=AXIS2_PLACEMENT_3D('',#13183,#10532,#10533);
#8980=AXIS2_PLACEMENT_3D('',#13185,#10535,#10536);
#8981=AXIS2_PLACEMENT_3D('',#13187,#10538,#10539);
#8982=AXIS2_PLACEMENT_3D('',#13188,#10540,#10541);
#8983=AXIS2_PLACEMENT_3D('',#13191,#10544,#10545);
#8984=AXIS2_PLACEMENT_3D('',#13193,#10547,#10548);
#8985=AXIS2_PLACEMENT_3D('',#13195,#10550,#10551);
#8986=AXIS2_PLACEMENT_3D('',#13196,#10552,#10553);
#8987=AXIS2_PLACEMENT_3D('',#13199,#10556,#10557);
#8988=AXIS2_PLACEMENT_3D('',#13201,#10559,#10560);
#8989=AXIS2_PLACEMENT_3D('',#13203,#10562,#10563);
#8990=AXIS2_PLACEMENT_3D('',#13204,#10564,#10565);
#8991=AXIS2_PLACEMENT_3D('',#13207,#10568,#10569);
#8992=AXIS2_PLACEMENT_3D('',#13209,#10571,#10572);
#8993=AXIS2_PLACEMENT_3D('',#13211,#10574,#10575);
#8994=AXIS2_PLACEMENT_3D('',#13212,#10576,#10577);
#8995=AXIS2_PLACEMENT_3D('',#13215,#10580,#10581);
#8996=AXIS2_PLACEMENT_3D('',#13217,#10583,#10584);
#8997=AXIS2_PLACEMENT_3D('',#13219,#10586,#10587);
#8998=AXIS2_PLACEMENT_3D('',#13220,#10588,#10589);
#8999=AXIS2_PLACEMENT_3D('',#13223,#10592,#10593);
#9000=AXIS2_PLACEMENT_3D('',#13225,#10595,#10596);
#9001=AXIS2_PLACEMENT_3D('',#13227,#10598,#10599);
#9002=AXIS2_PLACEMENT_3D('',#13228,#10600,#10601);
#9003=AXIS2_PLACEMENT_3D('',#13231,#10604,#10605);
#9004=AXIS2_PLACEMENT_3D('',#13233,#10607,#10608);
#9005=AXIS2_PLACEMENT_3D('',#13235,#10610,#10611);
#9006=AXIS2_PLACEMENT_3D('',#13236,#10612,#10613);
#9007=AXIS2_PLACEMENT_3D('',#13239,#10616,#10617);
#9008=AXIS2_PLACEMENT_3D('',#13241,#10619,#10620);
#9009=AXIS2_PLACEMENT_3D('',#13243,#10622,#10623);
#9010=AXIS2_PLACEMENT_3D('',#13244,#10624,#10625);
#9011=AXIS2_PLACEMENT_3D('',#13247,#10628,#10629);
#9012=AXIS2_PLACEMENT_3D('',#13249,#10631,#10632);
#9013=AXIS2_PLACEMENT_3D('',#13251,#10634,#10635);
#9014=AXIS2_PLACEMENT_3D('',#13252,#10636,#10637);
#9015=AXIS2_PLACEMENT_3D('',#13255,#10640,#10641);
#9016=AXIS2_PLACEMENT_3D('',#13257,#10643,#10644);
#9017=AXIS2_PLACEMENT_3D('',#13259,#10646,#10647);
#9018=AXIS2_PLACEMENT_3D('',#13260,#10648,#10649);
#9019=AXIS2_PLACEMENT_3D('',#13263,#10652,#10653);
#9020=AXIS2_PLACEMENT_3D('',#13265,#10655,#10656);
#9021=AXIS2_PLACEMENT_3D('',#13267,#10658,#10659);
#9022=AXIS2_PLACEMENT_3D('',#13268,#10660,#10661);
#9023=AXIS2_PLACEMENT_3D('',#13271,#10664,#10665);
#9024=AXIS2_PLACEMENT_3D('',#13273,#10667,#10668);
#9025=AXIS2_PLACEMENT_3D('',#13275,#10670,#10671);
#9026=AXIS2_PLACEMENT_3D('',#13276,#10672,#10673);
#9027=AXIS2_PLACEMENT_3D('',#13279,#10676,#10677);
#9028=AXIS2_PLACEMENT_3D('',#13281,#10679,#10680);
#9029=AXIS2_PLACEMENT_3D('',#13283,#10682,#10683);
#9030=AXIS2_PLACEMENT_3D('',#13284,#10684,#10685);
#9031=AXIS2_PLACEMENT_3D('',#13287,#10688,#10689);
#9032=AXIS2_PLACEMENT_3D('',#13289,#10691,#10692);
#9033=AXIS2_PLACEMENT_3D('',#13291,#10694,#10695);
#9034=AXIS2_PLACEMENT_3D('',#13292,#10696,#10697);
#9035=AXIS2_PLACEMENT_3D('',#13295,#10700,#10701);
#9036=AXIS2_PLACEMENT_3D('',#13297,#10703,#10704);
#9037=AXIS2_PLACEMENT_3D('',#13299,#10706,#10707);
#9038=AXIS2_PLACEMENT_3D('',#13300,#10708,#10709);
#9039=AXIS2_PLACEMENT_3D('',#13303,#10712,#10713);
#9040=AXIS2_PLACEMENT_3D('',#13305,#10715,#10716);
#9041=AXIS2_PLACEMENT_3D('',#13307,#10718,#10719);
#9042=AXIS2_PLACEMENT_3D('',#13308,#10720,#10721);
#9043=AXIS2_PLACEMENT_3D('',#13311,#10724,#10725);
#9044=AXIS2_PLACEMENT_3D('',#13313,#10727,#10728);
#9045=AXIS2_PLACEMENT_3D('',#13315,#10730,#10731);
#9046=AXIS2_PLACEMENT_3D('',#13316,#10732,#10733);
#9047=AXIS2_PLACEMENT_3D('',#13319,#10736,#10737);
#9048=AXIS2_PLACEMENT_3D('',#13321,#10739,#10740);
#9049=AXIS2_PLACEMENT_3D('',#13323,#10742,#10743);
#9050=AXIS2_PLACEMENT_3D('',#13324,#10744,#10745);
#9051=AXIS2_PLACEMENT_3D('',#13327,#10748,#10749);
#9052=AXIS2_PLACEMENT_3D('',#13329,#10751,#10752);
#9053=AXIS2_PLACEMENT_3D('',#13331,#10754,#10755);
#9054=AXIS2_PLACEMENT_3D('',#13332,#10756,#10757);
#9055=AXIS2_PLACEMENT_3D('',#13335,#10760,#10761);
#9056=AXIS2_PLACEMENT_3D('',#13337,#10763,#10764);
#9057=AXIS2_PLACEMENT_3D('',#13339,#10766,#10767);
#9058=AXIS2_PLACEMENT_3D('',#13340,#10768,#10769);
#9059=AXIS2_PLACEMENT_3D('',#13343,#10772,#10773);
#9060=AXIS2_PLACEMENT_3D('',#13345,#10775,#10776);
#9061=AXIS2_PLACEMENT_3D('',#13347,#10778,#10779);
#9062=AXIS2_PLACEMENT_3D('',#13348,#10780,#10781);
#9063=AXIS2_PLACEMENT_3D('',#13351,#10784,#10785);
#9064=AXIS2_PLACEMENT_3D('',#13353,#10787,#10788);
#9065=AXIS2_PLACEMENT_3D('',#13355,#10790,#10791);
#9066=AXIS2_PLACEMENT_3D('',#13356,#10792,#10793);
#9067=AXIS2_PLACEMENT_3D('',#13359,#10796,#10797);
#9068=AXIS2_PLACEMENT_3D('',#13361,#10799,#10800);
#9069=AXIS2_PLACEMENT_3D('',#13363,#10802,#10803);
#9070=AXIS2_PLACEMENT_3D('',#13364,#10804,#10805);
#9071=AXIS2_PLACEMENT_3D('',#13367,#10808,#10809);
#9072=AXIS2_PLACEMENT_3D('',#13369,#10811,#10812);
#9073=AXIS2_PLACEMENT_3D('',#13371,#10814,#10815);
#9074=AXIS2_PLACEMENT_3D('',#13372,#10816,#10817);
#9075=AXIS2_PLACEMENT_3D('',#13375,#10820,#10821);
#9076=AXIS2_PLACEMENT_3D('',#13377,#10823,#10824);
#9077=AXIS2_PLACEMENT_3D('',#13379,#10826,#10827);
#9078=AXIS2_PLACEMENT_3D('',#13380,#10828,#10829);
#9079=AXIS2_PLACEMENT_3D('',#13383,#10832,#10833);
#9080=AXIS2_PLACEMENT_3D('',#13385,#10835,#10836);
#9081=AXIS2_PLACEMENT_3D('',#13387,#10838,#10839);
#9082=AXIS2_PLACEMENT_3D('',#13388,#10840,#10841);
#9083=AXIS2_PLACEMENT_3D('',#13391,#10844,#10845);
#9084=AXIS2_PLACEMENT_3D('',#13393,#10847,#10848);
#9085=AXIS2_PLACEMENT_3D('',#13395,#10850,#10851);
#9086=AXIS2_PLACEMENT_3D('',#13396,#10852,#10853);
#9087=AXIS2_PLACEMENT_3D('',#13399,#10856,#10857);
#9088=AXIS2_PLACEMENT_3D('',#13401,#10859,#10860);
#9089=AXIS2_PLACEMENT_3D('',#13403,#10862,#10863);
#9090=AXIS2_PLACEMENT_3D('',#13404,#10864,#10865);
#9091=AXIS2_PLACEMENT_3D('',#13407,#10868,#10869);
#9092=AXIS2_PLACEMENT_3D('',#13409,#10871,#10872);
#9093=AXIS2_PLACEMENT_3D('',#13411,#10874,#10875);
#9094=AXIS2_PLACEMENT_3D('',#13412,#10876,#10877);
#9095=AXIS2_PLACEMENT_3D('',#13415,#10880,#10881);
#9096=AXIS2_PLACEMENT_3D('',#13417,#10883,#10884);
#9097=AXIS2_PLACEMENT_3D('',#13419,#10886,#10887);
#9098=AXIS2_PLACEMENT_3D('',#13420,#10888,#10889);
#9099=AXIS2_PLACEMENT_3D('',#13423,#10892,#10893);
#9100=AXIS2_PLACEMENT_3D('',#13425,#10895,#10896);
#9101=AXIS2_PLACEMENT_3D('',#13427,#10898,#10899);
#9102=AXIS2_PLACEMENT_3D('',#13428,#10900,#10901);
#9103=AXIS2_PLACEMENT_3D('',#13431,#10904,#10905);
#9104=AXIS2_PLACEMENT_3D('',#13433,#10907,#10908);
#9105=AXIS2_PLACEMENT_3D('',#13435,#10910,#10911);
#9106=AXIS2_PLACEMENT_3D('',#13436,#10912,#10913);
#9107=AXIS2_PLACEMENT_3D('',#13439,#10916,#10917);
#9108=AXIS2_PLACEMENT_3D('',#13441,#10919,#10920);
#9109=AXIS2_PLACEMENT_3D('',#13443,#10922,#10923);
#9110=AXIS2_PLACEMENT_3D('',#13444,#10924,#10925);
#9111=AXIS2_PLACEMENT_3D('',#13447,#10928,#10929);
#9112=AXIS2_PLACEMENT_3D('',#13449,#10931,#10932);
#9113=AXIS2_PLACEMENT_3D('',#13451,#10934,#10935);
#9114=AXIS2_PLACEMENT_3D('',#13452,#10936,#10937);
#9115=AXIS2_PLACEMENT_3D('',#13455,#10940,#10941);
#9116=AXIS2_PLACEMENT_3D('',#13457,#10943,#10944);
#9117=AXIS2_PLACEMENT_3D('',#13459,#10946,#10947);
#9118=AXIS2_PLACEMENT_3D('',#13460,#10948,#10949);
#9119=AXIS2_PLACEMENT_3D('',#13463,#10952,#10953);
#9120=AXIS2_PLACEMENT_3D('',#13465,#10955,#10956);
#9121=AXIS2_PLACEMENT_3D('',#13467,#10958,#10959);
#9122=AXIS2_PLACEMENT_3D('',#13468,#10960,#10961);
#9123=AXIS2_PLACEMENT_3D('',#13471,#10964,#10965);
#9124=AXIS2_PLACEMENT_3D('',#13473,#10967,#10968);
#9125=AXIS2_PLACEMENT_3D('',#13475,#10970,#10971);
#9126=AXIS2_PLACEMENT_3D('',#13476,#10972,#10973);
#9127=AXIS2_PLACEMENT_3D('',#13479,#10976,#10977);
#9128=AXIS2_PLACEMENT_3D('',#13481,#10979,#10980);
#9129=AXIS2_PLACEMENT_3D('',#13483,#10982,#10983);
#9130=AXIS2_PLACEMENT_3D('',#13484,#10984,#10985);
#9131=AXIS2_PLACEMENT_3D('',#13487,#10988,#10989);
#9132=AXIS2_PLACEMENT_3D('',#13489,#10991,#10992);
#9133=AXIS2_PLACEMENT_3D('',#13491,#10994,#10995);
#9134=AXIS2_PLACEMENT_3D('',#13492,#10996,#10997);
#9135=AXIS2_PLACEMENT_3D('',#13495,#11000,#11001);
#9136=AXIS2_PLACEMENT_3D('',#13497,#11003,#11004);
#9137=AXIS2_PLACEMENT_3D('',#13499,#11006,#11007);
#9138=AXIS2_PLACEMENT_3D('',#13500,#11008,#11009);
#9139=AXIS2_PLACEMENT_3D('',#13503,#11012,#11013);
#9140=AXIS2_PLACEMENT_3D('',#13505,#11015,#11016);
#9141=AXIS2_PLACEMENT_3D('',#13507,#11018,#11019);
#9142=AXIS2_PLACEMENT_3D('',#13508,#11020,#11021);
#9143=AXIS2_PLACEMENT_3D('',#13511,#11024,#11025);
#9144=AXIS2_PLACEMENT_3D('',#13513,#11027,#11028);
#9145=AXIS2_PLACEMENT_3D('',#13515,#11030,#11031);
#9146=AXIS2_PLACEMENT_3D('',#13516,#11032,#11033);
#9147=AXIS2_PLACEMENT_3D('',#13519,#11036,#11037);
#9148=AXIS2_PLACEMENT_3D('',#13521,#11039,#11040);
#9149=AXIS2_PLACEMENT_3D('',#13523,#11042,#11043);
#9150=AXIS2_PLACEMENT_3D('',#13524,#11044,#11045);
#9151=AXIS2_PLACEMENT_3D('',#13527,#11048,#11049);
#9152=AXIS2_PLACEMENT_3D('',#13529,#11051,#11052);
#9153=AXIS2_PLACEMENT_3D('',#13531,#11054,#11055);
#9154=AXIS2_PLACEMENT_3D('',#13532,#11056,#11057);
#9155=AXIS2_PLACEMENT_3D('',#13535,#11060,#11061);
#9156=AXIS2_PLACEMENT_3D('',#13537,#11063,#11064);
#9157=AXIS2_PLACEMENT_3D('',#13539,#11066,#11067);
#9158=AXIS2_PLACEMENT_3D('',#13540,#11068,#11069);
#9159=AXIS2_PLACEMENT_3D('',#13543,#11072,#11073);
#9160=AXIS2_PLACEMENT_3D('',#13545,#11075,#11076);
#9161=AXIS2_PLACEMENT_3D('',#13547,#11078,#11079);
#9162=AXIS2_PLACEMENT_3D('',#13548,#11080,#11081);
#9163=AXIS2_PLACEMENT_3D('',#13551,#11084,#11085);
#9164=AXIS2_PLACEMENT_3D('',#13553,#11087,#11088);
#9165=AXIS2_PLACEMENT_3D('',#13555,#11090,#11091);
#9166=AXIS2_PLACEMENT_3D('',#13556,#11092,#11093);
#9167=AXIS2_PLACEMENT_3D('',#13559,#11096,#11097);
#9168=AXIS2_PLACEMENT_3D('',#13561,#11099,#11100);
#9169=AXIS2_PLACEMENT_3D('',#13563,#11102,#11103);
#9170=AXIS2_PLACEMENT_3D('',#13564,#11104,#11105);
#9171=AXIS2_PLACEMENT_3D('',#13567,#11108,#11109);
#9172=AXIS2_PLACEMENT_3D('',#13569,#11111,#11112);
#9173=AXIS2_PLACEMENT_3D('',#13571,#11114,#11115);
#9174=AXIS2_PLACEMENT_3D('',#13572,#11116,#11117);
#9175=AXIS2_PLACEMENT_3D('',#13575,#11120,#11121);
#9176=AXIS2_PLACEMENT_3D('',#13577,#11123,#11124);
#9177=AXIS2_PLACEMENT_3D('',#13579,#11126,#11127);
#9178=AXIS2_PLACEMENT_3D('',#13580,#11128,#11129);
#9179=AXIS2_PLACEMENT_3D('',#13583,#11132,#11133);
#9180=AXIS2_PLACEMENT_3D('',#13585,#11135,#11136);
#9181=AXIS2_PLACEMENT_3D('',#13587,#11138,#11139);
#9182=AXIS2_PLACEMENT_3D('',#13588,#11140,#11141);
#9183=AXIS2_PLACEMENT_3D('',#13591,#11144,#11145);
#9184=AXIS2_PLACEMENT_3D('',#13593,#11147,#11148);
#9185=AXIS2_PLACEMENT_3D('',#13595,#11150,#11151);
#9186=AXIS2_PLACEMENT_3D('',#13596,#11152,#11153);
#9187=AXIS2_PLACEMENT_3D('',#13599,#11156,#11157);
#9188=AXIS2_PLACEMENT_3D('',#13601,#11159,#11160);
#9189=AXIS2_PLACEMENT_3D('',#13603,#11162,#11163);
#9190=AXIS2_PLACEMENT_3D('',#13604,#11164,#11165);
#9191=AXIS2_PLACEMENT_3D('',#13607,#11168,#11169);
#9192=AXIS2_PLACEMENT_3D('',#13609,#11171,#11172);
#9193=AXIS2_PLACEMENT_3D('',#13611,#11174,#11175);
#9194=AXIS2_PLACEMENT_3D('',#13612,#11176,#11177);
#9195=AXIS2_PLACEMENT_3D('',#13615,#11180,#11181);
#9196=AXIS2_PLACEMENT_3D('',#13617,#11183,#11184);
#9197=AXIS2_PLACEMENT_3D('',#13619,#11186,#11187);
#9198=AXIS2_PLACEMENT_3D('',#13620,#11188,#11189);
#9199=AXIS2_PLACEMENT_3D('',#13623,#11192,#11193);
#9200=AXIS2_PLACEMENT_3D('',#13625,#11195,#11196);
#9201=AXIS2_PLACEMENT_3D('',#13627,#11198,#11199);
#9202=AXIS2_PLACEMENT_3D('',#13628,#11200,#11201);
#9203=AXIS2_PLACEMENT_3D('',#13631,#11204,#11205);
#9204=AXIS2_PLACEMENT_3D('',#13633,#11207,#11208);
#9205=AXIS2_PLACEMENT_3D('',#13635,#11210,#11211);
#9206=AXIS2_PLACEMENT_3D('',#13636,#11212,#11213);
#9207=AXIS2_PLACEMENT_3D('',#13639,#11216,#11217);
#9208=AXIS2_PLACEMENT_3D('',#13641,#11219,#11220);
#9209=AXIS2_PLACEMENT_3D('',#13643,#11222,#11223);
#9210=AXIS2_PLACEMENT_3D('',#13644,#11224,#11225);
#9211=AXIS2_PLACEMENT_3D('',#13647,#11228,#11229);
#9212=AXIS2_PLACEMENT_3D('',#13649,#11231,#11232);
#9213=AXIS2_PLACEMENT_3D('',#13651,#11234,#11235);
#9214=AXIS2_PLACEMENT_3D('',#13652,#11236,#11237);
#9215=AXIS2_PLACEMENT_3D('',#13654,#11239,#11240);
#9216=AXIS2_PLACEMENT_3D('',#13655,#11241,#11242);
#9217=AXIS2_PLACEMENT_3D('',#13657,#11244,#11245);
#9218=AXIS2_PLACEMENT_3D('',#13659,#11247,#11248);
#9219=AXIS2_PLACEMENT_3D('',#13660,#11249,#11250);
#9220=DIRECTION('axis',(0.,0.,1.));
#9221=DIRECTION('refdir',(1.,0.,0.));
#9222=DIRECTION('center_axis',(1.,0.,0.));
#9223=DIRECTION('ref_axis',(0.,1.,-3.97769002667878E-12));
#9224=DIRECTION('center_axis',(-0.429056814570396,-0.903277504353288,1.10619590444806E-16));
#9225=DIRECTION('ref_axis',(-0.903277504353288,0.429056814570396,-1.70665501219523E-12));
#9226=DIRECTION('',(-1.,0.,0.));
#9227=DIRECTION('center_axis',(0.707106781186548,-1.2469523719978E-17,0.707106781186548));
#9228=DIRECTION('ref_axis',(-0.707106781186547,2.81265159132267E-12,0.707106781186547));
#9229=DIRECTION('center_axis',(1.,-1.40099249475861E-16,-9.32768025320083E-17));
#9230=DIRECTION('ref_axis',(0.,1.,-3.97769002667878E-12));
#9231=DIRECTION('center_axis',(0.707106781186548,-1.85660734967077E-16,
-0.707106781186548));
#9232=DIRECTION('ref_axis',(0.707106781186547,2.81265159132267E-12,0.707106781186547));
#9233=DIRECTION('',(1.,0.,0.));
#9234=DIRECTION('center_axis',(-0.707106781186548,1.85660734967077E-16,
0.707106781186548));
#9235=DIRECTION('ref_axis',(-0.707106781186548,-8.65956056235493E-17,-0.707106781186548));
#9236=DIRECTION('',(-1.40099249475861E-16,-1.,1.22464679914735E-16));
#9237=DIRECTION('center_axis',(0.707106781186548,-1.85660734967077E-16,
-0.707106781186548));
#9238=DIRECTION('ref_axis',(-0.707106781186547,2.33878324293802E-12,-0.707106781186547));
#9239=DIRECTION('',(0.577350269190903,0.577350269187072,0.577350269190903));
#9240=DIRECTION('',(1.40099249475861E-16,1.,-1.22464679914735E-16));
#9241=DIRECTION('',(-0.577350269191155,0.577350269186567,-0.577350269191156));
#9242=DIRECTION('center_axis',(1.,-1.40099249475861E-16,-9.32768025320083E-17));
#9243=DIRECTION('ref_axis',(9.32768025320083E-17,1.22464679914735E-16,1.));
#9244=DIRECTION('',(1.40099249475861E-16,1.,-1.22464679914735E-16));
#9245=DIRECTION('center_axis',(1.,-1.40099249475861E-16,-9.32768025320083E-17));
#9246=DIRECTION('ref_axis',(0.,-1.,-3.30753898161388E-12));
#9247=DIRECTION('center_axis',(-0.707106781186548,1.2469523719978E-17,-0.707106781186548));
#9248=DIRECTION('ref_axis',(0.707106781186548,-8.65956056235493E-17,-0.707106781186548));
#9249=DIRECTION('',(0.577350269188099,-0.577350269192679,-0.577350269188099));
#9250=DIRECTION('',(-1.40099249475861E-16,-1.,1.22464679914735E-16));
#9251=DIRECTION('',(-0.577350269188354,-0.577350269192168,0.577350269188355));
#9252=DIRECTION('center_axis',(0.707106781186548,-1.2469523719978E-17,0.707106781186548));
#9253=DIRECTION('ref_axis',(0.707106781186547,2.33878324293802E-12,-0.707106781186547));
#9254=DIRECTION('center_axis',(1.,0.,0.));
#9255=DIRECTION('ref_axis',(0.,-1.,-3.30753898161388E-12));
#9256=DIRECTION('center_axis',(-0.429056814570404,0.903277504353285,1.1340283925384E-15));
#9257=DIRECTION('ref_axis',(-0.903277504353285,-0.429056814570404,-1.41912213951869E-12));
#9258=DIRECTION('',(-1.,0.,0.));
#9259=DIRECTION('',(1.,0.,0.));
#9260=DIRECTION('center_axis',(0.,-0.707106781184212,-0.707106781188883));
#9261=DIRECTION('ref_axis',(3.31084697462908E-17,0.707106781188883,-0.707106781184212));
#9262=DIRECTION('',(1.,0.,0.));
#9263=DIRECTION('',(0.830097075152213,0.394296110699685,-0.39429611069708));
#9264=DIRECTION('center_axis',(0.,-1.22464679914735E-16,-1.));
#9265=DIRECTION('ref_axis',(1.40099249475861E-16,1.,-1.22464679914735E-16));
#9266=DIRECTION('',(1.,0.,0.));
#9267=DIRECTION('',(1.,0.,0.));
#9268=DIRECTION('',(0.,1.,1.44536727041619E-15));
#9269=DIRECTION('',(-0.707106781186546,-0.707106781186549,8.65956056235495E-17));
#9270=DIRECTION('',(1.,-1.40099249475861E-16,-4.51379723972723E-31));
#9271=DIRECTION('',(-0.904614813101088,0.426230031694253,-5.21981244014841E-17));
#9272=DIRECTION('center_axis',(0.,1.22464679914735E-16,1.));
#9273=DIRECTION('ref_axis',(0.500000000000158,0.866025403784347,1.0872598861566E-15));
#9274=DIRECTION('',(1.09621309967759E-14,-1.,1.22464679914735E-16));
#9275=DIRECTION('center_axis',(0.,-1.22464679914735E-16,-1.));
#9276=DIRECTION('ref_axis',(0.500000000000166,-0.866025403784343,1.06057523872479E-16));
#9277=DIRECTION('',(-0.904614813101084,-0.42623003169426,5.21981244014851E-17));
#9278=DIRECTION('',(1.,1.51698109330108E-16,-2.9625371960686E-32));
#9279=DIRECTION('',(0.,1.,1.44536727041619E-15));
#9280=DIRECTION('',(1.,0.,0.));
#9281=DIRECTION('center_axis',(0.,1.22464679914735E-16,1.));
#9282=DIRECTION('ref_axis',(1.,-1.40099249475861E-16,1.14370592556359E-31));
#9283=DIRECTION('center_axis',(0.,1.22464679914735E-16,1.));
#9284=DIRECTION('ref_axis',(1.,-1.40099249475861E-16,1.14370592556359E-31));
#9285=DIRECTION('',(0.,1.,-1.22464679914735E-16));
#9286=DIRECTION('',(-1.,0.,0.));
#9287=DIRECTION('',(0.,-1.,1.22464679914735E-16));
#9288=DIRECTION('',(1.,0.,0.));
#9289=DIRECTION('',(0.,1.,-1.22464679914735E-16));
#9290=DIRECTION('',(-1.,0.,0.));
#9291=DIRECTION('',(0.,-1.,1.22464679914735E-16));
#9292=DIRECTION('',(1.,0.,0.));
#9293=DIRECTION('',(0.,1.,-1.22464679914735E-16));
#9294=DIRECTION('',(-1.,0.,0.));
#9295=DIRECTION('',(0.,-1.,1.22464679914735E-16));
#9296=DIRECTION('',(1.,0.,0.));
#9297=DIRECTION('',(0.,1.,-1.22464679914735E-16));
#9298=DIRECTION('',(-1.,0.,0.));
#9299=DIRECTION('',(0.,-1.,1.22464679914735E-16));
#9300=DIRECTION('',(1.,0.,0.));
#9301=DIRECTION('',(0.,1.,-1.22464679914735E-16));
#9302=DIRECTION('',(-1.,0.,0.));
#9303=DIRECTION('',(0.,-1.,1.22464679914735E-16));
#9304=DIRECTION('',(1.,0.,0.));
#9305=DIRECTION('',(0.,1.,-1.22464679914735E-16));
#9306=DIRECTION('',(-1.,0.,0.));
#9307=DIRECTION('',(0.,-1.,1.22464679914735E-16));
#9308=DIRECTION('',(1.,0.,0.));
#9309=DIRECTION('',(0.,1.,-1.22464679914735E-16));
#9310=DIRECTION('',(-1.,0.,0.));
#9311=DIRECTION('',(0.,-1.,1.22464679914735E-16));
#9312=DIRECTION('',(1.,0.,0.));
#9313=DIRECTION('',(0.,1.,-1.22464679914735E-16));
#9314=DIRECTION('',(-1.,0.,0.));
#9315=DIRECTION('',(0.,-1.,1.22464679914735E-16));
#9316=DIRECTION('',(1.,0.,0.));
#9317=DIRECTION('',(0.,1.,-1.22464679914735E-16));
#9318=DIRECTION('',(-1.,0.,0.));
#9319=DIRECTION('',(0.,-1.,1.22464679914735E-16));
#9320=DIRECTION('',(1.,0.,0.));
#9321=DIRECTION('',(0.,1.,-1.22464679914735E-16));
#9322=DIRECTION('',(-1.,0.,0.));
#9323=DIRECTION('',(0.,-1.,1.22464679914735E-16));
#9324=DIRECTION('',(1.,0.,0.));
#9325=DIRECTION('',(0.,1.,-1.22464679914735E-16));
#9326=DIRECTION('',(-1.,0.,0.));
#9327=DIRECTION('',(0.,-1.,1.22464679914735E-16));
#9328=DIRECTION('',(1.,0.,0.));
#9329=DIRECTION('',(0.,1.,-1.22464679914735E-16));
#9330=DIRECTION('',(-1.,0.,0.));
#9331=DIRECTION('',(0.,-1.,1.22464679914735E-16));
#9332=DIRECTION('',(1.,0.,0.));
#9333=DIRECTION('',(0.,1.,-1.22464679914735E-16));
#9334=DIRECTION('',(-1.,0.,0.));
#9335=DIRECTION('',(0.,-1.,1.22464679914735E-16));
#9336=DIRECTION('',(1.,0.,0.));
#9337=DIRECTION('',(0.,1.,-1.22464679914735E-16));
#9338=DIRECTION('',(-1.,0.,0.));
#9339=DIRECTION('',(0.,-1.,1.22464679914735E-16));
#9340=DIRECTION('',(1.,0.,0.));
#9341=DIRECTION('',(0.,1.,-1.22464679914735E-16));
#9342=DIRECTION('',(-1.,0.,0.));
#9343=DIRECTION('',(0.,-1.,1.22464679914735E-16));
#9344=DIRECTION('',(1.,0.,0.));
#9345=DIRECTION('',(0.,1.,-1.22464679914735E-16));
#9346=DIRECTION('',(-1.,0.,0.));
#9347=DIRECTION('',(0.,-1.,1.22464679914735E-16));
#9348=DIRECTION('',(1.,0.,0.));
#9349=DIRECTION('',(0.,1.,-1.22464679914735E-16));
#9350=DIRECTION('',(-1.,0.,0.));
#9351=DIRECTION('',(0.,-1.,1.22464679914735E-16));
#9352=DIRECTION('',(1.,0.,0.));
#9353=DIRECTION('',(0.,1.,-1.22464679914735E-16));
#9354=DIRECTION('',(-1.,0.,0.));
#9355=DIRECTION('',(0.,-1.,1.22464679914735E-16));
#9356=DIRECTION('',(1.,0.,0.));
#9357=DIRECTION('',(0.,1.,-1.22464679914735E-16));
#9358=DIRECTION('',(-1.,0.,0.));
#9359=DIRECTION('',(0.,-1.,1.22464679914735E-16));
#9360=DIRECTION('',(1.,0.,0.));
#9361=DIRECTION('',(0.,1.,-1.22464679914735E-16));
#9362=DIRECTION('',(-1.,0.,0.));
#9363=DIRECTION('',(0.,-1.,1.22464679914735E-16));
#9364=DIRECTION('',(1.,0.,0.));
#9365=DIRECTION('',(0.,1.,-1.22464679914735E-16));
#9366=DIRECTION('',(-1.,0.,0.));
#9367=DIRECTION('',(0.,-1.,1.22464679914735E-16));
#9368=DIRECTION('',(1.,0.,0.));
#9369=DIRECTION('',(0.,1.,-1.22464679914735E-16));
#9370=DIRECTION('',(-1.,0.,0.));
#9371=DIRECTION('',(0.,-1.,1.22464679914735E-16));
#9372=DIRECTION('',(1.,0.,0.));
#9373=DIRECTION('',(0.,1.,-1.22464679914735E-16));
#9374=DIRECTION('',(-1.,0.,0.));
#9375=DIRECTION('',(0.,-1.,1.22464679914735E-16));
#9376=DIRECTION('',(1.,0.,0.));
#9377=DIRECTION('',(0.,1.,-1.22464679914735E-16));
#9378=DIRECTION('',(-1.,0.,0.));
#9379=DIRECTION('',(0.,-1.,1.22464679914735E-16));
#9380=DIRECTION('',(1.,0.,0.));
#9381=DIRECTION('',(0.,1.,-1.22464679914735E-16));
#9382=DIRECTION('',(-1.,0.,0.));
#9383=DIRECTION('',(0.,-1.,1.22464679914735E-16));
#9384=DIRECTION('',(1.,0.,0.));
#9385=DIRECTION('',(0.,1.,-1.22464679914735E-16));
#9386=DIRECTION('',(-1.,0.,0.));
#9387=DIRECTION('',(0.,-1.,1.22464679914735E-16));
#9388=DIRECTION('',(1.,0.,0.));
#9389=DIRECTION('',(0.,1.,-1.22464679914735E-16));
#9390=DIRECTION('',(-1.,0.,0.));
#9391=DIRECTION('',(0.,-1.,1.22464679914735E-16));
#9392=DIRECTION('',(1.,0.,0.));
#9393=DIRECTION('',(0.,1.,-1.22464679914735E-16));
#9394=DIRECTION('',(-1.,0.,0.));
#9395=DIRECTION('',(0.,-1.,1.22464679914735E-16));
#9396=DIRECTION('',(1.,0.,0.));
#9397=DIRECTION('',(0.,1.,-1.22464679914735E-16));
#9398=DIRECTION('',(-1.,0.,0.));
#9399=DIRECTION('',(0.,-1.,1.22464679914735E-16));
#9400=DIRECTION('',(1.,0.,0.));
#9401=DIRECTION('',(0.,1.,-1.22464679914735E-16));
#9402=DIRECTION('',(-1.,0.,0.));
#9403=DIRECTION('',(0.,-1.,1.22464679914735E-16));
#9404=DIRECTION('',(1.,0.,0.));
#9405=DIRECTION('',(0.,1.,-1.22464679914735E-16));
#9406=DIRECTION('',(-1.,0.,0.));
#9407=DIRECTION('',(0.,-1.,1.22464679914735E-16));
#9408=DIRECTION('',(1.,0.,0.));
#9409=DIRECTION('',(0.,1.,-1.22464679914735E-16));
#9410=DIRECTION('',(-1.,0.,0.));
#9411=DIRECTION('',(0.,-1.,1.22464679914735E-16));
#9412=DIRECTION('',(1.,0.,0.));
#9413=DIRECTION('',(0.,1.,-1.22464679914735E-16));
#9414=DIRECTION('',(-1.,0.,0.));
#9415=DIRECTION('',(0.,-1.,1.22464679914735E-16));
#9416=DIRECTION('',(1.,0.,0.));
#9417=DIRECTION('',(0.,1.,-1.22464679914735E-16));
#9418=DIRECTION('',(-1.,0.,0.));
#9419=DIRECTION('',(0.,-1.,1.22464679914735E-16));
#9420=DIRECTION('',(1.,0.,0.));
#9421=DIRECTION('',(0.,1.,-1.22464679914735E-16));
#9422=DIRECTION('',(-1.,0.,0.));
#9423=DIRECTION('',(0.,-1.,1.22464679914735E-16));
#9424=DIRECTION('',(1.,0.,0.));
#9425=DIRECTION('',(0.,1.,-1.22464679914735E-16));
#9426=DIRECTION('',(-1.,0.,0.));
#9427=DIRECTION('',(0.,-1.,1.22464679914735E-16));
#9428=DIRECTION('',(1.,0.,0.));
#9429=DIRECTION('',(0.,1.,-1.22464679914735E-16));
#9430=DIRECTION('',(-1.,0.,0.));
#9431=DIRECTION('',(0.,-1.,1.22464679914735E-16));
#9432=DIRECTION('',(1.,0.,0.));
#9433=DIRECTION('',(0.,1.,-1.22464679914735E-16));
#9434=DIRECTION('',(-1.,0.,0.));
#9435=DIRECTION('',(0.,-1.,1.22464679914735E-16));
#9436=DIRECTION('',(1.,0.,0.));
#9437=DIRECTION('',(0.,1.,-1.22464679914735E-16));
#9438=DIRECTION('',(-1.,0.,0.));
#9439=DIRECTION('',(0.,-1.,1.22464679914735E-16));
#9440=DIRECTION('',(1.,0.,0.));
#9441=DIRECTION('',(0.,1.,-1.22464679914735E-16));
#9442=DIRECTION('',(-1.,0.,0.));
#9443=DIRECTION('',(0.,-1.,1.22464679914735E-16));
#9444=DIRECTION('',(1.,0.,0.));
#9445=DIRECTION('',(0.,1.,-1.22464679914735E-16));
#9446=DIRECTION('',(-1.,0.,0.));
#9447=DIRECTION('',(0.,-1.,1.22464679914735E-16));
#9448=DIRECTION('',(1.,0.,0.));
#9449=DIRECTION('',(0.,1.,-1.22464679914735E-16));
#9450=DIRECTION('',(-1.,0.,0.));
#9451=DIRECTION('',(0.,-1.,1.22464679914735E-16));
#9452=DIRECTION('',(1.,0.,0.));
#9453=DIRECTION('',(0.,1.,-1.22464679914735E-16));
#9454=DIRECTION('',(-1.,0.,0.));
#9455=DIRECTION('',(0.,-1.,1.22464679914735E-16));
#9456=DIRECTION('',(1.,0.,0.));
#9457=DIRECTION('',(0.,1.,-1.22464679914735E-16));
#9458=DIRECTION('',(-1.,0.,0.));
#9459=DIRECTION('',(0.,-1.,1.22464679914735E-16));
#9460=DIRECTION('',(1.,0.,0.));
#9461=DIRECTION('',(0.,1.,-1.22464679914735E-16));
#9462=DIRECTION('',(-1.,0.,0.));
#9463=DIRECTION('',(0.,-1.,1.22464679914735E-16));
#9464=DIRECTION('',(1.,0.,0.));
#9465=DIRECTION('',(0.,1.,-1.22464679914735E-16));
#9466=DIRECTION('',(-1.,0.,0.));
#9467=DIRECTION('',(0.,-1.,1.22464679914735E-16));
#9468=DIRECTION('',(1.,0.,0.));
#9469=DIRECTION('',(0.,1.,-1.22464679914735E-16));
#9470=DIRECTION('',(-1.,0.,0.));
#9471=DIRECTION('',(0.,-1.,1.22464679914735E-16));
#9472=DIRECTION('',(1.,0.,0.));
#9473=DIRECTION('',(0.,1.,-1.22464679914735E-16));
#9474=DIRECTION('',(-1.,0.,0.));
#9475=DIRECTION('',(0.,-1.,1.22464679914735E-16));
#9476=DIRECTION('',(1.,0.,0.));
#9477=DIRECTION('',(0.,1.,-1.22464679914735E-16));
#9478=DIRECTION('',(-1.,0.,0.));
#9479=DIRECTION('',(0.,-1.,1.22464679914735E-16));
#9480=DIRECTION('',(1.,0.,0.));
#9481=DIRECTION('',(0.,1.,-1.22464679914735E-16));
#9482=DIRECTION('',(-1.,0.,0.));
#9483=DIRECTION('',(0.,-1.,1.22464679914735E-16));
#9484=DIRECTION('',(1.,0.,0.));
#9485=DIRECTION('',(0.,1.,-1.22464679914735E-16));
#9486=DIRECTION('',(-1.,0.,0.));
#9487=DIRECTION('',(0.,-1.,1.22464679914735E-16));
#9488=DIRECTION('',(1.,0.,0.));
#9489=DIRECTION('',(0.,1.,-1.22464679914735E-16));
#9490=DIRECTION('',(-1.,0.,0.));
#9491=DIRECTION('',(0.,-1.,1.22464679914735E-16));
#9492=DIRECTION('',(1.,0.,0.));
#9493=DIRECTION('',(0.,1.,-1.22464679914735E-16));
#9494=DIRECTION('',(-1.,0.,0.));
#9495=DIRECTION('',(0.,-1.,1.22464679914735E-16));
#9496=DIRECTION('',(1.,0.,0.));
#9497=DIRECTION('',(0.,1.,-1.22464679914735E-16));
#9498=DIRECTION('',(-1.,0.,0.));
#9499=DIRECTION('',(0.,-1.,1.22464679914735E-16));
#9500=DIRECTION('',(1.,0.,0.));
#9501=DIRECTION('',(0.,1.,-1.22464679914735E-16));
#9502=DIRECTION('',(-1.,0.,0.));
#9503=DIRECTION('',(0.,-1.,1.22464679914735E-16));
#9504=DIRECTION('',(1.,0.,0.));
#9505=DIRECTION('',(0.,1.,-1.22464679914735E-16));
#9506=DIRECTION('',(-1.,0.,0.));
#9507=DIRECTION('',(0.,-1.,1.22464679914735E-16));
#9508=DIRECTION('',(1.,0.,0.));
#9509=DIRECTION('',(0.,1.,-1.22464679914735E-16));
#9510=DIRECTION('',(-1.,0.,0.));
#9511=DIRECTION('',(0.,-1.,1.22464679914735E-16));
#9512=DIRECTION('',(1.,0.,0.));
#9513=DIRECTION('',(0.,1.,-1.22464679914735E-16));
#9514=DIRECTION('',(-1.,0.,0.));
#9515=DIRECTION('',(0.,-1.,1.22464679914735E-16));
#9516=DIRECTION('',(1.,0.,0.));
#9517=DIRECTION('',(0.,1.,-1.22464679914735E-16));
#9518=DIRECTION('',(-1.,0.,0.));
#9519=DIRECTION('',(0.,-1.,1.22464679914735E-16));
#9520=DIRECTION('',(1.,0.,0.));
#9521=DIRECTION('',(0.,1.,-1.22464679914735E-16));
#9522=DIRECTION('',(-1.,0.,0.));
#9523=DIRECTION('',(0.,-1.,1.22464679914735E-16));
#9524=DIRECTION('',(1.,0.,0.));
#9525=DIRECTION('',(0.,1.,-1.22464679914735E-16));
#9526=DIRECTION('',(-1.,0.,0.));
#9527=DIRECTION('',(0.,-1.,1.22464679914735E-16));
#9528=DIRECTION('',(1.,0.,0.));
#9529=DIRECTION('',(0.,1.,-1.22464679914735E-16));
#9530=DIRECTION('',(-1.,0.,0.));
#9531=DIRECTION('',(0.,-1.,1.22464679914735E-16));
#9532=DIRECTION('',(1.,0.,0.));
#9533=DIRECTION('',(0.,1.,-1.22464679914735E-16));
#9534=DIRECTION('',(-1.,0.,0.));
#9535=DIRECTION('',(0.,-1.,1.22464679914735E-16));
#9536=DIRECTION('',(1.,0.,0.));
#9537=DIRECTION('',(0.,1.,-1.22464679914735E-16));
#9538=DIRECTION('',(-1.,0.,0.));
#9539=DIRECTION('',(0.,-1.,1.22464679914735E-16));
#9540=DIRECTION('',(1.,0.,0.));
#9541=DIRECTION('',(0.,1.,-1.22464679914735E-16));
#9542=DIRECTION('',(-1.,0.,0.));
#9543=DIRECTION('',(0.,-1.,1.22464679914735E-16));
#9544=DIRECTION('',(1.,0.,0.));
#9545=DIRECTION('',(0.,1.,-1.22464679914735E-16));
#9546=DIRECTION('',(-1.,0.,0.));
#9547=DIRECTION('',(0.,-1.,1.22464679914735E-16));
#9548=DIRECTION('',(1.,0.,0.));
#9549=DIRECTION('',(0.,1.,-1.22464679914735E-16));
#9550=DIRECTION('',(-1.,0.,0.));
#9551=DIRECTION('',(0.,-1.,1.22464679914735E-16));
#9552=DIRECTION('',(1.,0.,0.));
#9553=DIRECTION('',(0.,1.,-1.22464679914735E-16));
#9554=DIRECTION('',(-1.,0.,0.));
#9555=DIRECTION('',(0.,-1.,1.22464679914735E-16));
#9556=DIRECTION('',(1.,0.,0.));
#9557=DIRECTION('',(0.,1.,-1.22464679914735E-16));
#9558=DIRECTION('',(-1.,0.,0.));
#9559=DIRECTION('',(0.,-1.,1.22464679914735E-16));
#9560=DIRECTION('',(1.,0.,0.));
#9561=DIRECTION('',(0.,1.,-1.22464679914735E-16));
#9562=DIRECTION('',(-1.,0.,0.));
#9563=DIRECTION('',(0.,-1.,1.22464679914735E-16));
#9564=DIRECTION('',(1.,0.,0.));
#9565=DIRECTION('',(0.,1.,-1.22464679914735E-16));
#9566=DIRECTION('',(-1.,0.,0.));
#9567=DIRECTION('',(0.,-1.,1.22464679914735E-16));
#9568=DIRECTION('',(1.,0.,0.));
#9569=DIRECTION('',(0.,1.,-1.22464679914735E-16));
#9570=DIRECTION('',(-1.,0.,0.));
#9571=DIRECTION('',(0.,-1.,1.22464679914735E-16));
#9572=DIRECTION('',(1.,0.,0.));
#9573=DIRECTION('',(0.,1.,-1.22464679914735E-16));
#9574=DIRECTION('',(-1.,0.,0.));
#9575=DIRECTION('',(0.,-1.,1.22464679914735E-16));
#9576=DIRECTION('',(1.,0.,0.));
#9577=DIRECTION('',(0.,1.,-1.22464679914735E-16));
#9578=DIRECTION('',(-1.,0.,0.));
#9579=DIRECTION('',(0.,-1.,1.22464679914735E-16));
#9580=DIRECTION('',(1.,0.,0.));
#9581=DIRECTION('',(0.,1.,-1.22464679914735E-16));
#9582=DIRECTION('',(-1.,0.,0.));
#9583=DIRECTION('',(0.,-1.,1.22464679914735E-16));
#9584=DIRECTION('',(1.,0.,0.));
#9585=DIRECTION('',(0.,1.,-1.22464679914735E-16));
#9586=DIRECTION('',(-1.,0.,0.));
#9587=DIRECTION('',(0.,-1.,1.22464679914735E-16));
#9588=DIRECTION('',(1.,0.,0.));
#9589=DIRECTION('',(0.,1.,-1.22464679914735E-16));
#9590=DIRECTION('',(-1.,0.,0.));
#9591=DIRECTION('',(0.,-1.,1.22464679914735E-16));
#9592=DIRECTION('',(1.,0.,0.));
#9593=DIRECTION('',(0.,1.,-1.22464679914735E-16));
#9594=DIRECTION('',(-1.,0.,0.));
#9595=DIRECTION('',(0.,-1.,1.22464679914735E-16));
#9596=DIRECTION('',(1.,0.,0.));
#9597=DIRECTION('',(0.,1.,-1.22464679914735E-16));
#9598=DIRECTION('',(-1.,0.,0.));
#9599=DIRECTION('',(0.,-1.,1.22464679914735E-16));
#9600=DIRECTION('',(1.,0.,0.));
#9601=DIRECTION('',(0.,1.,-1.22464679914735E-16));
#9602=DIRECTION('',(-1.,0.,0.));
#9603=DIRECTION('',(0.,-1.,1.22464679914735E-16));
#9604=DIRECTION('',(1.,0.,0.));
#9605=DIRECTION('',(0.,1.,-1.22464679914735E-16));
#9606=DIRECTION('',(-1.,0.,0.));
#9607=DIRECTION('',(0.,-1.,1.22464679914735E-16));
#9608=DIRECTION('',(1.,0.,0.));
#9609=DIRECTION('',(0.,1.,-1.22464679914735E-16));
#9610=DIRECTION('',(-1.,0.,0.));
#9611=DIRECTION('',(0.,-1.,1.22464679914735E-16));
#9612=DIRECTION('',(1.,0.,0.));
#9613=DIRECTION('',(0.,1.,-1.22464679914735E-16));
#9614=DIRECTION('',(-1.,0.,0.));
#9615=DIRECTION('',(0.,-1.,1.22464679914735E-16));
#9616=DIRECTION('',(1.,0.,0.));
#9617=DIRECTION('',(0.,1.,-1.22464679914735E-16));
#9618=DIRECTION('',(-1.,0.,0.));
#9619=DIRECTION('',(0.,-1.,1.22464679914735E-16));
#9620=DIRECTION('',(1.,0.,0.));
#9621=DIRECTION('',(0.,1.,-1.22464679914735E-16));
#9622=DIRECTION('',(-1.,0.,0.));
#9623=DIRECTION('',(0.,-1.,1.22464679914735E-16));
#9624=DIRECTION('',(1.,0.,0.));
#9625=DIRECTION('',(0.,1.,-1.22464679914735E-16));
#9626=DIRECTION('',(-1.,0.,0.));
#9627=DIRECTION('',(0.,-1.,1.22464679914735E-16));
#9628=DIRECTION('',(1.,0.,0.));
#9629=DIRECTION('',(0.,1.,-1.22464679914735E-16));
#9630=DIRECTION('',(-1.,0.,0.));
#9631=DIRECTION('',(0.,-1.,1.22464679914735E-16));
#9632=DIRECTION('',(1.,0.,0.));
#9633=DIRECTION('',(0.,1.,-1.22464679914735E-16));
#9634=DIRECTION('',(-1.,0.,0.));
#9635=DIRECTION('',(0.,-1.,1.22464679914735E-16));
#9636=DIRECTION('',(1.,0.,0.));
#9637=DIRECTION('',(0.,1.,-1.22464679914735E-16));
#9638=DIRECTION('',(-1.,0.,0.));
#9639=DIRECTION('',(0.,-1.,1.22464679914735E-16));
#9640=DIRECTION('',(1.,0.,0.));
#9641=DIRECTION('',(0.,1.,-1.22464679914735E-16));
#9642=DIRECTION('',(-1.,0.,0.));
#9643=DIRECTION('',(0.,-1.,1.22464679914735E-16));
#9644=DIRECTION('',(1.,0.,0.));
#9645=DIRECTION('',(0.,1.,-1.22464679914735E-16));
#9646=DIRECTION('',(-1.,0.,0.));
#9647=DIRECTION('',(0.,-1.,1.22464679914735E-16));
#9648=DIRECTION('',(1.,0.,0.));
#9649=DIRECTION('center_axis',(0.,0.707106781189358,0.707106781183737));
#9650=DIRECTION('ref_axis',(-3.31084697450899E-17,-0.707106781183737,0.707106781189358));
#9651=DIRECTION('',(1.,0.,0.));
#9652=DIRECTION('',(-0.83009707515034,0.394296110698786,-0.39429611070192));
#9653=DIRECTION('center_axis',(0.,1.22464679914735E-16,1.));
#9654=DIRECTION('ref_axis',(-1.40099249475861E-16,-1.,1.22464679914735E-16));
#9655=DIRECTION('',(1.,0.,0.));
#9656=DIRECTION('',(1.,0.,0.));
#9657=DIRECTION('',(1.21283491357235E-46,-1.,1.22464679914735E-16));
#9658=DIRECTION('',(-1.,0.,0.));
#9659=DIRECTION('',(0.,1.,-1.22464679914735E-16));
#9660=DIRECTION('',(1.,0.,0.));
#9661=DIRECTION('',(1.21283491357235E-46,-1.,1.22464679914735E-16));
#9662=DIRECTION('',(-1.,0.,0.));
#9663=DIRECTION('',(0.,1.,-1.22464679914735E-16));
#9664=DIRECTION('',(1.,0.,0.));
#9665=DIRECTION('',(1.21283491357235E-46,-1.,1.22464679914735E-16));
#9666=DIRECTION('',(-1.,0.,0.));
#9667=DIRECTION('',(0.,1.,-1.22464679914735E-16));
#9668=DIRECTION('',(1.,0.,0.));
#9669=DIRECTION('',(1.21283491357235E-46,-1.,1.22464679914735E-16));
#9670=DIRECTION('',(-1.,0.,0.));
#9671=DIRECTION('',(0.,1.,-1.22464679914735E-16));
#9672=DIRECTION('',(1.,0.,0.));
#9673=DIRECTION('',(1.21283491357235E-46,-1.,1.22464679914735E-16));
#9674=DIRECTION('',(-1.,0.,0.));
#9675=DIRECTION('',(0.,1.,-1.22464679914735E-16));
#9676=DIRECTION('',(1.,0.,0.));
#9677=DIRECTION('',(1.21283491357235E-46,-1.,1.22464679914735E-16));
#9678=DIRECTION('',(-1.,0.,0.));
#9679=DIRECTION('',(0.,1.,-1.22464679914735E-16));
#9680=DIRECTION('',(1.,0.,0.));
#9681=DIRECTION('',(1.21283491357235E-46,-1.,1.22464679914735E-16));
#9682=DIRECTION('',(-1.,0.,0.));
#9683=DIRECTION('',(0.,1.,-1.22464679914735E-16));
#9684=DIRECTION('',(1.,0.,0.));
#9685=DIRECTION('',(1.21283491357235E-46,-1.,1.22464679914735E-16));
#9686=DIRECTION('',(-1.,0.,0.));
#9687=DIRECTION('',(0.,-1.,1.22464679914735E-16));
#9688=DIRECTION('',(-1.,0.,0.));
#9689=DIRECTION('',(0.,1.,-1.22464679914735E-16));
#9690=DIRECTION('',(1.,0.,0.));
#9691=DIRECTION('',(0.,-1.,1.22464679914735E-16));
#9692=DIRECTION('',(-1.,0.,0.));
#9693=DIRECTION('',(0.,1.,-1.22464679914735E-16));
#9694=DIRECTION('',(1.,0.,0.));
#9695=DIRECTION('',(0.,-1.,1.22464679914735E-16));
#9696=DIRECTION('',(-1.,0.,0.));
#9697=DIRECTION('',(0.,1.,-1.22464679914735E-16));
#9698=DIRECTION('',(1.,0.,0.));
#9699=DIRECTION('',(0.,-1.,1.22464679914735E-16));
#9700=DIRECTION('',(-1.,0.,0.));
#9701=DIRECTION('',(0.,1.,-1.22464679914735E-16));
#9702=DIRECTION('',(1.,0.,0.));
#9703=DIRECTION('',(0.,-1.,1.22464679914735E-16));
#9704=DIRECTION('',(-1.,0.,0.));
#9705=DIRECTION('',(0.,1.,-1.22464679914735E-16));
#9706=DIRECTION('',(1.,0.,0.));
#9707=DIRECTION('',(0.,-1.,1.22464679914735E-16));
#9708=DIRECTION('',(-1.,0.,0.));
#9709=DIRECTION('',(0.,1.,-1.22464679914735E-16));
#9710=DIRECTION('',(1.,0.,0.));
#9711=DIRECTION('',(0.,-1.,1.22464679914735E-16));
#9712=DIRECTION('',(-1.,0.,0.));
#9713=DIRECTION('',(0.,1.,-1.22464679914735E-16));
#9714=DIRECTION('',(1.,0.,0.));
#9715=DIRECTION('',(0.,-1.,1.22464679914735E-16));
#9716=DIRECTION('',(-1.,0.,0.));
#9717=DIRECTION('',(0.,1.,-1.22464679914735E-16));
#9718=DIRECTION('',(1.,0.,0.));
#9719=DIRECTION('',(0.,-1.,1.22464679914735E-16));
#9720=DIRECTION('',(-1.,0.,0.));
#9721=DIRECTION('',(0.,1.,-1.22464679914735E-16));
#9722=DIRECTION('',(1.,0.,0.));
#9723=DIRECTION('',(0.,-1.,1.22464679914735E-16));
#9724=DIRECTION('',(-1.,0.,0.));
#9725=DIRECTION('',(0.,1.,-1.22464679914735E-16));
#9726=DIRECTION('',(1.,0.,0.));
#9727=DIRECTION('',(0.,-1.,1.22464679914735E-16));
#9728=DIRECTION('',(-1.,0.,0.));
#9729=DIRECTION('',(0.,1.,-1.22464679914735E-16));
#9730=DIRECTION('',(1.,0.,0.));
#9731=DIRECTION('',(0.,-1.,1.22464679914735E-16));
#9732=DIRECTION('',(-1.,0.,0.));
#9733=DIRECTION('',(0.,1.,-1.22464679914735E-16));
#9734=DIRECTION('',(1.,0.,0.));
#9735=DIRECTION('',(0.,-1.,1.22464679914735E-16));
#9736=DIRECTION('',(-1.,0.,0.));
#9737=DIRECTION('',(0.,1.,-1.22464679914735E-16));
#9738=DIRECTION('',(1.,0.,0.));
#9739=DIRECTION('',(0.,-1.,1.22464679914735E-16));
#9740=DIRECTION('',(-1.,0.,0.));
#9741=DIRECTION('',(0.,1.,-1.22464679914735E-16));
#9742=DIRECTION('',(1.,0.,0.));
#9743=DIRECTION('',(0.,-1.,1.22464679914735E-16));
#9744=DIRECTION('',(-1.,0.,0.));
#9745=DIRECTION('',(0.,1.,-1.22464679914735E-16));
#9746=DIRECTION('',(1.,0.,0.));
#9747=DIRECTION('',(0.,-1.,1.22464679914735E-16));
#9748=DIRECTION('',(-1.,0.,0.));
#9749=DIRECTION('',(0.,1.,-1.22464679914735E-16));
#9750=DIRECTION('',(1.,0.,0.));
#9751=DIRECTION('',(0.,-1.,1.22464679914735E-16));
#9752=DIRECTION('',(-1.,0.,0.));
#9753=DIRECTION('',(0.,1.,-1.22464679914735E-16));
#9754=DIRECTION('',(1.,0.,0.));
#9755=DIRECTION('',(0.,-1.,1.22464679914735E-16));
#9756=DIRECTION('',(-1.,0.,0.));
#9757=DIRECTION('',(0.,1.,-1.22464679914735E-16));
#9758=DIRECTION('',(1.,0.,0.));
#9759=DIRECTION('',(0.,-1.,1.22464679914735E-16));
#9760=DIRECTION('',(-1.,0.,0.));
#9761=DIRECTION('',(0.,1.,-1.22464679914735E-16));
#9762=DIRECTION('',(1.,0.,0.));
#9763=DIRECTION('',(0.,-1.,1.22464679914735E-16));
#9764=DIRECTION('',(-1.,0.,0.));
#9765=DIRECTION('',(0.,1.,-1.22464679914735E-16));
#9766=DIRECTION('',(1.,0.,0.));
#9767=DIRECTION('',(0.,-1.,1.22464679914735E-16));
#9768=DIRECTION('',(-1.,0.,0.));
#9769=DIRECTION('',(0.,1.,-1.22464679914735E-16));
#9770=DIRECTION('',(1.,0.,0.));
#9771=DIRECTION('',(0.,-1.,1.22464679914735E-16));
#9772=DIRECTION('',(-1.,0.,0.));
#9773=DIRECTION('',(0.,1.,-1.22464679914735E-16));
#9774=DIRECTION('',(1.,0.,0.));
#9775=DIRECTION('',(0.,-1.,1.22464679914735E-16));
#9776=DIRECTION('',(-1.,0.,0.));
#9777=DIRECTION('',(0.,1.,-1.22464679914735E-16));
#9778=DIRECTION('',(1.,0.,0.));
#9779=DIRECTION('',(0.,-1.,1.22464679914735E-16));
#9780=DIRECTION('',(-1.,0.,0.));
#9781=DIRECTION('',(0.,1.,-1.22464679914735E-16));
#9782=DIRECTION('',(1.,0.,0.));
#9783=DIRECTION('',(0.,-1.,1.22464679914735E-16));
#9784=DIRECTION('',(-1.,0.,0.));
#9785=DIRECTION('',(0.,1.,-1.22464679914735E-16));
#9786=DIRECTION('',(1.,0.,0.));
#9787=DIRECTION('',(0.,-1.,1.22464679914735E-16));
#9788=DIRECTION('',(-1.,0.,0.));
#9789=DIRECTION('',(0.,1.,-1.22464679914735E-16));
#9790=DIRECTION('',(1.,0.,0.));
#9791=DIRECTION('',(0.,-1.,1.22464679914735E-16));
#9792=DIRECTION('',(-1.,0.,0.));
#9793=DIRECTION('',(0.,1.,-1.22464679914735E-16));
#9794=DIRECTION('',(1.,0.,0.));
#9795=DIRECTION('',(0.,-1.,1.22464679914735E-16));
#9796=DIRECTION('',(-1.,0.,0.));
#9797=DIRECTION('',(0.,1.,-1.22464679914735E-16));
#9798=DIRECTION('',(1.,0.,0.));
#9799=DIRECTION('',(0.,-1.,1.22464679914735E-16));
#9800=DIRECTION('',(-1.,0.,0.));
#9801=DIRECTION('',(0.,1.,-1.22464679914735E-16));
#9802=DIRECTION('',(1.,0.,0.));
#9803=DIRECTION('',(0.,-1.,1.22464679914735E-16));
#9804=DIRECTION('',(-1.,0.,0.));
#9805=DIRECTION('',(0.,1.,-1.22464679914735E-16));
#9806=DIRECTION('',(1.,0.,0.));
#9807=DIRECTION('',(0.,-1.,1.22464679914735E-16));
#9808=DIRECTION('',(-1.,0.,0.));
#9809=DIRECTION('',(0.,1.,-1.22464679914735E-16));
#9810=DIRECTION('',(1.,0.,0.));
#9811=DIRECTION('',(0.,-1.,1.22464679914735E-16));
#9812=DIRECTION('',(-1.,0.,0.));
#9813=DIRECTION('',(0.,1.,-1.22464679914735E-16));
#9814=DIRECTION('',(1.,0.,0.));
#9815=DIRECTION('',(0.,-1.,1.22464679914735E-16));
#9816=DIRECTION('',(-1.,0.,0.));
#9817=DIRECTION('',(0.,1.,-1.22464679914735E-16));
#9818=DIRECTION('',(1.,0.,0.));
#9819=DIRECTION('',(0.,-1.,1.22464679914735E-16));
#9820=DIRECTION('',(-1.,0.,0.));
#9821=DIRECTION('',(0.,1.,-1.22464679914735E-16));
#9822=DIRECTION('',(1.,0.,0.));
#9823=DIRECTION('',(0.,-1.,1.22464679914735E-16));
#9824=DIRECTION('',(-1.,0.,0.));
#9825=DIRECTION('',(0.,1.,-1.22464679914735E-16));
#9826=DIRECTION('',(1.,0.,0.));
#9827=DIRECTION('',(0.,-1.,1.22464679914735E-16));
#9828=DIRECTION('',(-1.,0.,0.));
#9829=DIRECTION('',(0.,1.,-1.22464679914735E-16));
#9830=DIRECTION('',(1.,0.,0.));
#9831=DIRECTION('',(0.,-1.,1.22464679914735E-16));
#9832=DIRECTION('',(-1.,0.,0.));
#9833=DIRECTION('',(0.,1.,-1.22464679914735E-16));
#9834=DIRECTION('',(1.,0.,0.));
#9835=DIRECTION('',(0.,-1.,1.22464679914735E-16));
#9836=DIRECTION('',(-1.,0.,0.));
#9837=DIRECTION('',(0.,1.,-1.22464679914735E-16));
#9838=DIRECTION('',(1.,0.,0.));
#9839=DIRECTION('',(0.,-1.,1.22464679914735E-16));
#9840=DIRECTION('',(-1.,0.,0.));
#9841=DIRECTION('',(0.,1.,-1.22464679914735E-16));
#9842=DIRECTION('',(1.,0.,0.));
#9843=DIRECTION('',(0.,-1.,1.22464679914735E-16));
#9844=DIRECTION('',(-1.,0.,0.));
#9845=DIRECTION('',(0.,1.,-1.22464679914735E-16));
#9846=DIRECTION('',(1.,0.,0.));
#9847=DIRECTION('',(0.,-1.,1.22464679914735E-16));
#9848=DIRECTION('',(-1.,0.,0.));
#9849=DIRECTION('',(0.,1.,-1.22464679914735E-16));
#9850=DIRECTION('',(1.,0.,0.));
#9851=DIRECTION('',(0.,-1.,1.22464679914735E-16));
#9852=DIRECTION('',(-1.,0.,0.));
#9853=DIRECTION('',(0.,1.,-1.22464679914735E-16));
#9854=DIRECTION('',(1.,0.,0.));
#9855=DIRECTION('',(0.,-1.,1.22464679914735E-16));
#9856=DIRECTION('',(-1.,0.,0.));
#9857=DIRECTION('',(0.,1.,-1.22464679914735E-16));
#9858=DIRECTION('',(1.,0.,0.));
#9859=DIRECTION('',(0.,-1.,1.22464679914735E-16));
#9860=DIRECTION('',(-1.,0.,0.));
#9861=DIRECTION('',(0.,1.,-1.22464679914735E-16));
#9862=DIRECTION('',(1.,0.,0.));
#9863=DIRECTION('',(0.,-1.,1.22464679914735E-16));
#9864=DIRECTION('',(-1.,0.,0.));
#9865=DIRECTION('',(0.,1.,-1.22464679914735E-16));
#9866=DIRECTION('',(1.,0.,0.));
#9867=DIRECTION('',(0.,-1.,1.22464679914735E-16));
#9868=DIRECTION('',(-1.,0.,0.));
#9869=DIRECTION('',(0.,1.,-1.22464679914735E-16));
#9870=DIRECTION('',(1.,0.,0.));
#9871=DIRECTION('',(0.,-1.,1.22464679914735E-16));
#9872=DIRECTION('',(-1.,0.,0.));
#9873=DIRECTION('',(0.,1.,-1.22464679914735E-16));
#9874=DIRECTION('',(1.,0.,0.));
#9875=DIRECTION('',(0.,-1.,1.22464679914735E-16));
#9876=DIRECTION('',(-1.,0.,0.));
#9877=DIRECTION('',(0.,1.,-1.22464679914735E-16));
#9878=DIRECTION('',(1.,0.,0.));
#9879=DIRECTION('',(0.,-1.,1.22464679914735E-16));
#9880=DIRECTION('',(-1.,0.,0.));
#9881=DIRECTION('',(0.,1.,-1.22464679914735E-16));
#9882=DIRECTION('',(1.,0.,0.));
#9883=DIRECTION('',(0.,-1.,1.22464679914735E-16));
#9884=DIRECTION('',(-1.,0.,0.));
#9885=DIRECTION('',(0.,1.,-1.22464679914735E-16));
#9886=DIRECTION('',(1.,0.,0.));
#9887=DIRECTION('',(0.,-1.,1.22464679914735E-16));
#9888=DIRECTION('',(-1.,0.,0.));
#9889=DIRECTION('',(0.,1.,-1.22464679914735E-16));
#9890=DIRECTION('',(1.,0.,0.));
#9891=DIRECTION('',(0.,-1.,1.22464679914735E-16));
#9892=DIRECTION('',(-1.,0.,0.));
#9893=DIRECTION('',(0.,1.,-1.22464679914735E-16));
#9894=DIRECTION('',(1.,0.,0.));
#9895=DIRECTION('',(0.,-1.,1.22464679914735E-16));
#9896=DIRECTION('',(-1.,0.,0.));
#9897=DIRECTION('',(0.,1.,-1.22464679914735E-16));
#9898=DIRECTION('',(1.,0.,0.));
#9899=DIRECTION('',(0.,-1.,1.22464679914735E-16));
#9900=DIRECTION('',(-1.,0.,0.));
#9901=DIRECTION('',(0.,1.,-1.22464679914735E-16));
#9902=DIRECTION('',(1.,0.,0.));
#9903=DIRECTION('',(0.,-1.,1.22464679914735E-16));
#9904=DIRECTION('',(-1.,0.,0.));
#9905=DIRECTION('',(0.,1.,-1.22464679914735E-16));
#9906=DIRECTION('',(1.,0.,0.));
#9907=DIRECTION('',(0.,-1.,1.22464679914735E-16));
#9908=DIRECTION('',(-1.,0.,0.));
#9909=DIRECTION('',(0.,1.,-1.22464679914735E-16));
#9910=DIRECTION('',(1.,0.,0.));
#9911=DIRECTION('',(0.,-1.,1.22464679914735E-16));
#9912=DIRECTION('',(-1.,0.,0.));
#9913=DIRECTION('',(0.,1.,-1.22464679914735E-16));
#9914=DIRECTION('',(1.,0.,0.));
#9915=DIRECTION('',(0.,-1.,1.22464679914735E-16));
#9916=DIRECTION('',(-1.,0.,0.));
#9917=DIRECTION('',(0.,1.,-1.22464679914735E-16));
#9918=DIRECTION('',(1.,0.,0.));
#9919=DIRECTION('',(0.,-1.,1.22464679914735E-16));
#9920=DIRECTION('',(-1.,0.,0.));
#9921=DIRECTION('',(0.,1.,-1.22464679914735E-16));
#9922=DIRECTION('',(1.,0.,0.));
#9923=DIRECTION('',(0.,-1.,1.22464679914735E-16));
#9924=DIRECTION('',(-1.,0.,0.));
#9925=DIRECTION('',(0.,1.,-1.22464679914735E-16));
#9926=DIRECTION('',(1.,0.,0.));
#9927=DIRECTION('',(0.,-1.,1.22464679914735E-16));
#9928=DIRECTION('',(-1.,0.,0.));
#9929=DIRECTION('',(0.,1.,-1.22464679914735E-16));
#9930=DIRECTION('',(1.,0.,0.));
#9931=DIRECTION('',(0.,-1.,1.22464679914735E-16));
#9932=DIRECTION('',(-1.,0.,0.));
#9933=DIRECTION('',(0.,1.,-1.22464679914735E-16));
#9934=DIRECTION('',(1.,0.,0.));
#9935=DIRECTION('',(0.,-1.,1.22464679914735E-16));
#9936=DIRECTION('',(-1.,0.,0.));
#9937=DIRECTION('',(0.,1.,-1.22464679914735E-16));
#9938=DIRECTION('',(1.,0.,0.));
#9939=DIRECTION('',(0.,-1.,1.22464679914735E-16));
#9940=DIRECTION('',(-1.,0.,0.));
#9941=DIRECTION('',(0.,1.,-1.22464679914735E-16));
#9942=DIRECTION('',(1.,0.,0.));
#9943=DIRECTION('',(0.,-1.,1.22464679914735E-16));
#9944=DIRECTION('',(-1.,0.,0.));
#9945=DIRECTION('',(0.,1.,-1.22464679914735E-16));
#9946=DIRECTION('',(1.,0.,0.));
#9947=DIRECTION('',(0.,-1.,1.22464679914735E-16));
#9948=DIRECTION('',(-1.,0.,0.));
#9949=DIRECTION('',(0.,1.,-1.22464679914735E-16));
#9950=DIRECTION('',(1.,0.,0.));
#9951=DIRECTION('',(0.,-1.,1.22464679914735E-16));
#9952=DIRECTION('',(-1.,0.,0.));
#9953=DIRECTION('',(0.,1.,-1.22464679914735E-16));
#9954=DIRECTION('',(1.,0.,0.));
#9955=DIRECTION('',(0.,-1.,1.22464679914735E-16));
#9956=DIRECTION('',(-1.,0.,0.));
#9957=DIRECTION('',(0.,1.,-1.22464679914735E-16));
#9958=DIRECTION('',(1.,0.,0.));
#9959=DIRECTION('',(0.,-1.,1.22464679914735E-16));
#9960=DIRECTION('',(-1.,0.,0.));
#9961=DIRECTION('',(0.,1.,-1.22464679914735E-16));
#9962=DIRECTION('',(1.,0.,0.));
#9963=DIRECTION('',(0.,-1.,1.22464679914735E-16));
#9964=DIRECTION('',(-1.,0.,0.));
#9965=DIRECTION('',(0.,1.,-1.22464679914735E-16));
#9966=DIRECTION('',(1.,0.,0.));
#9967=DIRECTION('',(0.,-1.,1.22464679914735E-16));
#9968=DIRECTION('',(-1.,0.,0.));
#9969=DIRECTION('',(0.,1.,-1.22464679914735E-16));
#9970=DIRECTION('',(1.,0.,0.));
#9971=DIRECTION('',(0.,-1.,1.22464679914735E-16));
#9972=DIRECTION('',(-1.,0.,0.));
#9973=DIRECTION('',(0.,1.,-1.22464679914735E-16));
#9974=DIRECTION('',(1.,0.,0.));
#9975=DIRECTION('',(0.,-1.,1.22464679914735E-16));
#9976=DIRECTION('',(-1.,0.,0.));
#9977=DIRECTION('',(0.,1.,-1.22464679914735E-16));
#9978=DIRECTION('',(1.,0.,0.));
#9979=DIRECTION('',(0.,-1.,1.22464679914735E-16));
#9980=DIRECTION('',(-1.,0.,0.));
#9981=DIRECTION('',(0.,1.,-1.22464679914735E-16));
#9982=DIRECTION('',(1.,0.,0.));
#9983=DIRECTION('',(0.,-1.,1.22464679914735E-16));
#9984=DIRECTION('',(-1.,0.,0.));
#9985=DIRECTION('',(0.,1.,-1.22464679914735E-16));
#9986=DIRECTION('',(1.,0.,0.));
#9987=DIRECTION('',(0.,-1.,1.22464679914735E-16));
#9988=DIRECTION('',(-1.,0.,0.));
#9989=DIRECTION('',(0.,1.,-1.22464679914735E-16));
#9990=DIRECTION('',(1.,0.,0.));
#9991=DIRECTION('',(0.,-1.,1.22464679914735E-16));
#9992=DIRECTION('',(-1.,0.,0.));
#9993=DIRECTION('',(0.,1.,-1.22464679914735E-16));
#9994=DIRECTION('',(1.,0.,0.));
#9995=DIRECTION('',(0.,-1.,1.22464679914735E-16));
#9996=DIRECTION('',(-1.,0.,0.));
#9997=DIRECTION('',(0.,1.,-1.22464679914735E-16));
#9998=DIRECTION('',(1.,0.,0.));
#9999=DIRECTION('',(0.,-1.,1.22464679914735E-16));
#10000=DIRECTION('',(-1.,0.,0.));
#10001=DIRECTION('',(0.,1.,-1.22464679914735E-16));
#10002=DIRECTION('',(1.,0.,0.));
#10003=DIRECTION('',(0.,-1.,1.22464679914735E-16));
#10004=DIRECTION('',(-1.,0.,0.));
#10005=DIRECTION('',(0.,1.,-1.22464679914735E-16));
#10006=DIRECTION('',(1.,0.,0.));
#10007=DIRECTION('',(0.,-1.,1.22464679914735E-16));
#10008=DIRECTION('',(-1.,0.,0.));
#10009=DIRECTION('',(0.,1.,-1.22464679914735E-16));
#10010=DIRECTION('',(1.,0.,0.));
#10011=DIRECTION('',(0.,-1.,1.22464679914735E-16));
#10012=DIRECTION('',(-1.,0.,0.));
#10013=DIRECTION('',(0.,1.,-1.22464679914735E-16));
#10014=DIRECTION('',(1.,0.,0.));
#10015=DIRECTION('',(0.,-1.,1.22464679914735E-16));
#10016=DIRECTION('',(-1.,0.,0.));
#10017=DIRECTION('',(0.,1.,-1.22464679914735E-16));
#10018=DIRECTION('',(1.,0.,0.));
#10019=DIRECTION('',(0.,-1.,1.22464679914735E-16));
#10020=DIRECTION('',(-1.,0.,0.));
#10021=DIRECTION('',(0.,1.,-1.22464679914735E-16));
#10022=DIRECTION('',(1.,0.,0.));
#10023=DIRECTION('center_axis',(-0.500000000000014,0.707106781186544,0.499999999999991));
#10024=DIRECTION('ref_axis',(-0.707106781186531,-8.65956056235514E-17,-0.707106781186564));
#10025=DIRECTION('',(-0.500081882071314,0.235625056497013,-0.833306032604344));
#10026=DIRECTION('',(-0.707106781186531,-3.48551935791626E-16,-0.707106781186564));
#10027=DIRECTION('',(-0.500000000000008,-0.707106781186551,0.499999999999987));
#10028=DIRECTION('',(0.707106781186531,3.48551935791626E-16,0.707106781186564));
#10029=DIRECTION('',(0.816496580927716,0.577350269189639,-7.17596728330363E-16));
#10030=DIRECTION('center_axis',(0.,-1.,1.22464679914735E-16));
#10031=DIRECTION('ref_axis',(-0.707106781186541,-7.0188385685002E-16,0.707106781186554));
#10032=DIRECTION('',(-0.707106781186529,-0.707106781186566,8.65956056235516E-17));
#10033=DIRECTION('center_axis',(1.40099249475861E-16,1.,-6.33026124263756E-16));
#10034=DIRECTION('ref_axis',(-0.707106781186541,-1.02202899821639E-15,0.707106781186554));
#10035=DIRECTION('center_axis',(-1.40099249475861E-16,-1.,6.33026124263756E-16));
#10036=DIRECTION('ref_axis',(-0.707106781186541,5.46682194478671E-16,0.707106781186554));
#10037=DIRECTION('center_axis',(-0.707106781186549,0.707106781186546,-4.4761706513514E-16));
#10038=DIRECTION('ref_axis',(5.1056144434902E-16,-1.22464679914735E-16,
-1.));
#10039=DIRECTION('',(-1.18664901403552E-31,6.33026124263756E-16,1.));
#10040=DIRECTION('',(1.18664901403552E-31,-6.33026124263756E-16,-1.));
#10041=DIRECTION('center_axis',(1.40099249475861E-16,1.,-6.33026124263756E-16));
#10042=DIRECTION('ref_axis',(0.,6.33026124263756E-16,1.));
#10043=DIRECTION('',(-4.00805201808533E-15,6.33026124263757E-16,1.));
#10044=DIRECTION('center_axis',(0.426230031694253,0.904614813101088,1.13570732961176E-15));
#10045=DIRECTION('ref_axis',(-0.904614813101088,0.426230031694253,5.35114574828134E-16));
#10046=DIRECTION('',(0.904614813101088,-0.426230031694253,-2.33564296439171E-15));
#10047=DIRECTION('',(5.94401305512049E-30,-1.25545957590333E-15,1.));
#10048=DIRECTION('center_axis',(1.90090191096642E-15,-1.44536727041619E-15,
1.));
#10049=DIRECTION('ref_axis',(1.,1.38777878078143E-16,-1.90090191096642E-15));
#10050=DIRECTION('',(0.,1.,1.44536727041619E-15));
#10051=DIRECTION('',(-1.,-3.28811697188636E-16,1.90090191096642E-15));
#10052=DIRECTION('',(-3.07330115160592E-46,1.,1.44536727041619E-15));
#10053=DIRECTION('',(-1.,-8.29867712162394E-15,1.90090191096641E-15));
#10054=DIRECTION('',(0.,1.,1.44536727041619E-15));
#10055=DIRECTION('',(1.,1.38777878078143E-16,-1.90090191096642E-15));
#10056=DIRECTION('',(0.904614813101084,0.42623003169426,-1.10352508943304E-15));
#10057=DIRECTION('center_axis',(1.90090191096642E-15,-1.44536727041619E-15,
1.));
#10058=DIRECTION('ref_axis',(0.500000000000166,-0.866025403784343,1.06057523872479E-16));
#10059=DIRECTION('',(0.,1.,1.44536727041619E-15));
#10060=DIRECTION('center_axis',(-1.90090191096642E-15,1.44536727041619E-15,
-1.));
#10061=DIRECTION('ref_axis',(0.500000000000158,0.866025403784347,1.0872598861566E-15));
#10062=DIRECTION('center_axis',(-0.70710678118655,-1.02202899821637E-15,
0.707106781186545));
#10063=DIRECTION('ref_axis',(-0.707106781186545,-8.65956056235496E-17,-0.70710678118655));
#10064=DIRECTION('',(0.707106781186545,4.98030688795109E-15,0.70710678118655));
#10065=DIRECTION('',(-0.707106781186545,-3.19100586439091E-16,-0.70710678118655));
#10066=DIRECTION('',(0.707106781186545,8.65956056235496E-17,0.70710678118655));
#10067=DIRECTION('',(0.,-1.,1.22464679914735E-16));
#10068=DIRECTION('',(-0.707106781186545,-8.65956056235496E-17,-0.70710678118655));
#10069=DIRECTION('',(0.707106781186545,8.65956056235496E-17,0.70710678118655));
#10070=DIRECTION('',(0.,-1.,1.22464679914735E-16));
#10071=DIRECTION('',(-0.707106781186545,-8.65956056235496E-17,-0.70710678118655));
#10072=DIRECTION('',(0.707106781186545,8.65956056235496E-17,0.70710678118655));
#10073=DIRECTION('',(0.,-1.,1.22464679914735E-16));
#10074=DIRECTION('',(-0.707106781186545,-8.65956056235496E-17,-0.70710678118655));
#10075=DIRECTION('',(0.707106781186545,8.65956056235496E-17,0.70710678118655));
#10076=DIRECTION('',(0.,-1.,1.22464679914735E-16));
#10077=DIRECTION('',(-0.707106781186545,-8.65956056235496E-17,-0.70710678118655));
#10078=DIRECTION('',(0.707106781186545,8.65956056235496E-17,0.70710678118655));
#10079=DIRECTION('',(0.,-1.,1.22464679914735E-16));
#10080=DIRECTION('',(-0.707106781186545,-8.65956056235496E-17,-0.70710678118655));
#10081=DIRECTION('',(0.707106781186545,8.65956056235496E-17,0.70710678118655));
#10082=DIRECTION('',(0.,-1.,1.22464679914735E-16));
#10083=DIRECTION('',(-0.707106781186545,-8.65956056235496E-17,-0.70710678118655));
#10084=DIRECTION('',(0.707106781186545,8.65956056235496E-17,0.70710678118655));
#10085=DIRECTION('',(0.,-1.,1.22464679914735E-16));
#10086=DIRECTION('',(-0.707106781186545,-8.65956056235496E-17,-0.70710678118655));
#10087=DIRECTION('center_axis',(8.29867712162393E-15,-1.,-1.25545957590333E-15));
#10088=DIRECTION('ref_axis',(1.,8.29867712162393E-15,4.47464060455215E-30));
#10089=DIRECTION('',(5.94401305512049E-30,-1.25545957590333E-15,1.));
#10090=DIRECTION('',(5.94401305512049E-30,-1.25545957590333E-15,1.));
#10091=DIRECTION('center_axis',(-8.29867712162393E-15,1.,1.25545957590333E-15));
#10092=DIRECTION('ref_axis',(-0.707106781186541,-6.98829982802027E-15,0.707106781186554));
#10093=DIRECTION('',(0.707106781186531,4.98030688795096E-15,0.707106781186564));
#10094=DIRECTION('center_axis',(0.429056814570404,-0.903277504353285,-1.1340283925384E-15));
#10095=DIRECTION('ref_axis',(0.903277504353285,0.429056814570404,5.38663486458987E-16));
#10096=DIRECTION('',(-0.830097075150504,-0.394296110698872,-0.394296110701489));
#10097=DIRECTION('center_axis',(0.,-0.707106781188893,0.707106781184202));
#10098=DIRECTION('ref_axis',(-1.65021788941199E-16,-0.707106781184202,-0.707106781188893));
#10099=DIRECTION('center_axis',(-0.429056814570396,-0.903277504353288,1.10619590444806E-16));
#10100=DIRECTION('ref_axis',(0.903277504353288,-0.429056814570396,5.25443054615995E-17));
#10101=DIRECTION('',(0.,1.22464679914735E-16,1.));
#10102=DIRECTION('',(0.83009707515239,-0.39429611069976,-0.394296110696632));
#10103=DIRECTION('center_axis',(3.28811697188636E-16,-1.,1.22464679914735E-16));
#10104=DIRECTION('ref_axis',(1.,3.28811697188636E-16,-4.02678192484272E-32));
#10105=DIRECTION('',(0.707106781186531,3.19100586439088E-16,0.707106781186564));
#10106=DIRECTION('center_axis',(-3.28811697188636E-16,1.,-1.22464679914735E-16));
#10107=DIRECTION('ref_axis',(-0.707106781186541,8.65956056235502E-17,0.707106781186554));
#10108=DIRECTION('',(0.,1.22464679914735E-16,1.));
#10109=DIRECTION('center_axis',(-1.,1.71514364635858E-46,-1.18664901403552E-31));
#10110=DIRECTION('ref_axis',(-1.18664901403552E-31,9.77535409103523E-16,
1.));
#10111=DIRECTION('',(0.,1.,1.44536727041619E-15));
#10112=DIRECTION('center_axis',(-5.94401305512049E-30,1.25545957590333E-15,
-1.));
#10113=DIRECTION('ref_axis',(0.500000000000158,0.866025403784347,1.0872598861566E-15));
#10114=DIRECTION('',(-5.94401305512049E-30,1.25545957590333E-15,-1.));
#10115=DIRECTION('center_axis',(1.,1.09621309967759E-14,-9.32768025320153E-17));
#10116=DIRECTION('ref_axis',(9.3276802532014E-17,1.22464679914735E-16,1.));
#10117=DIRECTION('',(0.,-1.22464679914735E-16,-1.));
#10118=DIRECTION('center_axis',(-0.42623003169426,0.904614813101084,-1.10783363532552E-16));
#10119=DIRECTION('ref_axis',(-0.904614813101084,-0.42623003169426,5.21981244014851E-17));
#10120=DIRECTION('',(-3.14585312267437E-15,-1.35977622169778E-15,1.));
#10121=DIRECTION('',(0.,1.22464679914735E-16,1.));
#10122=DIRECTION('center_axis',(0.,1.22464679914735E-16,1.));
#10123=DIRECTION('ref_axis',(0.500000000000166,-0.866025403784343,1.06057523872479E-16));
#10124=DIRECTION('center_axis',(1.51698109330108E-16,-1.,-1.35977622169778E-15));
#10125=DIRECTION('ref_axis',(-1.,-1.51698109330108E-16,2.9625371960686E-32));
#10126=DIRECTION('',(0.707106781186531,7.89352695294816E-16,0.707106781186564));
#10127=DIRECTION('center_axis',(1.38777878078145E-16,-1.,9.77535409103524E-16));
#10128=DIRECTION('ref_axis',(-0.707106781186541,5.93091137959339E-16,0.707106781186554));
#10129=DIRECTION('',(1.18664901403552E-31,-9.77535409103523E-16,-1.));
#10130=DIRECTION('center_axis',(0.,8.16354070305458E-16,1.));
#10131=DIRECTION('ref_axis',(1.,-1.40099249475861E-16,1.14370592556359E-31));
#10132=DIRECTION('',(0.,8.16354070305458E-16,1.));
#10133=DIRECTION('center_axis',(0.,1.22464679914735E-16,1.));
#10134=DIRECTION('ref_axis',(1.,-1.40099249475861E-16,9.60433002654572E-32));
#10135=DIRECTION('center_axis',(0.,-1.22464679914735E-16,-1.));
#10136=DIRECTION('ref_axis',(1.,0.,0.));
#10137=DIRECTION('center_axis',(0.,8.16354070305458E-16,1.));
#10138=DIRECTION('ref_axis',(1.,-1.40099249475861E-16,1.14370592556359E-31));
#10139=DIRECTION('',(0.,8.16354070305458E-16,1.));
#10140=DIRECTION('center_axis',(0.,1.22464679914735E-16,1.));
#10141=DIRECTION('ref_axis',(1.,-1.40099249475861E-16,9.60433002654572E-32));
#10142=DIRECTION('center_axis',(0.,-1.22464679914735E-16,-1.));
#10143=DIRECTION('ref_axis',(1.,0.,0.));
#10144=DIRECTION('center_axis',(1.,0.,0.));
#10145=DIRECTION('ref_axis',(0.,1.,-1.22464679914735E-16));
#10146=DIRECTION('',(0.,1.22464679914735E-16,1.));
#10147=DIRECTION('',(0.,-1.22464679914735E-16,-1.));
#10148=DIRECTION('center_axis',(0.,-1.,1.22464679914735E-16));
#10149=DIRECTION('ref_axis',(1.,0.,0.));
#10150=DIRECTION('',(0.,1.22464679914735E-16,1.));
#10151=DIRECTION('center_axis',(-1.,0.,0.));
#10152=DIRECTION('ref_axis',(0.,-1.,1.22464679914735E-16));
#10153=DIRECTION('',(0.,1.22464679914735E-16,1.));
#10154=DIRECTION('center_axis',(0.,1.,-1.22464679914735E-16));
#10155=DIRECTION('ref_axis',(-1.,0.,0.));
#10156=DIRECTION('center_axis',(1.,0.,0.));
#10157=DIRECTION('ref_axis',(0.,1.,-1.22464679914735E-16));
#10158=DIRECTION('',(0.,1.22464679914735E-16,1.));
#10159=DIRECTION('',(0.,1.22464679914735E-16,1.));
#10160=DIRECTION('center_axis',(0.,-1.,1.22464679914735E-16));
#10161=DIRECTION('ref_axis',(1.,0.,0.));
#10162=DIRECTION('',(0.,1.22464679914735E-16,1.));
#10163=DIRECTION('center_axis',(-1.,0.,0.));
#10164=DIRECTION('ref_axis',(0.,-1.,1.22464679914735E-16));
#10165=DIRECTION('',(0.,1.22464679914735E-16,1.));
#10166=DIRECTION('center_axis',(0.,1.,-1.22464679914735E-16));
#10167=DIRECTION('ref_axis',(-1.,0.,0.));
#10168=DIRECTION('center_axis',(1.,0.,0.));
#10169=DIRECTION('ref_axis',(0.,1.,-1.22464679914735E-16));
#10170=DIRECTION('',(0.,1.22464679914735E-16,1.));
#10171=DIRECTION('',(0.,1.22464679914735E-16,1.));
#10172=DIRECTION('center_axis',(0.,-1.,1.22464679914735E-16));
#10173=DIRECTION('ref_axis',(1.,0.,0.));
#10174=DIRECTION('',(0.,1.22464679914735E-16,1.));
#10175=DIRECTION('center_axis',(-1.,0.,0.));
#10176=DIRECTION('ref_axis',(0.,-1.,1.22464679914735E-16));
#10177=DIRECTION('',(0.,1.22464679914735E-16,1.));
#10178=DIRECTION('center_axis',(0.,1.,-1.22464679914735E-16));
#10179=DIRECTION('ref_axis',(-1.,0.,0.));
#10180=DIRECTION('center_axis',(1.,0.,0.));
#10181=DIRECTION('ref_axis',(0.,1.,-1.22464679914735E-16));
#10182=DIRECTION('',(0.,1.22464679914735E-16,1.));
#10183=DIRECTION('',(0.,1.22464679914735E-16,1.));
#10184=DIRECTION('center_axis',(0.,-1.,1.22464679914735E-16));
#10185=DIRECTION('ref_axis',(1.,0.,0.));
#10186=DIRECTION('',(0.,1.22464679914735E-16,1.));
#10187=DIRECTION('center_axis',(-1.,0.,0.));
#10188=DIRECTION('ref_axis',(0.,-1.,1.22464679914735E-16));
#10189=DIRECTION('',(0.,1.22464679914735E-16,1.));
#10190=DIRECTION('center_axis',(0.,1.,-1.22464679914735E-16));
#10191=DIRECTION('ref_axis',(-1.,0.,0.));
#10192=DIRECTION('center_axis',(1.,0.,0.));
#10193=DIRECTION('ref_axis',(0.,1.,-1.22464679914735E-16));
#10194=DIRECTION('',(0.,1.22464679914735E-16,1.));
#10195=DIRECTION('',(0.,1.22464679914735E-16,1.));
#10196=DIRECTION('center_axis',(0.,-1.,1.22464679914735E-16));
#10197=DIRECTION('ref_axis',(1.,0.,0.));
#10198=DIRECTION('',(0.,1.22464679914735E-16,1.));
#10199=DIRECTION('center_axis',(-1.,0.,0.));
#10200=DIRECTION('ref_axis',(0.,-1.,1.22464679914735E-16));
#10201=DIRECTION('',(0.,1.22464679914735E-16,1.));
#10202=DIRECTION('center_axis',(0.,1.,-1.22464679914735E-16));
#10203=DIRECTION('ref_axis',(-1.,0.,0.));
#10204=DIRECTION('center_axis',(1.,0.,0.));
#10205=DIRECTION('ref_axis',(0.,1.,-1.22464679914735E-16));
#10206=DIRECTION('',(0.,1.22464679914735E-16,1.));
#10207=DIRECTION('',(0.,1.22464679914735E-16,1.));
#10208=DIRECTION('center_axis',(0.,-1.,1.22464679914735E-16));
#10209=DIRECTION('ref_axis',(1.,0.,0.));
#10210=DIRECTION('',(0.,1.22464679914735E-16,1.));
#10211=DIRECTION('center_axis',(-1.,0.,0.));
#10212=DIRECTION('ref_axis',(0.,-1.,1.22464679914735E-16));
#10213=DIRECTION('',(0.,1.22464679914735E-16,1.));
#10214=DIRECTION('center_axis',(0.,1.,-1.22464679914735E-16));
#10215=DIRECTION('ref_axis',(-1.,0.,0.));
#10216=DIRECTION('center_axis',(1.,0.,0.));
#10217=DIRECTION('ref_axis',(0.,1.,-1.22464679914735E-16));
#10218=DIRECTION('',(0.,1.22464679914735E-16,1.));
#10219=DIRECTION('',(0.,1.22464679914735E-16,1.));
#10220=DIRECTION('center_axis',(0.,-1.,1.22464679914735E-16));
#10221=DIRECTION('ref_axis',(1.,0.,0.));
#10222=DIRECTION('',(0.,1.22464679914735E-16,1.));
#10223=DIRECTION('center_axis',(-1.,0.,0.));
#10224=DIRECTION('ref_axis',(0.,-1.,1.22464679914735E-16));
#10225=DIRECTION('',(0.,1.22464679914735E-16,1.));
#10226=DIRECTION('center_axis',(0.,1.,-1.22464679914735E-16));
#10227=DIRECTION('ref_axis',(-1.,0.,0.));
#10228=DIRECTION('center_axis',(1.,0.,0.));
#10229=DIRECTION('ref_axis',(0.,1.,-1.22464679914735E-16));
#10230=DIRECTION('',(0.,1.22464679914735E-16,1.));
#10231=DIRECTION('',(0.,1.22464679914735E-16,1.));
#10232=DIRECTION('center_axis',(0.,-1.,1.22464679914735E-16));
#10233=DIRECTION('ref_axis',(1.,0.,0.));
#10234=DIRECTION('',(0.,1.22464679914735E-16,1.));
#10235=DIRECTION('center_axis',(-1.,0.,0.));
#10236=DIRECTION('ref_axis',(0.,-1.,1.22464679914735E-16));
#10237=DIRECTION('',(0.,1.22464679914735E-16,1.));
#10238=DIRECTION('center_axis',(0.,1.,-1.22464679914735E-16));
#10239=DIRECTION('ref_axis',(-1.,0.,0.));
#10240=DIRECTION('center_axis',(1.,0.,0.));
#10241=DIRECTION('ref_axis',(0.,1.,-1.22464679914735E-16));
#10242=DIRECTION('',(0.,1.22464679914735E-16,1.));
#10243=DIRECTION('',(0.,1.22464679914735E-16,1.));
#10244=DIRECTION('center_axis',(0.,-1.,1.22464679914735E-16));
#10245=DIRECTION('ref_axis',(1.,0.,0.));
#10246=DIRECTION('',(0.,1.22464679914735E-16,1.));
#10247=DIRECTION('center_axis',(-1.,0.,0.));
#10248=DIRECTION('ref_axis',(0.,-1.,1.22464679914735E-16));
#10249=DIRECTION('',(0.,1.22464679914735E-16,1.));
#10250=DIRECTION('center_axis',(0.,1.,-1.22464679914735E-16));
#10251=DIRECTION('ref_axis',(-1.,0.,0.));
#10252=DIRECTION('center_axis',(1.,0.,0.));
#10253=DIRECTION('ref_axis',(0.,1.,-1.22464679914735E-16));
#10254=DIRECTION('',(0.,1.22464679914735E-16,1.));
#10255=DIRECTION('',(0.,1.22464679914735E-16,1.));
#10256=DIRECTION('center_axis',(0.,-1.,1.22464679914735E-16));
#10257=DIRECTION('ref_axis',(1.,0.,0.));
#10258=DIRECTION('',(0.,1.22464679914735E-16,1.));
#10259=DIRECTION('center_axis',(-1.,0.,0.));
#10260=DIRECTION('ref_axis',(0.,-1.,1.22464679914735E-16));
#10261=DIRECTION('',(0.,1.22464679914735E-16,1.));
#10262=DIRECTION('center_axis',(0.,1.,-1.22464679914735E-16));
#10263=DIRECTION('ref_axis',(-1.,0.,0.));
#10264=DIRECTION('center_axis',(1.,0.,0.));
#10265=DIRECTION('ref_axis',(0.,1.,-1.22464679914735E-16));
#10266=DIRECTION('',(0.,1.22464679914735E-16,1.));
#10267=DIRECTION('',(0.,1.22464679914735E-16,1.));
#10268=DIRECTION('center_axis',(0.,-1.,1.22464679914735E-16));
#10269=DIRECTION('ref_axis',(1.,0.,0.));
#10270=DIRECTION('',(0.,1.22464679914735E-16,1.));
#10271=DIRECTION('center_axis',(-1.,0.,0.));
#10272=DIRECTION('ref_axis',(0.,-1.,1.22464679914735E-16));
#10273=DIRECTION('',(0.,1.22464679914735E-16,1.));
#10274=DIRECTION('center_axis',(0.,1.,-1.22464679914735E-16));
#10275=DIRECTION('ref_axis',(-1.,0.,0.));
#10276=DIRECTION('center_axis',(1.,0.,0.));
#10277=DIRECTION('ref_axis',(0.,1.,-1.22464679914735E-16));
#10278=DIRECTION('',(0.,1.22464679914735E-16,1.));
#10279=DIRECTION('',(0.,1.22464679914735E-16,1.));
#10280=DIRECTION('center_axis',(0.,-1.,1.22464679914735E-16));
#10281=DIRECTION('ref_axis',(1.,0.,0.));
#10282=DIRECTION('',(0.,1.22464679914735E-16,1.));
#10283=DIRECTION('center_axis',(-1.,0.,0.));
#10284=DIRECTION('ref_axis',(0.,-1.,1.22464679914735E-16));
#10285=DIRECTION('',(0.,1.22464679914735E-16,1.));
#10286=DIRECTION('center_axis',(0.,1.,-1.22464679914735E-16));
#10287=DIRECTION('ref_axis',(-1.,0.,0.));
#10288=DIRECTION('center_axis',(1.,0.,0.));
#10289=DIRECTION('ref_axis',(0.,1.,-1.22464679914735E-16));
#10290=DIRECTION('',(0.,1.22464679914735E-16,1.));
#10291=DIRECTION('',(0.,1.22464679914735E-16,1.));
#10292=DIRECTION('center_axis',(0.,-1.,1.22464679914735E-16));
#10293=DIRECTION('ref_axis',(1.,0.,0.));
#10294=DIRECTION('',(0.,1.22464679914735E-16,1.));
#10295=DIRECTION('center_axis',(-1.,0.,0.));
#10296=DIRECTION('ref_axis',(0.,-1.,1.22464679914735E-16));
#10297=DIRECTION('',(0.,1.22464679914735E-16,1.));
#10298=DIRECTION('center_axis',(0.,1.,-1.22464679914735E-16));
#10299=DIRECTION('ref_axis',(-1.,0.,0.));
#10300=DIRECTION('center_axis',(1.,0.,0.));
#10301=DIRECTION('ref_axis',(0.,1.,-1.22464679914735E-16));
#10302=DIRECTION('',(0.,1.22464679914735E-16,1.));
#10303=DIRECTION('',(0.,-1.22464679914735E-16,-1.));
#10304=DIRECTION('center_axis',(0.,-1.,1.22464679914735E-16));
#10305=DIRECTION('ref_axis',(1.,0.,0.));
#10306=DIRECTION('',(0.,1.22464679914735E-16,1.));
#10307=DIRECTION('center_axis',(-1.,0.,0.));
#10308=DIRECTION('ref_axis',(0.,-1.,1.22464679914735E-16));
#10309=DIRECTION('',(0.,1.22464679914735E-16,1.));
#10310=DIRECTION('center_axis',(0.,1.,-1.22464679914735E-16));
#10311=DIRECTION('ref_axis',(-1.,0.,0.));
#10312=DIRECTION('center_axis',(1.,0.,0.));
#10313=DIRECTION('ref_axis',(0.,1.,-1.22464679914735E-16));
#10314=DIRECTION('',(0.,1.22464679914735E-16,1.));
#10315=DIRECTION('',(0.,1.22464679914735E-16,1.));
#10316=DIRECTION('center_axis',(0.,-1.,1.22464679914735E-16));
#10317=DIRECTION('ref_axis',(1.,0.,0.));
#10318=DIRECTION('',(0.,1.22464679914735E-16,1.));
#10319=DIRECTION('center_axis',(-1.,0.,0.));
#10320=DIRECTION('ref_axis',(0.,-1.,1.22464679914735E-16));
#10321=DIRECTION('',(0.,1.22464679914735E-16,1.));
#10322=DIRECTION('center_axis',(0.,1.,-1.22464679914735E-16));
#10323=DIRECTION('ref_axis',(-1.,0.,0.));
#10324=DIRECTION('center_axis',(1.,0.,0.));
#10325=DIRECTION('ref_axis',(0.,1.,-1.22464679914735E-16));
#10326=DIRECTION('',(0.,1.22464679914735E-16,1.));
#10327=DIRECTION('',(0.,1.22464679914735E-16,1.));
#10328=DIRECTION('center_axis',(0.,-1.,1.22464679914735E-16));
#10329=DIRECTION('ref_axis',(1.,0.,0.));
#10330=DIRECTION('',(0.,1.22464679914735E-16,1.));
#10331=DIRECTION('center_axis',(-1.,0.,0.));
#10332=DIRECTION('ref_axis',(0.,-1.,1.22464679914735E-16));
#10333=DIRECTION('',(0.,1.22464679914735E-16,1.));
#10334=DIRECTION('center_axis',(0.,1.,-1.22464679914735E-16));
#10335=DIRECTION('ref_axis',(-1.,0.,0.));
#10336=DIRECTION('center_axis',(1.,0.,0.));
#10337=DIRECTION('ref_axis',(0.,1.,-1.22464679914735E-16));
#10338=DIRECTION('',(0.,1.22464679914735E-16,1.));
#10339=DIRECTION('',(0.,1.22464679914735E-16,1.));
#10340=DIRECTION('center_axis',(0.,-1.,1.22464679914735E-16));
#10341=DIRECTION('ref_axis',(1.,0.,0.));
#10342=DIRECTION('',(0.,1.22464679914735E-16,1.));
#10343=DIRECTION('center_axis',(-1.,0.,0.));
#10344=DIRECTION('ref_axis',(0.,-1.,1.22464679914735E-16));
#10345=DIRECTION('',(0.,1.22464679914735E-16,1.));
#10346=DIRECTION('center_axis',(0.,1.,-1.22464679914735E-16));
#10347=DIRECTION('ref_axis',(-1.,0.,0.));
#10348=DIRECTION('center_axis',(1.,0.,0.));
#10349=DIRECTION('ref_axis',(0.,1.,-1.22464679914735E-16));
#10350=DIRECTION('',(0.,1.22464679914735E-16,1.));
#10351=DIRECTION('',(0.,1.22464679914735E-16,1.));
#10352=DIRECTION('center_axis',(0.,-1.,1.22464679914735E-16));
#10353=DIRECTION('ref_axis',(1.,0.,0.));
#10354=DIRECTION('',(0.,1.22464679914735E-16,1.));
#10355=DIRECTION('center_axis',(-1.,0.,0.));
#10356=DIRECTION('ref_axis',(0.,-1.,1.22464679914735E-16));
#10357=DIRECTION('',(0.,1.22464679914735E-16,1.));
#10358=DIRECTION('center_axis',(0.,1.,-1.22464679914735E-16));
#10359=DIRECTION('ref_axis',(-1.,0.,0.));
#10360=DIRECTION('center_axis',(1.,0.,0.));
#10361=DIRECTION('ref_axis',(0.,1.,-1.22464679914735E-16));
#10362=DIRECTION('',(0.,1.22464679914735E-16,1.));
#10363=DIRECTION('',(0.,1.22464679914735E-16,1.));
#10364=DIRECTION('center_axis',(0.,-1.,1.22464679914735E-16));
#10365=DIRECTION('ref_axis',(1.,0.,0.));
#10366=DIRECTION('',(0.,1.22464679914735E-16,1.));
#10367=DIRECTION('center_axis',(-1.,0.,0.));
#10368=DIRECTION('ref_axis',(0.,-1.,1.22464679914735E-16));
#10369=DIRECTION('',(0.,1.22464679914735E-16,1.));
#10370=DIRECTION('center_axis',(0.,1.,-1.22464679914735E-16));
#10371=DIRECTION('ref_axis',(-1.,0.,0.));
#10372=DIRECTION('center_axis',(1.,0.,0.));
#10373=DIRECTION('ref_axis',(0.,1.,-1.22464679914735E-16));
#10374=DIRECTION('',(0.,1.22464679914735E-16,1.));
#10375=DIRECTION('',(0.,1.22464679914735E-16,1.));
#10376=DIRECTION('center_axis',(0.,-1.,1.22464679914735E-16));
#10377=DIRECTION('ref_axis',(1.,0.,0.));
#10378=DIRECTION('',(0.,1.22464679914735E-16,1.));
#10379=DIRECTION('center_axis',(-1.,0.,0.));
#10380=DIRECTION('ref_axis',(0.,-1.,1.22464679914735E-16));
#10381=DIRECTION('',(0.,1.22464679914735E-16,1.));
#10382=DIRECTION('center_axis',(0.,1.,-1.22464679914735E-16));
#10383=DIRECTION('ref_axis',(-1.,0.,0.));
#10384=DIRECTION('center_axis',(1.,0.,0.));
#10385=DIRECTION('ref_axis',(0.,1.,-1.22464679914735E-16));
#10386=DIRECTION('',(0.,1.22464679914735E-16,1.));
#10387=DIRECTION('',(0.,1.22464679914735E-16,1.));
#10388=DIRECTION('center_axis',(0.,-1.,1.22464679914735E-16));
#10389=DIRECTION('ref_axis',(1.,0.,0.));
#10390=DIRECTION('',(0.,1.22464679914735E-16,1.));
#10391=DIRECTION('center_axis',(-1.,0.,0.));
#10392=DIRECTION('ref_axis',(0.,-1.,1.22464679914735E-16));
#10393=DIRECTION('',(0.,1.22464679914735E-16,1.));
#10394=DIRECTION('center_axis',(0.,1.,-1.22464679914735E-16));
#10395=DIRECTION('ref_axis',(-1.,0.,0.));
#10396=DIRECTION('center_axis',(1.,0.,0.));
#10397=DIRECTION('ref_axis',(0.,1.,-1.22464679914735E-16));
#10398=DIRECTION('',(0.,1.22464679914735E-16,1.));
#10399=DIRECTION('',(0.,1.22464679914735E-16,1.));
#10400=DIRECTION('center_axis',(0.,-1.,1.22464679914735E-16));
#10401=DIRECTION('ref_axis',(1.,0.,0.));
#10402=DIRECTION('',(0.,1.22464679914735E-16,1.));
#10403=DIRECTION('center_axis',(-1.,0.,0.));
#10404=DIRECTION('ref_axis',(0.,-1.,1.22464679914735E-16));
#10405=DIRECTION('',(0.,1.22464679914735E-16,1.));
#10406=DIRECTION('center_axis',(0.,1.,-1.22464679914735E-16));
#10407=DIRECTION('ref_axis',(-1.,0.,0.));
#10408=DIRECTION('center_axis',(1.,0.,0.));
#10409=DIRECTION('ref_axis',(0.,1.,-1.22464679914735E-16));
#10410=DIRECTION('',(0.,1.22464679914735E-16,1.));
#10411=DIRECTION('',(0.,1.22464679914735E-16,1.));
#10412=DIRECTION('center_axis',(0.,-1.,1.22464679914735E-16));
#10413=DIRECTION('ref_axis',(1.,0.,0.));
#10414=DIRECTION('',(0.,1.22464679914735E-16,1.));
#10415=DIRECTION('center_axis',(-1.,0.,0.));
#10416=DIRECTION('ref_axis',(0.,-1.,1.22464679914735E-16));
#10417=DIRECTION('',(0.,1.22464679914735E-16,1.));
#10418=DIRECTION('center_axis',(0.,1.,-1.22464679914735E-16));
#10419=DIRECTION('ref_axis',(-1.,0.,0.));
#10420=DIRECTION('center_axis',(1.,0.,0.));
#10421=DIRECTION('ref_axis',(0.,1.,-1.22464679914735E-16));
#10422=DIRECTION('',(0.,1.22464679914735E-16,1.));
#10423=DIRECTION('',(0.,1.22464679914735E-16,1.));
#10424=DIRECTION('center_axis',(0.,-1.,1.22464679914735E-16));
#10425=DIRECTION('ref_axis',(1.,0.,0.));
#10426=DIRECTION('',(0.,1.22464679914735E-16,1.));
#10427=DIRECTION('center_axis',(-1.,0.,0.));
#10428=DIRECTION('ref_axis',(0.,-1.,1.22464679914735E-16));
#10429=DIRECTION('',(0.,1.22464679914735E-16,1.));
#10430=DIRECTION('center_axis',(0.,1.,-1.22464679914735E-16));
#10431=DIRECTION('ref_axis',(-1.,0.,0.));
#10432=DIRECTION('center_axis',(1.,0.,0.));
#10433=DIRECTION('ref_axis',(0.,1.,-1.22464679914735E-16));
#10434=DIRECTION('',(0.,1.22464679914735E-16,1.));
#10435=DIRECTION('',(0.,1.22464679914735E-16,1.));
#10436=DIRECTION('center_axis',(0.,-1.,1.22464679914735E-16));
#10437=DIRECTION('ref_axis',(1.,0.,0.));
#10438=DIRECTION('',(0.,1.22464679914735E-16,1.));
#10439=DIRECTION('center_axis',(-1.,0.,0.));
#10440=DIRECTION('ref_axis',(0.,-1.,1.22464679914735E-16));
#10441=DIRECTION('',(0.,1.22464679914735E-16,1.));
#10442=DIRECTION('center_axis',(0.,1.,-1.22464679914735E-16));
#10443=DIRECTION('ref_axis',(-1.,0.,0.));
#10444=DIRECTION('center_axis',(1.,0.,0.));
#10445=DIRECTION('ref_axis',(0.,1.,-1.22464679914735E-16));
#10446=DIRECTION('',(0.,1.22464679914735E-16,1.));
#10447=DIRECTION('',(0.,1.22464679914735E-16,1.));
#10448=DIRECTION('center_axis',(0.,-1.,1.22464679914735E-16));
#10449=DIRECTION('ref_axis',(1.,0.,0.));
#10450=DIRECTION('',(0.,1.22464679914735E-16,1.));
#10451=DIRECTION('center_axis',(-1.,0.,0.));
#10452=DIRECTION('ref_axis',(0.,-1.,1.22464679914735E-16));
#10453=DIRECTION('',(0.,1.22464679914735E-16,1.));
#10454=DIRECTION('center_axis',(0.,1.,-1.22464679914735E-16));
#10455=DIRECTION('ref_axis',(-1.,0.,0.));
#10456=DIRECTION('center_axis',(1.,0.,0.));
#10457=DIRECTION('ref_axis',(0.,1.,-1.22464679914735E-16));
#10458=DIRECTION('',(0.,1.22464679914735E-16,1.));
#10459=DIRECTION('',(0.,-1.22464679914735E-16,-1.));
#10460=DIRECTION('center_axis',(0.,-1.,1.22464679914735E-16));
#10461=DIRECTION('ref_axis',(1.,0.,0.));
#10462=DIRECTION('',(0.,1.22464679914735E-16,1.));
#10463=DIRECTION('center_axis',(-1.,0.,0.));
#10464=DIRECTION('ref_axis',(0.,-1.,1.22464679914735E-16));
#10465=DIRECTION('',(0.,1.22464679914735E-16,1.));
#10466=DIRECTION('center_axis',(0.,1.,-1.22464679914735E-16));
#10467=DIRECTION('ref_axis',(-1.,0.,0.));
#10468=DIRECTION('center_axis',(1.,0.,0.));
#10469=DIRECTION('ref_axis',(0.,1.,-1.22464679914735E-16));
#10470=DIRECTION('',(0.,1.22464679914735E-16,1.));
#10471=DIRECTION('',(0.,1.22464679914735E-16,1.));
#10472=DIRECTION('center_axis',(0.,-1.,1.22464679914735E-16));
#10473=DIRECTION('ref_axis',(1.,0.,0.));
#10474=DIRECTION('',(0.,1.22464679914735E-16,1.));
#10475=DIRECTION('center_axis',(-1.,0.,0.));
#10476=DIRECTION('ref_axis',(0.,-1.,1.22464679914735E-16));
#10477=DIRECTION('',(0.,1.22464679914735E-16,1.));
#10478=DIRECTION('center_axis',(0.,1.,-1.22464679914735E-16));
#10479=DIRECTION('ref_axis',(-1.,0.,0.));
#10480=DIRECTION('center_axis',(1.,0.,0.));
#10481=DIRECTION('ref_axis',(0.,1.,-1.22464679914735E-16));
#10482=DIRECTION('',(0.,1.22464679914735E-16,1.));
#10483=DIRECTION('',(0.,1.22464679914735E-16,1.));
#10484=DIRECTION('center_axis',(0.,-1.,1.22464679914735E-16));
#10485=DIRECTION('ref_axis',(1.,0.,0.));
#10486=DIRECTION('',(0.,1.22464679914735E-16,1.));
#10487=DIRECTION('center_axis',(-1.,0.,0.));
#10488=DIRECTION('ref_axis',(0.,-1.,1.22464679914735E-16));
#10489=DIRECTION('',(0.,1.22464679914735E-16,1.));
#10490=DIRECTION('center_axis',(0.,1.,-1.22464679914735E-16));
#10491=DIRECTION('ref_axis',(-1.,0.,0.));
#10492=DIRECTION('center_axis',(1.,0.,0.));
#10493=DIRECTION('ref_axis',(0.,1.,-1.22464679914735E-16));
#10494=DIRECTION('',(0.,1.22464679914735E-16,1.));
#10495=DIRECTION('',(0.,1.22464679914735E-16,1.));
#10496=DIRECTION('center_axis',(0.,-1.,1.22464679914735E-16));
#10497=DIRECTION('ref_axis',(1.,0.,0.));
#10498=DIRECTION('',(0.,1.22464679914735E-16,1.));
#10499=DIRECTION('center_axis',(-1.,0.,0.));
#10500=DIRECTION('ref_axis',(0.,-1.,1.22464679914735E-16));
#10501=DIRECTION('',(0.,1.22464679914735E-16,1.));
#10502=DIRECTION('center_axis',(0.,1.,-1.22464679914735E-16));
#10503=DIRECTION('ref_axis',(-1.,0.,0.));
#10504=DIRECTION('center_axis',(1.,0.,0.));
#10505=DIRECTION('ref_axis',(0.,1.,-1.22464679914735E-16));
#10506=DIRECTION('',(0.,1.22464679914735E-16,1.));
#10507=DIRECTION('',(0.,1.22464679914735E-16,1.));
#10508=DIRECTION('center_axis',(0.,-1.,1.22464679914735E-16));
#10509=DIRECTION('ref_axis',(1.,0.,0.));
#10510=DIRECTION('',(0.,1.22464679914735E-16,1.));
#10511=DIRECTION('center_axis',(-1.,0.,0.));
#10512=DIRECTION('ref_axis',(0.,-1.,1.22464679914735E-16));
#10513=DIRECTION('',(0.,1.22464679914735E-16,1.));
#10514=DIRECTION('center_axis',(0.,1.,-1.22464679914735E-16));
#10515=DIRECTION('ref_axis',(-1.,0.,0.));
#10516=DIRECTION('center_axis',(1.,0.,0.));
#10517=DIRECTION('ref_axis',(0.,1.,-1.22464679914735E-16));
#10518=DIRECTION('',(0.,1.22464679914735E-16,1.));
#10519=DIRECTION('',(0.,1.22464679914735E-16,1.));
#10520=DIRECTION('center_axis',(0.,-1.,1.22464679914735E-16));
#10521=DIRECTION('ref_axis',(1.,0.,0.));
#10522=DIRECTION('',(0.,1.22464679914735E-16,1.));
#10523=DIRECTION('center_axis',(-1.,0.,0.));
#10524=DIRECTION('ref_axis',(0.,-1.,1.22464679914735E-16));
#10525=DIRECTION('',(0.,1.22464679914735E-16,1.));
#10526=DIRECTION('center_axis',(0.,1.,-1.22464679914735E-16));
#10527=DIRECTION('ref_axis',(-1.,0.,0.));
#10528=DIRECTION('center_axis',(1.,0.,0.));
#10529=DIRECTION('ref_axis',(0.,1.,-1.22464679914735E-16));
#10530=DIRECTION('',(0.,1.22464679914735E-16,1.));
#10531=DIRECTION('',(0.,1.22464679914735E-16,1.));
#10532=DIRECTION('center_axis',(0.,-1.,1.22464679914735E-16));
#10533=DIRECTION('ref_axis',(1.,0.,0.));
#10534=DIRECTION('',(0.,1.22464679914735E-16,1.));
#10535=DIRECTION('center_axis',(-1.,0.,0.));
#10536=DIRECTION('ref_axis',(0.,-1.,1.22464679914735E-16));
#10537=DIRECTION('',(0.,1.22464679914735E-16,1.));
#10538=DIRECTION('center_axis',(0.,1.,-1.22464679914735E-16));
#10539=DIRECTION('ref_axis',(-1.,0.,0.));
#10540=DIRECTION('center_axis',(1.,0.,0.));
#10541=DIRECTION('ref_axis',(0.,1.,-1.22464679914735E-16));
#10542=DIRECTION('',(0.,1.22464679914735E-16,1.));
#10543=DIRECTION('',(0.,1.22464679914735E-16,1.));
#10544=DIRECTION('center_axis',(0.,-1.,1.22464679914735E-16));
#10545=DIRECTION('ref_axis',(1.,0.,0.));
#10546=DIRECTION('',(0.,1.22464679914735E-16,1.));
#10547=DIRECTION('center_axis',(-1.,0.,0.));
#10548=DIRECTION('ref_axis',(0.,-1.,1.22464679914735E-16));
#10549=DIRECTION('',(0.,1.22464679914735E-16,1.));
#10550=DIRECTION('center_axis',(0.,1.,-1.22464679914735E-16));
#10551=DIRECTION('ref_axis',(-1.,0.,0.));
#10552=DIRECTION('center_axis',(1.,0.,0.));
#10553=DIRECTION('ref_axis',(0.,1.,-1.22464679914735E-16));
#10554=DIRECTION('',(0.,1.22464679914735E-16,1.));
#10555=DIRECTION('',(0.,1.22464679914735E-16,1.));
#10556=DIRECTION('center_axis',(0.,-1.,1.22464679914735E-16));
#10557=DIRECTION('ref_axis',(1.,0.,0.));
#10558=DIRECTION('',(0.,1.22464679914735E-16,1.));
#10559=DIRECTION('center_axis',(-1.,0.,0.));
#10560=DIRECTION('ref_axis',(0.,-1.,1.22464679914735E-16));
#10561=DIRECTION('',(0.,1.22464679914735E-16,1.));
#10562=DIRECTION('center_axis',(0.,1.,-1.22464679914735E-16));
#10563=DIRECTION('ref_axis',(-1.,0.,0.));
#10564=DIRECTION('center_axis',(1.,0.,0.));
#10565=DIRECTION('ref_axis',(0.,1.,-1.22464679914735E-16));
#10566=DIRECTION('',(0.,1.22464679914735E-16,1.));
#10567=DIRECTION('',(0.,1.22464679914735E-16,1.));
#10568=DIRECTION('center_axis',(0.,-1.,1.22464679914735E-16));
#10569=DIRECTION('ref_axis',(1.,0.,0.));
#10570=DIRECTION('',(0.,1.22464679914735E-16,1.));
#10571=DIRECTION('center_axis',(-1.,0.,0.));
#10572=DIRECTION('ref_axis',(0.,-1.,1.22464679914735E-16));
#10573=DIRECTION('',(0.,1.22464679914735E-16,1.));
#10574=DIRECTION('center_axis',(0.,1.,-1.22464679914735E-16));
#10575=DIRECTION('ref_axis',(-1.,0.,0.));
#10576=DIRECTION('center_axis',(1.,0.,0.));
#10577=DIRECTION('ref_axis',(0.,1.,-1.22464679914735E-16));
#10578=DIRECTION('',(0.,1.22464679914735E-16,1.));
#10579=DIRECTION('',(0.,1.22464679914735E-16,1.));
#10580=DIRECTION('center_axis',(0.,-1.,1.22464679914735E-16));
#10581=DIRECTION('ref_axis',(1.,0.,0.));
#10582=DIRECTION('',(0.,1.22464679914735E-16,1.));
#10583=DIRECTION('center_axis',(-1.,0.,0.));
#10584=DIRECTION('ref_axis',(0.,-1.,1.22464679914735E-16));
#10585=DIRECTION('',(0.,1.22464679914735E-16,1.));
#10586=DIRECTION('center_axis',(0.,1.,-1.22464679914735E-16));
#10587=DIRECTION('ref_axis',(-1.,0.,0.));
#10588=DIRECTION('center_axis',(1.,0.,0.));
#10589=DIRECTION('ref_axis',(0.,1.,-1.22464679914735E-16));
#10590=DIRECTION('',(0.,1.22464679914735E-16,1.));
#10591=DIRECTION('',(0.,1.22464679914735E-16,1.));
#10592=DIRECTION('center_axis',(0.,-1.,1.22464679914735E-16));
#10593=DIRECTION('ref_axis',(1.,0.,0.));
#10594=DIRECTION('',(0.,1.22464679914735E-16,1.));
#10595=DIRECTION('center_axis',(-1.,0.,0.));
#10596=DIRECTION('ref_axis',(0.,-1.,1.22464679914735E-16));
#10597=DIRECTION('',(0.,1.22464679914735E-16,1.));
#10598=DIRECTION('center_axis',(0.,1.,-1.22464679914735E-16));
#10599=DIRECTION('ref_axis',(-1.,0.,0.));
#10600=DIRECTION('center_axis',(1.,0.,0.));
#10601=DIRECTION('ref_axis',(0.,1.,-1.22464679914735E-16));
#10602=DIRECTION('',(0.,1.22464679914735E-16,1.));
#10603=DIRECTION('',(0.,1.22464679914735E-16,1.));
#10604=DIRECTION('center_axis',(0.,-1.,1.22464679914735E-16));
#10605=DIRECTION('ref_axis',(1.,0.,0.));
#10606=DIRECTION('',(0.,1.22464679914735E-16,1.));
#10607=DIRECTION('center_axis',(-1.,0.,0.));
#10608=DIRECTION('ref_axis',(0.,-1.,1.22464679914735E-16));
#10609=DIRECTION('',(0.,1.22464679914735E-16,1.));
#10610=DIRECTION('center_axis',(0.,1.,-1.22464679914735E-16));
#10611=DIRECTION('ref_axis',(-1.,0.,0.));
#10612=DIRECTION('center_axis',(1.,0.,0.));
#10613=DIRECTION('ref_axis',(0.,1.,-1.22464679914735E-16));
#10614=DIRECTION('',(0.,1.22464679914735E-16,1.));
#10615=DIRECTION('',(0.,-1.22464679914735E-16,-1.));
#10616=DIRECTION('center_axis',(0.,-1.,1.22464679914735E-16));
#10617=DIRECTION('ref_axis',(1.,0.,0.));
#10618=DIRECTION('',(0.,1.22464679914735E-16,1.));
#10619=DIRECTION('center_axis',(-1.,0.,0.));
#10620=DIRECTION('ref_axis',(0.,-1.,1.22464679914735E-16));
#10621=DIRECTION('',(0.,1.22464679914735E-16,1.));
#10622=DIRECTION('center_axis',(0.,1.,-1.22464679914735E-16));
#10623=DIRECTION('ref_axis',(-1.,0.,0.));
#10624=DIRECTION('center_axis',(1.,0.,0.));
#10625=DIRECTION('ref_axis',(0.,1.,-1.22464679914735E-16));
#10626=DIRECTION('',(0.,1.22464679914735E-16,1.));
#10627=DIRECTION('',(0.,1.22464679914735E-16,1.));
#10628=DIRECTION('center_axis',(0.,-1.,1.22464679914735E-16));
#10629=DIRECTION('ref_axis',(1.,0.,0.));
#10630=DIRECTION('',(0.,1.22464679914735E-16,1.));
#10631=DIRECTION('center_axis',(-1.,0.,0.));
#10632=DIRECTION('ref_axis',(0.,-1.,1.22464679914735E-16));
#10633=DIRECTION('',(0.,1.22464679914735E-16,1.));
#10634=DIRECTION('center_axis',(0.,1.,-1.22464679914735E-16));
#10635=DIRECTION('ref_axis',(-1.,0.,0.));
#10636=DIRECTION('center_axis',(1.,0.,0.));
#10637=DIRECTION('ref_axis',(0.,1.,-1.22464679914735E-16));
#10638=DIRECTION('',(0.,1.22464679914735E-16,1.));
#10639=DIRECTION('',(0.,1.22464679914735E-16,1.));
#10640=DIRECTION('center_axis',(0.,-1.,1.22464679914735E-16));
#10641=DIRECTION('ref_axis',(1.,0.,0.));
#10642=DIRECTION('',(0.,1.22464679914735E-16,1.));
#10643=DIRECTION('center_axis',(-1.,0.,0.));
#10644=DIRECTION('ref_axis',(0.,-1.,1.22464679914735E-16));
#10645=DIRECTION('',(0.,1.22464679914735E-16,1.));
#10646=DIRECTION('center_axis',(0.,1.,-1.22464679914735E-16));
#10647=DIRECTION('ref_axis',(-1.,0.,0.));
#10648=DIRECTION('center_axis',(1.,0.,0.));
#10649=DIRECTION('ref_axis',(0.,1.,-1.22464679914735E-16));
#10650=DIRECTION('',(0.,1.22464679914735E-16,1.));
#10651=DIRECTION('',(0.,1.22464679914735E-16,1.));
#10652=DIRECTION('center_axis',(0.,-1.,1.22464679914735E-16));
#10653=DIRECTION('ref_axis',(1.,0.,0.));
#10654=DIRECTION('',(0.,1.22464679914735E-16,1.));
#10655=DIRECTION('center_axis',(-1.,0.,0.));
#10656=DIRECTION('ref_axis',(0.,-1.,1.22464679914735E-16));
#10657=DIRECTION('',(0.,1.22464679914735E-16,1.));
#10658=DIRECTION('center_axis',(0.,1.,-1.22464679914735E-16));
#10659=DIRECTION('ref_axis',(-1.,0.,0.));
#10660=DIRECTION('center_axis',(1.,0.,0.));
#10661=DIRECTION('ref_axis',(0.,1.,-1.22464679914735E-16));
#10662=DIRECTION('',(0.,1.22464679914735E-16,1.));
#10663=DIRECTION('',(0.,1.22464679914735E-16,1.));
#10664=DIRECTION('center_axis',(0.,-1.,1.22464679914735E-16));
#10665=DIRECTION('ref_axis',(1.,0.,0.));
#10666=DIRECTION('',(0.,1.22464679914735E-16,1.));
#10667=DIRECTION('center_axis',(-1.,0.,0.));
#10668=DIRECTION('ref_axis',(0.,-1.,1.22464679914735E-16));
#10669=DIRECTION('',(0.,1.22464679914735E-16,1.));
#10670=DIRECTION('center_axis',(0.,1.,-1.22464679914735E-16));
#10671=DIRECTION('ref_axis',(-1.,0.,0.));
#10672=DIRECTION('center_axis',(1.,0.,0.));
#10673=DIRECTION('ref_axis',(0.,1.,-1.22464679914735E-16));
#10674=DIRECTION('',(0.,1.22464679914735E-16,1.));
#10675=DIRECTION('',(0.,1.22464679914735E-16,1.));
#10676=DIRECTION('center_axis',(0.,-1.,1.22464679914735E-16));
#10677=DIRECTION('ref_axis',(1.,0.,0.));
#10678=DIRECTION('',(0.,1.22464679914735E-16,1.));
#10679=DIRECTION('center_axis',(-1.,0.,0.));
#10680=DIRECTION('ref_axis',(0.,-1.,1.22464679914735E-16));
#10681=DIRECTION('',(0.,1.22464679914735E-16,1.));
#10682=DIRECTION('center_axis',(0.,1.,-1.22464679914735E-16));
#10683=DIRECTION('ref_axis',(-1.,0.,0.));
#10684=DIRECTION('center_axis',(1.,0.,0.));
#10685=DIRECTION('ref_axis',(0.,1.,-1.22464679914735E-16));
#10686=DIRECTION('',(0.,1.22464679914735E-16,1.));
#10687=DIRECTION('',(0.,1.22464679914735E-16,1.));
#10688=DIRECTION('center_axis',(0.,-1.,1.22464679914735E-16));
#10689=DIRECTION('ref_axis',(1.,0.,0.));
#10690=DIRECTION('',(0.,1.22464679914735E-16,1.));
#10691=DIRECTION('center_axis',(-1.,0.,0.));
#10692=DIRECTION('ref_axis',(0.,-1.,1.22464679914735E-16));
#10693=DIRECTION('',(0.,1.22464679914735E-16,1.));
#10694=DIRECTION('center_axis',(0.,1.,-1.22464679914735E-16));
#10695=DIRECTION('ref_axis',(-1.,0.,0.));
#10696=DIRECTION('center_axis',(1.,0.,0.));
#10697=DIRECTION('ref_axis',(0.,1.,-1.22464679914735E-16));
#10698=DIRECTION('',(0.,1.22464679914735E-16,1.));
#10699=DIRECTION('',(0.,1.22464679914735E-16,1.));
#10700=DIRECTION('center_axis',(0.,-1.,1.22464679914735E-16));
#10701=DIRECTION('ref_axis',(1.,0.,0.));
#10702=DIRECTION('',(0.,1.22464679914735E-16,1.));
#10703=DIRECTION('center_axis',(-1.,0.,0.));
#10704=DIRECTION('ref_axis',(0.,-1.,1.22464679914735E-16));
#10705=DIRECTION('',(0.,1.22464679914735E-16,1.));
#10706=DIRECTION('center_axis',(0.,1.,-1.22464679914735E-16));
#10707=DIRECTION('ref_axis',(-1.,0.,0.));
#10708=DIRECTION('center_axis',(1.,0.,0.));
#10709=DIRECTION('ref_axis',(0.,1.,-1.22464679914735E-16));
#10710=DIRECTION('',(0.,1.22464679914735E-16,1.));
#10711=DIRECTION('',(0.,1.22464679914735E-16,1.));
#10712=DIRECTION('center_axis',(0.,-1.,1.22464679914735E-16));
#10713=DIRECTION('ref_axis',(1.,0.,0.));
#10714=DIRECTION('',(0.,1.22464679914735E-16,1.));
#10715=DIRECTION('center_axis',(-1.,0.,0.));
#10716=DIRECTION('ref_axis',(0.,-1.,1.22464679914735E-16));
#10717=DIRECTION('',(0.,1.22464679914735E-16,1.));
#10718=DIRECTION('center_axis',(0.,1.,-1.22464679914735E-16));
#10719=DIRECTION('ref_axis',(-1.,0.,0.));
#10720=DIRECTION('center_axis',(1.,0.,0.));
#10721=DIRECTION('ref_axis',(0.,1.,-1.22464679914735E-16));
#10722=DIRECTION('',(0.,1.22464679914735E-16,1.));
#10723=DIRECTION('',(0.,1.22464679914735E-16,1.));
#10724=DIRECTION('center_axis',(0.,-1.,1.22464679914735E-16));
#10725=DIRECTION('ref_axis',(1.,0.,0.));
#10726=DIRECTION('',(0.,1.22464679914735E-16,1.));
#10727=DIRECTION('center_axis',(-1.,0.,0.));
#10728=DIRECTION('ref_axis',(0.,-1.,1.22464679914735E-16));
#10729=DIRECTION('',(0.,1.22464679914735E-16,1.));
#10730=DIRECTION('center_axis',(0.,1.,-1.22464679914735E-16));
#10731=DIRECTION('ref_axis',(-1.,0.,0.));
#10732=DIRECTION('center_axis',(1.,0.,0.));
#10733=DIRECTION('ref_axis',(0.,1.,-1.22464679914735E-16));
#10734=DIRECTION('',(0.,1.22464679914735E-16,1.));
#10735=DIRECTION('',(0.,1.22464679914735E-16,1.));
#10736=DIRECTION('center_axis',(0.,-1.,1.22464679914735E-16));
#10737=DIRECTION('ref_axis',(1.,0.,0.));
#10738=DIRECTION('',(0.,1.22464679914735E-16,1.));
#10739=DIRECTION('center_axis',(-1.,0.,0.));
#10740=DIRECTION('ref_axis',(0.,-1.,1.22464679914735E-16));
#10741=DIRECTION('',(0.,1.22464679914735E-16,1.));
#10742=DIRECTION('center_axis',(0.,1.,-1.22464679914735E-16));
#10743=DIRECTION('ref_axis',(-1.,0.,0.));
#10744=DIRECTION('center_axis',(1.,0.,0.));
#10745=DIRECTION('ref_axis',(0.,1.,-1.22464679914735E-16));
#10746=DIRECTION('',(0.,1.22464679914735E-16,1.));
#10747=DIRECTION('',(0.,1.22464679914735E-16,1.));
#10748=DIRECTION('center_axis',(0.,-1.,1.22464679914735E-16));
#10749=DIRECTION('ref_axis',(1.,0.,0.));
#10750=DIRECTION('',(0.,1.22464679914735E-16,1.));
#10751=DIRECTION('center_axis',(-1.,0.,0.));
#10752=DIRECTION('ref_axis',(0.,-1.,1.22464679914735E-16));
#10753=DIRECTION('',(0.,1.22464679914735E-16,1.));
#10754=DIRECTION('center_axis',(0.,1.,-1.22464679914735E-16));
#10755=DIRECTION('ref_axis',(-1.,0.,0.));
#10756=DIRECTION('center_axis',(1.,0.,0.));
#10757=DIRECTION('ref_axis',(0.,1.,-1.22464679914735E-16));
#10758=DIRECTION('',(0.,1.22464679914735E-16,1.));
#10759=DIRECTION('',(0.,-1.22464679914735E-16,-1.));
#10760=DIRECTION('center_axis',(0.,-1.,1.22464679914735E-16));
#10761=DIRECTION('ref_axis',(1.,0.,0.));
#10762=DIRECTION('',(0.,1.22464679914735E-16,1.));
#10763=DIRECTION('center_axis',(-1.,0.,0.));
#10764=DIRECTION('ref_axis',(0.,-1.,1.22464679914735E-16));
#10765=DIRECTION('',(0.,1.22464679914735E-16,1.));
#10766=DIRECTION('center_axis',(0.,1.,-1.22464679914735E-16));
#10767=DIRECTION('ref_axis',(-1.,0.,0.));
#10768=DIRECTION('center_axis',(1.,0.,0.));
#10769=DIRECTION('ref_axis',(0.,1.,-1.22464679914735E-16));
#10770=DIRECTION('',(0.,1.22464679914735E-16,1.));
#10771=DIRECTION('',(0.,1.22464679914735E-16,1.));
#10772=DIRECTION('center_axis',(0.,-1.,1.22464679914735E-16));
#10773=DIRECTION('ref_axis',(1.,0.,0.));
#10774=DIRECTION('',(0.,1.22464679914735E-16,1.));
#10775=DIRECTION('center_axis',(-1.,0.,0.));
#10776=DIRECTION('ref_axis',(0.,-1.,1.22464679914735E-16));
#10777=DIRECTION('',(0.,1.22464679914735E-16,1.));
#10778=DIRECTION('center_axis',(0.,1.,-1.22464679914735E-16));
#10779=DIRECTION('ref_axis',(-1.,0.,0.));
#10780=DIRECTION('center_axis',(1.,0.,0.));
#10781=DIRECTION('ref_axis',(0.,1.,-1.22464679914735E-16));
#10782=DIRECTION('',(0.,1.22464679914735E-16,1.));
#10783=DIRECTION('',(0.,1.22464679914735E-16,1.));
#10784=DIRECTION('center_axis',(0.,-1.,1.22464679914735E-16));
#10785=DIRECTION('ref_axis',(1.,0.,0.));
#10786=DIRECTION('',(0.,1.22464679914735E-16,1.));
#10787=DIRECTION('center_axis',(-1.,0.,0.));
#10788=DIRECTION('ref_axis',(0.,-1.,1.22464679914735E-16));
#10789=DIRECTION('',(0.,1.22464679914735E-16,1.));
#10790=DIRECTION('center_axis',(0.,1.,-1.22464679914735E-16));
#10791=DIRECTION('ref_axis',(-1.,0.,0.));
#10792=DIRECTION('center_axis',(1.,0.,0.));
#10793=DIRECTION('ref_axis',(0.,1.,-1.22464679914735E-16));
#10794=DIRECTION('',(0.,1.22464679914735E-16,1.));
#10795=DIRECTION('',(0.,1.22464679914735E-16,1.));
#10796=DIRECTION('center_axis',(0.,-1.,1.22464679914735E-16));
#10797=DIRECTION('ref_axis',(1.,0.,0.));
#10798=DIRECTION('',(0.,1.22464679914735E-16,1.));
#10799=DIRECTION('center_axis',(-1.,0.,0.));
#10800=DIRECTION('ref_axis',(0.,-1.,1.22464679914735E-16));
#10801=DIRECTION('',(0.,1.22464679914735E-16,1.));
#10802=DIRECTION('center_axis',(0.,1.,-1.22464679914735E-16));
#10803=DIRECTION('ref_axis',(-1.,0.,0.));
#10804=DIRECTION('center_axis',(1.,0.,0.));
#10805=DIRECTION('ref_axis',(0.,1.,-1.22464679914735E-16));
#10806=DIRECTION('',(0.,1.22464679914735E-16,1.));
#10807=DIRECTION('',(0.,1.22464679914735E-16,1.));
#10808=DIRECTION('center_axis',(0.,-1.,1.22464679914735E-16));
#10809=DIRECTION('ref_axis',(1.,0.,0.));
#10810=DIRECTION('',(0.,1.22464679914735E-16,1.));
#10811=DIRECTION('center_axis',(-1.,0.,0.));
#10812=DIRECTION('ref_axis',(0.,-1.,1.22464679914735E-16));
#10813=DIRECTION('',(0.,1.22464679914735E-16,1.));
#10814=DIRECTION('center_axis',(0.,1.,-1.22464679914735E-16));
#10815=DIRECTION('ref_axis',(-1.,0.,0.));
#10816=DIRECTION('center_axis',(1.,0.,0.));
#10817=DIRECTION('ref_axis',(0.,1.,-1.22464679914735E-16));
#10818=DIRECTION('',(0.,1.22464679914735E-16,1.));
#10819=DIRECTION('',(0.,1.22464679914735E-16,1.));
#10820=DIRECTION('center_axis',(0.,-1.,1.22464679914735E-16));
#10821=DIRECTION('ref_axis',(1.,0.,0.));
#10822=DIRECTION('',(0.,1.22464679914735E-16,1.));
#10823=DIRECTION('center_axis',(-1.,0.,0.));
#10824=DIRECTION('ref_axis',(0.,-1.,1.22464679914735E-16));
#10825=DIRECTION('',(0.,1.22464679914735E-16,1.));
#10826=DIRECTION('center_axis',(0.,1.,-1.22464679914735E-16));
#10827=DIRECTION('ref_axis',(-1.,0.,0.));
#10828=DIRECTION('center_axis',(1.,0.,0.));
#10829=DIRECTION('ref_axis',(0.,1.,-1.22464679914735E-16));
#10830=DIRECTION('',(0.,1.22464679914735E-16,1.));
#10831=DIRECTION('',(0.,1.22464679914735E-16,1.));
#10832=DIRECTION('center_axis',(0.,-1.,1.22464679914735E-16));
#10833=DIRECTION('ref_axis',(1.,0.,0.));
#10834=DIRECTION('',(0.,1.22464679914735E-16,1.));
#10835=DIRECTION('center_axis',(-1.,0.,0.));
#10836=DIRECTION('ref_axis',(0.,-1.,1.22464679914735E-16));
#10837=DIRECTION('',(0.,1.22464679914735E-16,1.));
#10838=DIRECTION('center_axis',(0.,1.,-1.22464679914735E-16));
#10839=DIRECTION('ref_axis',(-1.,0.,0.));
#10840=DIRECTION('center_axis',(1.,0.,0.));
#10841=DIRECTION('ref_axis',(0.,1.,-1.22464679914735E-16));
#10842=DIRECTION('',(0.,1.22464679914735E-16,1.));
#10843=DIRECTION('',(0.,1.22464679914735E-16,1.));
#10844=DIRECTION('center_axis',(0.,-1.,1.22464679914735E-16));
#10845=DIRECTION('ref_axis',(1.,0.,0.));
#10846=DIRECTION('',(0.,1.22464679914735E-16,1.));
#10847=DIRECTION('center_axis',(-1.,0.,0.));
#10848=DIRECTION('ref_axis',(0.,-1.,1.22464679914735E-16));
#10849=DIRECTION('',(0.,1.22464679914735E-16,1.));
#10850=DIRECTION('center_axis',(0.,1.,-1.22464679914735E-16));
#10851=DIRECTION('ref_axis',(-1.,0.,0.));
#10852=DIRECTION('center_axis',(1.,0.,0.));
#10853=DIRECTION('ref_axis',(0.,1.,-1.22464679914735E-16));
#10854=DIRECTION('',(0.,1.22464679914735E-16,1.));
#10855=DIRECTION('',(0.,1.22464679914735E-16,1.));
#10856=DIRECTION('center_axis',(0.,-1.,1.22464679914735E-16));
#10857=DIRECTION('ref_axis',(1.,0.,0.));
#10858=DIRECTION('',(0.,1.22464679914735E-16,1.));
#10859=DIRECTION('center_axis',(-1.,0.,0.));
#10860=DIRECTION('ref_axis',(0.,-1.,1.22464679914735E-16));
#10861=DIRECTION('',(0.,1.22464679914735E-16,1.));
#10862=DIRECTION('center_axis',(0.,1.,-1.22464679914735E-16));
#10863=DIRECTION('ref_axis',(-1.,0.,0.));
#10864=DIRECTION('center_axis',(1.,0.,0.));
#10865=DIRECTION('ref_axis',(0.,1.,-1.22464679914735E-16));
#10866=DIRECTION('',(0.,1.22464679914735E-16,1.));
#10867=DIRECTION('',(0.,1.22464679914735E-16,1.));
#10868=DIRECTION('center_axis',(0.,-1.,1.22464679914735E-16));
#10869=DIRECTION('ref_axis',(1.,0.,0.));
#10870=DIRECTION('',(0.,1.22464679914735E-16,1.));
#10871=DIRECTION('center_axis',(-1.,0.,0.));
#10872=DIRECTION('ref_axis',(0.,-1.,1.22464679914735E-16));
#10873=DIRECTION('',(0.,1.22464679914735E-16,1.));
#10874=DIRECTION('center_axis',(0.,1.,-1.22464679914735E-16));
#10875=DIRECTION('ref_axis',(-1.,0.,0.));
#10876=DIRECTION('center_axis',(1.,0.,0.));
#10877=DIRECTION('ref_axis',(0.,1.,-1.22464679914735E-16));
#10878=DIRECTION('',(0.,1.22464679914735E-16,1.));
#10879=DIRECTION('',(0.,1.22464679914735E-16,1.));
#10880=DIRECTION('center_axis',(0.,-1.,1.22464679914735E-16));
#10881=DIRECTION('ref_axis',(1.,0.,0.));
#10882=DIRECTION('',(0.,1.22464679914735E-16,1.));
#10883=DIRECTION('center_axis',(-1.,0.,0.));
#10884=DIRECTION('ref_axis',(0.,-1.,1.22464679914735E-16));
#10885=DIRECTION('',(0.,1.22464679914735E-16,1.));
#10886=DIRECTION('center_axis',(0.,1.,-1.22464679914735E-16));
#10887=DIRECTION('ref_axis',(-1.,0.,0.));
#10888=DIRECTION('center_axis',(1.,0.,0.));
#10889=DIRECTION('ref_axis',(0.,1.,-1.22464679914735E-16));
#10890=DIRECTION('',(0.,1.22464679914735E-16,1.));
#10891=DIRECTION('',(0.,1.22464679914735E-16,1.));
#10892=DIRECTION('center_axis',(0.,-1.,1.22464679914735E-16));
#10893=DIRECTION('ref_axis',(1.,0.,0.));
#10894=DIRECTION('',(0.,1.22464679914735E-16,1.));
#10895=DIRECTION('center_axis',(-1.,0.,0.));
#10896=DIRECTION('ref_axis',(0.,-1.,1.22464679914735E-16));
#10897=DIRECTION('',(0.,1.22464679914735E-16,1.));
#10898=DIRECTION('center_axis',(0.,1.,-1.22464679914735E-16));
#10899=DIRECTION('ref_axis',(-1.,0.,0.));
#10900=DIRECTION('center_axis',(1.,0.,0.));
#10901=DIRECTION('ref_axis',(0.,1.,-1.22464679914735E-16));
#10902=DIRECTION('',(0.,1.22464679914735E-16,1.));
#10903=DIRECTION('',(0.,1.22464679914735E-16,1.));
#10904=DIRECTION('center_axis',(0.,-1.,1.22464679914735E-16));
#10905=DIRECTION('ref_axis',(1.,0.,0.));
#10906=DIRECTION('',(0.,1.22464679914735E-16,1.));
#10907=DIRECTION('center_axis',(-1.,0.,0.));
#10908=DIRECTION('ref_axis',(0.,-1.,1.22464679914735E-16));
#10909=DIRECTION('',(0.,1.22464679914735E-16,1.));
#10910=DIRECTION('center_axis',(0.,1.,-1.22464679914735E-16));
#10911=DIRECTION('ref_axis',(-1.,0.,0.));
#10912=DIRECTION('center_axis',(1.,0.,0.));
#10913=DIRECTION('ref_axis',(0.,1.,-1.22464679914735E-16));
#10914=DIRECTION('',(0.,1.22464679914735E-16,1.));
#10915=DIRECTION('',(0.,-1.22464679914735E-16,-1.));
#10916=DIRECTION('center_axis',(0.,-1.,1.22464679914735E-16));
#10917=DIRECTION('ref_axis',(1.,0.,0.));
#10918=DIRECTION('',(0.,1.22464679914735E-16,1.));
#10919=DIRECTION('center_axis',(-1.,0.,0.));
#10920=DIRECTION('ref_axis',(0.,-1.,1.22464679914735E-16));
#10921=DIRECTION('',(0.,1.22464679914735E-16,1.));
#10922=DIRECTION('center_axis',(0.,1.,-1.22464679914735E-16));
#10923=DIRECTION('ref_axis',(-1.,0.,0.));
#10924=DIRECTION('center_axis',(1.,0.,0.));
#10925=DIRECTION('ref_axis',(0.,1.,-1.22464679914735E-16));
#10926=DIRECTION('',(0.,1.22464679914735E-16,1.));
#10927=DIRECTION('',(0.,1.22464679914735E-16,1.));
#10928=DIRECTION('center_axis',(0.,-1.,1.22464679914735E-16));
#10929=DIRECTION('ref_axis',(1.,0.,0.));
#10930=DIRECTION('',(0.,1.22464679914735E-16,1.));
#10931=DIRECTION('center_axis',(-1.,0.,0.));
#10932=DIRECTION('ref_axis',(0.,-1.,1.22464679914735E-16));
#10933=DIRECTION('',(0.,1.22464679914735E-16,1.));
#10934=DIRECTION('center_axis',(0.,1.,-1.22464679914735E-16));
#10935=DIRECTION('ref_axis',(-1.,0.,0.));
#10936=DIRECTION('center_axis',(1.,0.,0.));
#10937=DIRECTION('ref_axis',(0.,1.,-1.22464679914735E-16));
#10938=DIRECTION('',(0.,1.22464679914735E-16,1.));
#10939=DIRECTION('',(0.,1.22464679914735E-16,1.));
#10940=DIRECTION('center_axis',(0.,-1.,1.22464679914735E-16));
#10941=DIRECTION('ref_axis',(1.,0.,0.));
#10942=DIRECTION('',(0.,1.22464679914735E-16,1.));
#10943=DIRECTION('center_axis',(-1.,0.,0.));
#10944=DIRECTION('ref_axis',(0.,-1.,1.22464679914735E-16));
#10945=DIRECTION('',(0.,1.22464679914735E-16,1.));
#10946=DIRECTION('center_axis',(0.,1.,-1.22464679914735E-16));
#10947=DIRECTION('ref_axis',(-1.,0.,0.));
#10948=DIRECTION('center_axis',(1.,0.,0.));
#10949=DIRECTION('ref_axis',(0.,1.,-1.22464679914735E-16));
#10950=DIRECTION('',(0.,1.22464679914735E-16,1.));
#10951=DIRECTION('',(0.,1.22464679914735E-16,1.));
#10952=DIRECTION('center_axis',(0.,-1.,1.22464679914735E-16));
#10953=DIRECTION('ref_axis',(1.,0.,0.));
#10954=DIRECTION('',(0.,1.22464679914735E-16,1.));
#10955=DIRECTION('center_axis',(-1.,0.,0.));
#10956=DIRECTION('ref_axis',(0.,-1.,1.22464679914735E-16));
#10957=DIRECTION('',(0.,1.22464679914735E-16,1.));
#10958=DIRECTION('center_axis',(0.,1.,-1.22464679914735E-16));
#10959=DIRECTION('ref_axis',(-1.,0.,0.));
#10960=DIRECTION('center_axis',(1.,0.,0.));
#10961=DIRECTION('ref_axis',(0.,1.,-1.22464679914735E-16));
#10962=DIRECTION('',(0.,1.22464679914735E-16,1.));
#10963=DIRECTION('',(0.,1.22464679914735E-16,1.));
#10964=DIRECTION('center_axis',(0.,-1.,1.22464679914735E-16));
#10965=DIRECTION('ref_axis',(1.,0.,0.));
#10966=DIRECTION('',(0.,1.22464679914735E-16,1.));
#10967=DIRECTION('center_axis',(-1.,0.,0.));
#10968=DIRECTION('ref_axis',(0.,-1.,1.22464679914735E-16));
#10969=DIRECTION('',(0.,1.22464679914735E-16,1.));
#10970=DIRECTION('center_axis',(0.,1.,-1.22464679914735E-16));
#10971=DIRECTION('ref_axis',(-1.,0.,0.));
#10972=DIRECTION('center_axis',(1.,0.,0.));
#10973=DIRECTION('ref_axis',(0.,1.,-1.22464679914735E-16));
#10974=DIRECTION('',(0.,1.22464679914735E-16,1.));
#10975=DIRECTION('',(0.,1.22464679914735E-16,1.));
#10976=DIRECTION('center_axis',(0.,-1.,1.22464679914735E-16));
#10977=DIRECTION('ref_axis',(1.,0.,0.));
#10978=DIRECTION('',(0.,1.22464679914735E-16,1.));
#10979=DIRECTION('center_axis',(-1.,0.,0.));
#10980=DIRECTION('ref_axis',(0.,-1.,1.22464679914735E-16));
#10981=DIRECTION('',(0.,1.22464679914735E-16,1.));
#10982=DIRECTION('center_axis',(0.,1.,-1.22464679914735E-16));
#10983=DIRECTION('ref_axis',(-1.,0.,0.));
#10984=DIRECTION('center_axis',(1.,0.,0.));
#10985=DIRECTION('ref_axis',(0.,1.,-1.22464679914735E-16));
#10986=DIRECTION('',(0.,1.22464679914735E-16,1.));
#10987=DIRECTION('',(0.,1.22464679914735E-16,1.));
#10988=DIRECTION('center_axis',(0.,-1.,1.22464679914735E-16));
#10989=DIRECTION('ref_axis',(1.,0.,0.));
#10990=DIRECTION('',(0.,1.22464679914735E-16,1.));
#10991=DIRECTION('center_axis',(-1.,0.,0.));
#10992=DIRECTION('ref_axis',(0.,-1.,1.22464679914735E-16));
#10993=DIRECTION('',(0.,1.22464679914735E-16,1.));
#10994=DIRECTION('center_axis',(0.,1.,-1.22464679914735E-16));
#10995=DIRECTION('ref_axis',(-1.,0.,0.));
#10996=DIRECTION('center_axis',(1.,0.,0.));
#10997=DIRECTION('ref_axis',(0.,1.,-1.22464679914735E-16));
#10998=DIRECTION('',(0.,1.22464679914735E-16,1.));
#10999=DIRECTION('',(0.,1.22464679914735E-16,1.));
#11000=DIRECTION('center_axis',(0.,-1.,1.22464679914735E-16));
#11001=DIRECTION('ref_axis',(1.,0.,0.));
#11002=DIRECTION('',(0.,1.22464679914735E-16,1.));
#11003=DIRECTION('center_axis',(-1.,0.,0.));
#11004=DIRECTION('ref_axis',(0.,-1.,1.22464679914735E-16));
#11005=DIRECTION('',(0.,1.22464679914735E-16,1.));
#11006=DIRECTION('center_axis',(0.,1.,-1.22464679914735E-16));
#11007=DIRECTION('ref_axis',(-1.,0.,0.));
#11008=DIRECTION('center_axis',(1.,0.,0.));
#11009=DIRECTION('ref_axis',(0.,1.,-1.22464679914735E-16));
#11010=DIRECTION('',(0.,1.22464679914735E-16,1.));
#11011=DIRECTION('',(0.,1.22464679914735E-16,1.));
#11012=DIRECTION('center_axis',(0.,-1.,1.22464679914735E-16));
#11013=DIRECTION('ref_axis',(1.,0.,0.));
#11014=DIRECTION('',(0.,1.22464679914735E-16,1.));
#11015=DIRECTION('center_axis',(-1.,0.,0.));
#11016=DIRECTION('ref_axis',(0.,-1.,1.22464679914735E-16));
#11017=DIRECTION('',(0.,1.22464679914735E-16,1.));
#11018=DIRECTION('center_axis',(0.,1.,-1.22464679914735E-16));
#11019=DIRECTION('ref_axis',(-1.,0.,0.));
#11020=DIRECTION('center_axis',(1.,0.,0.));
#11021=DIRECTION('ref_axis',(0.,1.,-1.22464679914735E-16));
#11022=DIRECTION('',(0.,1.22464679914735E-16,1.));
#11023=DIRECTION('',(0.,1.22464679914735E-16,1.));
#11024=DIRECTION('center_axis',(0.,-1.,1.22464679914735E-16));
#11025=DIRECTION('ref_axis',(1.,0.,0.));
#11026=DIRECTION('',(0.,1.22464679914735E-16,1.));
#11027=DIRECTION('center_axis',(-1.,0.,0.));
#11028=DIRECTION('ref_axis',(0.,-1.,1.22464679914735E-16));
#11029=DIRECTION('',(0.,1.22464679914735E-16,1.));
#11030=DIRECTION('center_axis',(0.,1.,-1.22464679914735E-16));
#11031=DIRECTION('ref_axis',(-1.,0.,0.));
#11032=DIRECTION('center_axis',(1.,0.,0.));
#11033=DIRECTION('ref_axis',(0.,1.,-1.22464679914735E-16));
#11034=DIRECTION('',(0.,1.22464679914735E-16,1.));
#11035=DIRECTION('',(0.,1.22464679914735E-16,1.));
#11036=DIRECTION('center_axis',(0.,-1.,1.22464679914735E-16));
#11037=DIRECTION('ref_axis',(1.,0.,0.));
#11038=DIRECTION('',(0.,1.22464679914735E-16,1.));
#11039=DIRECTION('center_axis',(-1.,0.,0.));
#11040=DIRECTION('ref_axis',(0.,-1.,1.22464679914735E-16));
#11041=DIRECTION('',(0.,1.22464679914735E-16,1.));
#11042=DIRECTION('center_axis',(0.,1.,-1.22464679914735E-16));
#11043=DIRECTION('ref_axis',(-1.,0.,0.));
#11044=DIRECTION('center_axis',(1.,0.,0.));
#11045=DIRECTION('ref_axis',(0.,1.,-1.22464679914735E-16));
#11046=DIRECTION('',(0.,1.22464679914735E-16,1.));
#11047=DIRECTION('',(0.,1.22464679914735E-16,1.));
#11048=DIRECTION('center_axis',(0.,-1.,1.22464679914735E-16));
#11049=DIRECTION('ref_axis',(1.,0.,0.));
#11050=DIRECTION('',(0.,1.22464679914735E-16,1.));
#11051=DIRECTION('center_axis',(-1.,0.,0.));
#11052=DIRECTION('ref_axis',(0.,-1.,1.22464679914735E-16));
#11053=DIRECTION('',(0.,1.22464679914735E-16,1.));
#11054=DIRECTION('center_axis',(0.,1.,-1.22464679914735E-16));
#11055=DIRECTION('ref_axis',(-1.,0.,0.));
#11056=DIRECTION('center_axis',(1.,0.,0.));
#11057=DIRECTION('ref_axis',(0.,1.,-1.22464679914735E-16));
#11058=DIRECTION('',(0.,1.22464679914735E-16,1.));
#11059=DIRECTION('',(0.,1.22464679914735E-16,1.));
#11060=DIRECTION('center_axis',(0.,-1.,1.22464679914735E-16));
#11061=DIRECTION('ref_axis',(1.,0.,0.));
#11062=DIRECTION('',(0.,1.22464679914735E-16,1.));
#11063=DIRECTION('center_axis',(-1.,0.,0.));
#11064=DIRECTION('ref_axis',(0.,-1.,1.22464679914735E-16));
#11065=DIRECTION('',(0.,1.22464679914735E-16,1.));
#11066=DIRECTION('center_axis',(0.,1.,-1.22464679914735E-16));
#11067=DIRECTION('ref_axis',(-1.,0.,0.));
#11068=DIRECTION('center_axis',(1.,0.,0.));
#11069=DIRECTION('ref_axis',(0.,1.,-1.22464679914735E-16));
#11070=DIRECTION('',(0.,1.22464679914735E-16,1.));
#11071=DIRECTION('',(0.,-1.22464679914735E-16,-1.));
#11072=DIRECTION('center_axis',(0.,-1.,1.22464679914735E-16));
#11073=DIRECTION('ref_axis',(1.,0.,0.));
#11074=DIRECTION('',(0.,1.22464679914735E-16,1.));
#11075=DIRECTION('center_axis',(-1.,0.,0.));
#11076=DIRECTION('ref_axis',(0.,-1.,1.22464679914735E-16));
#11077=DIRECTION('',(0.,1.22464679914735E-16,1.));
#11078=DIRECTION('center_axis',(0.,1.,-1.22464679914735E-16));
#11079=DIRECTION('ref_axis',(-1.,0.,0.));
#11080=DIRECTION('center_axis',(1.,0.,0.));
#11081=DIRECTION('ref_axis',(0.,1.,-1.22464679914735E-16));
#11082=DIRECTION('',(0.,1.22464679914735E-16,1.));
#11083=DIRECTION('',(0.,1.22464679914735E-16,1.));
#11084=DIRECTION('center_axis',(0.,-1.,1.22464679914735E-16));
#11085=DIRECTION('ref_axis',(1.,0.,0.));
#11086=DIRECTION('',(0.,1.22464679914735E-16,1.));
#11087=DIRECTION('center_axis',(-1.,0.,0.));
#11088=DIRECTION('ref_axis',(0.,-1.,1.22464679914735E-16));
#11089=DIRECTION('',(0.,1.22464679914735E-16,1.));
#11090=DIRECTION('center_axis',(0.,1.,-1.22464679914735E-16));
#11091=DIRECTION('ref_axis',(-1.,0.,0.));
#11092=DIRECTION('center_axis',(1.,0.,0.));
#11093=DIRECTION('ref_axis',(0.,1.,-1.22464679914735E-16));
#11094=DIRECTION('',(0.,1.22464679914735E-16,1.));
#11095=DIRECTION('',(0.,1.22464679914735E-16,1.));
#11096=DIRECTION('center_axis',(0.,-1.,1.22464679914735E-16));
#11097=DIRECTION('ref_axis',(1.,0.,0.));
#11098=DIRECTION('',(0.,1.22464679914735E-16,1.));
#11099=DIRECTION('center_axis',(-1.,0.,0.));
#11100=DIRECTION('ref_axis',(0.,-1.,1.22464679914735E-16));
#11101=DIRECTION('',(0.,1.22464679914735E-16,1.));
#11102=DIRECTION('center_axis',(0.,1.,-1.22464679914735E-16));
#11103=DIRECTION('ref_axis',(-1.,0.,0.));
#11104=DIRECTION('center_axis',(1.,0.,0.));
#11105=DIRECTION('ref_axis',(0.,1.,-1.22464679914735E-16));
#11106=DIRECTION('',(0.,1.22464679914735E-16,1.));
#11107=DIRECTION('',(0.,1.22464679914735E-16,1.));
#11108=DIRECTION('center_axis',(0.,-1.,1.22464679914735E-16));
#11109=DIRECTION('ref_axis',(1.,0.,0.));
#11110=DIRECTION('',(0.,1.22464679914735E-16,1.));
#11111=DIRECTION('center_axis',(-1.,0.,0.));
#11112=DIRECTION('ref_axis',(0.,-1.,1.22464679914735E-16));
#11113=DIRECTION('',(0.,1.22464679914735E-16,1.));
#11114=DIRECTION('center_axis',(0.,1.,-1.22464679914735E-16));
#11115=DIRECTION('ref_axis',(-1.,0.,0.));
#11116=DIRECTION('center_axis',(1.,0.,0.));
#11117=DIRECTION('ref_axis',(0.,1.,-1.22464679914735E-16));
#11118=DIRECTION('',(0.,1.22464679914735E-16,1.));
#11119=DIRECTION('',(0.,1.22464679914735E-16,1.));
#11120=DIRECTION('center_axis',(0.,-1.,1.22464679914735E-16));
#11121=DIRECTION('ref_axis',(1.,0.,0.));
#11122=DIRECTION('',(0.,1.22464679914735E-16,1.));
#11123=DIRECTION('center_axis',(-1.,0.,0.));
#11124=DIRECTION('ref_axis',(0.,-1.,1.22464679914735E-16));
#11125=DIRECTION('',(0.,1.22464679914735E-16,1.));
#11126=DIRECTION('center_axis',(0.,1.,-1.22464679914735E-16));
#11127=DIRECTION('ref_axis',(-1.,0.,0.));
#11128=DIRECTION('center_axis',(1.,0.,0.));
#11129=DIRECTION('ref_axis',(0.,1.,-1.22464679914735E-16));
#11130=DIRECTION('',(0.,1.22464679914735E-16,1.));
#11131=DIRECTION('',(0.,1.22464679914735E-16,1.));
#11132=DIRECTION('center_axis',(0.,-1.,1.22464679914735E-16));
#11133=DIRECTION('ref_axis',(1.,0.,0.));
#11134=DIRECTION('',(0.,1.22464679914735E-16,1.));
#11135=DIRECTION('center_axis',(-1.,0.,0.));
#11136=DIRECTION('ref_axis',(0.,-1.,1.22464679914735E-16));
#11137=DIRECTION('',(0.,1.22464679914735E-16,1.));
#11138=DIRECTION('center_axis',(0.,1.,-1.22464679914735E-16));
#11139=DIRECTION('ref_axis',(-1.,0.,0.));
#11140=DIRECTION('center_axis',(1.,0.,0.));
#11141=DIRECTION('ref_axis',(0.,1.,-1.22464679914735E-16));
#11142=DIRECTION('',(0.,1.22464679914735E-16,1.));
#11143=DIRECTION('',(0.,1.22464679914735E-16,1.));
#11144=DIRECTION('center_axis',(0.,-1.,1.22464679914735E-16));
#11145=DIRECTION('ref_axis',(1.,0.,0.));
#11146=DIRECTION('',(0.,1.22464679914735E-16,1.));
#11147=DIRECTION('center_axis',(-1.,0.,0.));
#11148=DIRECTION('ref_axis',(0.,-1.,1.22464679914735E-16));
#11149=DIRECTION('',(0.,1.22464679914735E-16,1.));
#11150=DIRECTION('center_axis',(0.,1.,-1.22464679914735E-16));
#11151=DIRECTION('ref_axis',(-1.,0.,0.));
#11152=DIRECTION('center_axis',(1.,0.,0.));
#11153=DIRECTION('ref_axis',(0.,1.,-1.22464679914735E-16));
#11154=DIRECTION('',(0.,1.22464679914735E-16,1.));
#11155=DIRECTION('',(0.,1.22464679914735E-16,1.));
#11156=DIRECTION('center_axis',(0.,-1.,1.22464679914735E-16));
#11157=DIRECTION('ref_axis',(1.,0.,0.));
#11158=DIRECTION('',(0.,1.22464679914735E-16,1.));
#11159=DIRECTION('center_axis',(-1.,0.,0.));
#11160=DIRECTION('ref_axis',(0.,-1.,1.22464679914735E-16));
#11161=DIRECTION('',(0.,1.22464679914735E-16,1.));
#11162=DIRECTION('center_axis',(0.,1.,-1.22464679914735E-16));
#11163=DIRECTION('ref_axis',(-1.,0.,0.));
#11164=DIRECTION('center_axis',(1.,0.,0.));
#11165=DIRECTION('ref_axis',(0.,1.,-1.22464679914735E-16));
#11166=DIRECTION('',(0.,1.22464679914735E-16,1.));
#11167=DIRECTION('',(0.,1.22464679914735E-16,1.));
#11168=DIRECTION('center_axis',(0.,-1.,1.22464679914735E-16));
#11169=DIRECTION('ref_axis',(1.,0.,0.));
#11170=DIRECTION('',(0.,1.22464679914735E-16,1.));
#11171=DIRECTION('center_axis',(-1.,0.,0.));
#11172=DIRECTION('ref_axis',(0.,-1.,1.22464679914735E-16));
#11173=DIRECTION('',(0.,1.22464679914735E-16,1.));
#11174=DIRECTION('center_axis',(0.,1.,-1.22464679914735E-16));
#11175=DIRECTION('ref_axis',(-1.,0.,0.));
#11176=DIRECTION('center_axis',(1.,0.,0.));
#11177=DIRECTION('ref_axis',(0.,1.,-1.22464679914735E-16));
#11178=DIRECTION('',(0.,1.22464679914735E-16,1.));
#11179=DIRECTION('',(0.,1.22464679914735E-16,1.));
#11180=DIRECTION('center_axis',(0.,-1.,1.22464679914735E-16));
#11181=DIRECTION('ref_axis',(1.,0.,0.));
#11182=DIRECTION('',(0.,1.22464679914735E-16,1.));
#11183=DIRECTION('center_axis',(-1.,0.,0.));
#11184=DIRECTION('ref_axis',(0.,-1.,1.22464679914735E-16));
#11185=DIRECTION('',(0.,1.22464679914735E-16,1.));
#11186=DIRECTION('center_axis',(0.,1.,-1.22464679914735E-16));
#11187=DIRECTION('ref_axis',(-1.,0.,0.));
#11188=DIRECTION('center_axis',(1.,0.,0.));
#11189=DIRECTION('ref_axis',(0.,1.,-1.22464679914735E-16));
#11190=DIRECTION('',(0.,1.22464679914735E-16,1.));
#11191=DIRECTION('',(0.,1.22464679914735E-16,1.));
#11192=DIRECTION('center_axis',(0.,-1.,1.22464679914735E-16));
#11193=DIRECTION('ref_axis',(1.,0.,0.));
#11194=DIRECTION('',(0.,1.22464679914735E-16,1.));
#11195=DIRECTION('center_axis',(-1.,0.,0.));
#11196=DIRECTION('ref_axis',(0.,-1.,1.22464679914735E-16));
#11197=DIRECTION('',(0.,1.22464679914735E-16,1.));
#11198=DIRECTION('center_axis',(0.,1.,-1.22464679914735E-16));
#11199=DIRECTION('ref_axis',(-1.,0.,0.));
#11200=DIRECTION('center_axis',(1.,0.,0.));
#11201=DIRECTION('ref_axis',(0.,1.,-1.22464679914735E-16));
#11202=DIRECTION('',(0.,1.22464679914735E-16,1.));
#11203=DIRECTION('',(0.,1.22464679914735E-16,1.));
#11204=DIRECTION('center_axis',(0.,-1.,1.22464679914735E-16));
#11205=DIRECTION('ref_axis',(1.,0.,0.));
#11206=DIRECTION('',(0.,1.22464679914735E-16,1.));
#11207=DIRECTION('center_axis',(-1.,0.,0.));
#11208=DIRECTION('ref_axis',(0.,-1.,1.22464679914735E-16));
#11209=DIRECTION('',(0.,1.22464679914735E-16,1.));
#11210=DIRECTION('center_axis',(0.,1.,-1.22464679914735E-16));
#11211=DIRECTION('ref_axis',(-1.,0.,0.));
#11212=DIRECTION('center_axis',(1.,0.,0.));
#11213=DIRECTION('ref_axis',(0.,1.,-1.22464679914735E-16));
#11214=DIRECTION('',(0.,1.22464679914735E-16,1.));
#11215=DIRECTION('',(0.,1.22464679914735E-16,1.));
#11216=DIRECTION('center_axis',(0.,-1.,1.22464679914735E-16));
#11217=DIRECTION('ref_axis',(1.,0.,0.));
#11218=DIRECTION('',(0.,1.22464679914735E-16,1.));
#11219=DIRECTION('center_axis',(-1.,0.,0.));
#11220=DIRECTION('ref_axis',(0.,-1.,1.22464679914735E-16));
#11221=DIRECTION('',(0.,1.22464679914735E-16,1.));
#11222=DIRECTION('center_axis',(0.,1.,-1.22464679914735E-16));
#11223=DIRECTION('ref_axis',(-1.,0.,0.));
#11224=DIRECTION('center_axis',(1.,0.,0.));
#11225=DIRECTION('ref_axis',(0.,1.,-1.22464679914735E-16));
#11226=DIRECTION('',(0.,1.22464679914735E-16,1.));
#11227=DIRECTION('',(0.,1.22464679914735E-16,1.));
#11228=DIRECTION('center_axis',(0.,-1.,1.22464679914735E-16));
#11229=DIRECTION('ref_axis',(1.,0.,0.));
#11230=DIRECTION('',(0.,1.22464679914735E-16,1.));
#11231=DIRECTION('center_axis',(-1.,0.,0.));
#11232=DIRECTION('ref_axis',(0.,-1.,1.22464679914735E-16));
#11233=DIRECTION('',(0.,1.22464679914735E-16,1.));
#11234=DIRECTION('center_axis',(0.,1.,-1.22464679914735E-16));
#11235=DIRECTION('ref_axis',(-1.,0.,0.));
#11236=DIRECTION('center_axis',(0.,1.,1.44536727041619E-15));
#11237=DIRECTION('ref_axis',(-0.707106781186541,-1.02202899821639E-15,0.707106781186554));
#11238=DIRECTION('',(0.,1.,1.44536727041619E-15));
#11239=DIRECTION('center_axis',(-0.707106781186564,-1.02202899821635E-15,
0.707106781186531));
#11240=DIRECTION('ref_axis',(0.707106781186531,7.89352695294816E-16,0.707106781186564));
#11241=DIRECTION('center_axis',(-0.707106781186564,-1.02202899821635E-15,
0.707106781186531));
#11242=DIRECTION('ref_axis',(0.707106781186531,7.89352695294816E-16,0.707106781186564));
#11243=DIRECTION('',(8.62748881881257E-15,-1.,3.12372374427594E-16));
#11244=DIRECTION('center_axis',(0.,1.,1.44536727041619E-15));
#11245=DIRECTION('ref_axis',(-0.707106781186541,-1.02202899821639E-15,0.707106781186554));
#11246=DIRECTION('',(8.62748881881257E-15,-1.,3.12372374427594E-16));
#11247=DIRECTION('center_axis',(-1.,1.71514364635858E-46,-1.18664901403552E-31));
#11248=DIRECTION('ref_axis',(-1.18664901403552E-31,9.77535409103523E-16,
1.));
#11249=DIRECTION('center_axis',(0.,0.707106781183743,-0.707106781189352));
#11250=DIRECTION('ref_axis',(1.6502178894144E-16,0.707106781189352,0.707106781183743));
#11251=CARTESIAN_POINT('',(0.,0.,0.));
#11252=CARTESIAN_POINT('Origin',(-56.3999999999999,7.47189803309374,-57.7270380551084));
#11253=CARTESIAN_POINT('',(47.2931875130687,7.89616210180735,-57.3027739863982));
#11254=CARTESIAN_POINT('',(47.2931875130758,7.89616210180399,-58.151302123822));
#11255=CARTESIAN_POINT('Origin',(48.1863750261446,7.47189803309374,-57.7270380551084));
#11256=CARTESIAN_POINT('',(-56.0257359312879,7.89616210180399,-58.151302123822));
#11257=CARTESIAN_POINT('',(-56.3999999999999,7.89616210180399,-58.151302123822));
#11258=CARTESIAN_POINT('',(-56.3999999999999,8.06981107024868,-57.77703805511));
#11259=CARTESIAN_POINT('Origin',(-56.4500000000015,7.47189803309374,-57.7270380551084));
#11260=CARTESIAN_POINT('',(-56.3999999999999,8.06981107024841,-57.6770380551037));
#11261=CARTESIAN_POINT('Origin',(-56.3999999999999,7.47189803309374,-57.7270380551084));
#11262=CARTESIAN_POINT('',(-56.0257359312944,7.89616210180735,-57.3027739863982));
#11263=CARTESIAN_POINT('Origin',(-56.4500000000047,7.47189803309374,-57.7270380551084));
#11264=CARTESIAN_POINT('',(-56.3999999999999,7.89616210180736,-57.3027739863982));
#11265=CARTESIAN_POINT('Origin',(-55.9499999999999,3.47219347341002,-57.2270380551037));
#11266=CARTESIAN_POINT('',(-56.3999999999999,-8.92188951764233,-57.6770380551037));
#11267=CARTESIAN_POINT('',(-56.3999999999999,3.47219347341002,-57.6770380551037));
#11268=CARTESIAN_POINT('',(-56.0257359312941,-8.74824054920099,-57.3027739863979));
#11269=CARTESIAN_POINT('Origin',(-56.4500000000046,-8.32397648048766,-57.7270380551084));
#11270=CARTESIAN_POINT('',(-55.4999999999999,-8.22250461791025,-56.7770380551037));
#11271=CARTESIAN_POINT('',(-53.8508836514522,-6.57338826937345,-55.1279217065559));
#11272=CARTESIAN_POINT('',(-55.4999999999999,7.370426170517,-56.7770380551037));
#11273=CARTESIAN_POINT('',(-55.4999999999999,3.47219347341002,-56.7770380551037));
#11274=CARTESIAN_POINT('',(-55.4669612171539,7.33738738767129,-56.7439992722577));
#11275=CARTESIAN_POINT('Origin',(-56.3999999999999,-0.426039223696955,-57.7270380551068));
#11276=CARTESIAN_POINT('',(-56.3999999999999,-8.92188951764259,-57.77703805511));
#11277=CARTESIAN_POINT('',(-56.3999999999999,-4.32427192080168,-57.77703805511));
#11278=CARTESIAN_POINT('Origin',(-56.3999999999999,-8.32397648048766,-57.7270380551084));
#11279=CARTESIAN_POINT('Origin',(-55.9499999999999,-4.32427192080168,-58.22703805511));
#11280=CARTESIAN_POINT('',(-55.4999999999999,7.37042617051184,-58.67703805511));
#11281=CARTESIAN_POINT('',(-53.8508836514409,5.72130982193977,-60.326154403669));
#11282=CARTESIAN_POINT('',(-55.4999999999999,-8.22250461790641,-58.67703805511));
#11283=CARTESIAN_POINT('',(-55.4999999999999,-4.32427192080168,-58.67703805511));
#11284=CARTESIAN_POINT('',(-56.0257359312882,-8.74824054919818,-58.1513021238217));
#11285=CARTESIAN_POINT('',(-55.4669612171467,-8.18946583505296,-58.7100768379633));
#11286=CARTESIAN_POINT('Origin',(-56.4500000000015,-8.32397648048766,-57.7270380551084));
#11287=CARTESIAN_POINT('Origin',(-56.3999999999999,-8.32397648048766,-57.7270380551084));
#11288=CARTESIAN_POINT('',(47.2931875126114,-8.74824054919818,-58.1513021238217));
#11289=CARTESIAN_POINT('',(47.2931875126055,-8.74824054920099,-57.3027739863979));
#11290=CARTESIAN_POINT('Origin',(48.1863750256808,-8.32397648048766,-57.7270380551084));
#11291=CARTESIAN_POINT('',(-56.3999999999999,-8.74824054920099,-57.3027739863979));
#11292=CARTESIAN_POINT('',(-56.3999999999999,-8.74824054919818,-58.1513021238217));
#11293=CARTESIAN_POINT('Origin',(-56.3999999999999,-9.17250461791151,-57.7270380551112));
#11294=CARTESIAN_POINT('',(48.3999999999999,-8.22250461768546,-58.67703805511));
#11295=CARTESIAN_POINT('',(-56.3999999999999,-8.22250461790641,-58.67703805511));
#11296=CARTESIAN_POINT('',(11.1377260981429,-25.9220847211746,-40.9774579519588));
#11297=CARTESIAN_POINT('Origin',(-56.3999999999999,-8.22250461790641,-58.67703805511));
#11298=CARTESIAN_POINT('',(48.3999999999999,7.37042617051188,-58.67703805511));
#11299=CARTESIAN_POINT('',(-56.3999999999999,7.37042617051184,-58.67703805511));
#11300=CARTESIAN_POINT('',(58.3999999999999,7.37042617051188,-58.67703805511));
#11301=CARTESIAN_POINT('',(-56.3999999999999,7.37042617051184,-58.67703805511));
#11302=CARTESIAN_POINT('',(58.3999999999999,8.42397956133042,-58.67703805511));
#11303=CARTESIAN_POINT('',(58.3999999999999,-10.7260580085045,-58.67703805511));
#11304=CARTESIAN_POINT('',(59.8499999999999,9.87397956133042,-58.67703805511));
#11305=CARTESIAN_POINT('',(25.9008789551908,-24.0751414834787,-58.67703805511));
#11306=CARTESIAN_POINT('',(60.4447893866072,9.873979561331,-58.67703805511));
#11307=CARTESIAN_POINT('',(63.1999999999997,9.87397956133042,-58.67703805511));
#11308=CARTESIAN_POINT('',(64.7704920126773,7.83582548657192,-58.67703805511));
#11309=CARTESIAN_POINT('',(18.287728526788,29.7372463641594,-58.67703805511));
#11310=CARTESIAN_POINT('',(64.7999999999997,7.82038972284514,-58.67703805511));
#11311=CARTESIAN_POINT('Origin',(64.5999999999998,7.4739795613313,-58.67703805511));
#11312=CARTESIAN_POINT('',(64.7999999999998,-8.67246817001858,-58.67703805511));
#11313=CARTESIAN_POINT('',(64.7999999999998,-4.32427192080102,-58.67703805511));
#11314=CARTESIAN_POINT('',(64.7704920126774,-8.68790393374536,-58.67703805511));
#11315=CARTESIAN_POINT('Origin',(64.5999999999998,-8.32605800850475,-58.67703805511));
#11316=CARTESIAN_POINT('',(60.4447893866073,-10.7260580085045,-58.67703805511));
#11317=CARTESIAN_POINT('',(15.2816141752591,-32.00572458367,-58.67703805511));
#11318=CARTESIAN_POINT('',(58.3999999999999,-10.7260580085045,-58.67703805511));
#11319=CARTESIAN_POINT('',(-56.3999999999999,-10.7260580085045,-58.67703805511));
#11320=CARTESIAN_POINT('',(58.3999999999999,-8.22250461768538,-58.67703805511));
#11321=CARTESIAN_POINT('',(58.3999999999999,-10.7260580085045,-58.67703805511));
#11322=CARTESIAN_POINT('',(-56.3999999999999,-8.22250461790641,-58.67703805511));
#11323=CARTESIAN_POINT('',(57.5156601391318,-4.98013305255664,-58.67703805511));
#11324=CARTESIAN_POINT('Origin',(60.6406601391318,-4.98013305255664,-58.67703805511));
#11325=CARTESIAN_POINT('',(57.5156601391318,4.18159614485956,-58.67703805511));
#11326=CARTESIAN_POINT('Origin',(60.6406601391318,4.18159614485956,-58.67703805511));
#11327=CARTESIAN_POINT('',(54.8262198330522,-7.30397401839379,-58.67703805511));
#11328=CARTESIAN_POINT('',(54.8262198330522,-5.70397401839379,-58.67703805511));
#11329=CARTESIAN_POINT('',(54.8262198330522,-7.7632393181501,-58.67703805511));
#11330=CARTESIAN_POINT('',(46.8262198330522,-5.70397401839379,-58.67703805511));
#11331=CARTESIAN_POINT('',(-0.786890083473848,-5.70397401839379,-58.67703805511));
#11332=CARTESIAN_POINT('',(46.8262198330522,-7.30397401839379,-58.67703805511));
#11333=CARTESIAN_POINT('',(46.8262198330522,-6.9632393181501,-58.67703805511));
#11334=CARTESIAN_POINT('',(-4.78689008347385,-7.30397401839379,-58.67703805511));
#11335=CARTESIAN_POINT('',(46.4262198330522,-7.3039740183936,-58.67703805511));
#11336=CARTESIAN_POINT('',(46.4262198330522,-5.7039740183936,-58.67703805511));
#11337=CARTESIAN_POINT('',(46.4262198330522,-7.76323931815001,-58.67703805511));
#11338=CARTESIAN_POINT('',(38.4262198330522,-5.7039740183936,-58.67703805511));
#11339=CARTESIAN_POINT('',(-4.98689008347385,-5.7039740183936,-58.67703805511));
#11340=CARTESIAN_POINT('',(38.4262198330522,-7.3039740183936,-58.67703805511));
#11341=CARTESIAN_POINT('',(38.4262198330522,-6.96323931815001,-58.67703805511));
#11342=CARTESIAN_POINT('',(-8.98689008347385,-7.3039740183936,-58.67703805511));
#11343=CARTESIAN_POINT('',(38.0262198330522,-7.30397401839341,-58.67703805511));
#11344=CARTESIAN_POINT('',(38.0262198330522,-5.70397401839341,-58.67703805511));
#11345=CARTESIAN_POINT('',(38.0262198330522,-7.76323931814991,-58.67703805511));
#11346=CARTESIAN_POINT('',(30.0262198330522,-5.70397401839341,-58.67703805511));
#11347=CARTESIAN_POINT('',(-9.18689008347385,-5.70397401839341,-58.67703805511));
#11348=CARTESIAN_POINT('',(30.0262198330522,-7.30397401839341,-58.67703805511));
#11349=CARTESIAN_POINT('',(30.0262198330522,-6.96323931814991,-58.67703805511));
#11350=CARTESIAN_POINT('',(-13.1868900834738,-7.30397401839341,-58.67703805511));
#11351=CARTESIAN_POINT('',(29.6262198330522,-7.30397401839322,-58.67703805511));
#11352=CARTESIAN_POINT('',(29.6262198330522,-5.70397401839322,-58.67703805511));
#11353=CARTESIAN_POINT('',(29.6262198330522,-7.76323931814981,-58.67703805511));
#11354=CARTESIAN_POINT('',(21.6262198330522,-5.70397401839322,-58.67703805511));
#11355=CARTESIAN_POINT('',(-13.3868900834738,-5.70397401839322,-58.67703805511));
#11356=CARTESIAN_POINT('',(21.6262198330522,-7.30397401839322,-58.67703805511));
#11357=CARTESIAN_POINT('',(21.6262198330522,-6.96323931814982,-58.67703805511));
#11358=CARTESIAN_POINT('',(-17.3868900834738,-7.30397401839322,-58.67703805511));
#11359=CARTESIAN_POINT('',(21.2262198330522,-7.30397401839303,-58.67703805511));
#11360=CARTESIAN_POINT('',(21.2262198330522,-5.70397401839303,-58.67703805511));
#11361=CARTESIAN_POINT('',(21.2262198330522,-7.76323931814972,-58.67703805511));
#11362=CARTESIAN_POINT('',(13.2262198330522,-5.70397401839303,-58.67703805511));
#11363=CARTESIAN_POINT('',(-17.5868900834739,-5.70397401839303,-58.67703805511));
#11364=CARTESIAN_POINT('',(13.2262198330522,-7.30397401839303,-58.67703805511));
#11365=CARTESIAN_POINT('',(13.2262198330522,-6.96323931814972,-58.67703805511));
#11366=CARTESIAN_POINT('',(-21.5868900834738,-7.30397401839303,-58.67703805511));
#11367=CARTESIAN_POINT('',(12.8262198330522,-7.30397401839284,-58.67703805511));
#11368=CARTESIAN_POINT('',(12.8262198330522,-5.70397401839284,-58.67703805511));
#11369=CARTESIAN_POINT('',(12.8262198330522,-7.76323931814963,-58.67703805511));
#11370=CARTESIAN_POINT('',(4.8262198330522,-5.70397401839284,-58.67703805511));
#11371=CARTESIAN_POINT('',(-21.7868900834738,-5.70397401839284,-58.67703805511));
#11372=CARTESIAN_POINT('',(4.8262198330522,-7.30397401839284,-58.67703805511));
#11373=CARTESIAN_POINT('',(4.8262198330522,-6.96323931814963,-58.67703805511));
#11374=CARTESIAN_POINT('',(-25.7868900834738,-7.30397401839284,-58.67703805511));
#11375=CARTESIAN_POINT('',(4.4262198330522,-7.30397401839265,-58.67703805511));
#11376=CARTESIAN_POINT('',(4.4262198330522,-5.70397401839265,-58.67703805511));
#11377=CARTESIAN_POINT('',(4.4262198330522,-7.76323931814953,-58.67703805511));
#11378=CARTESIAN_POINT('',(-3.5737801669478,-5.70397401839265,-58.67703805511));
#11379=CARTESIAN_POINT('',(-25.9868900834738,-5.70397401839265,-58.67703805511));
#11380=CARTESIAN_POINT('',(-3.5737801669478,-7.30397401839265,-58.67703805511));
#11381=CARTESIAN_POINT('',(-3.5737801669478,-6.96323931814953,-58.67703805511));
#11382=CARTESIAN_POINT('',(-29.9868900834738,-7.30397401839265,-58.67703805511));
#11383=CARTESIAN_POINT('',(-3.9737801669478,-7.30397401839246,-58.67703805511));
#11384=CARTESIAN_POINT('',(-3.9737801669478,-5.70397401839246,-58.67703805511));
#11385=CARTESIAN_POINT('',(-3.9737801669478,-7.76323931814944,-58.67703805511));
#11386=CARTESIAN_POINT('',(-11.9737801669478,-5.70397401839246,-58.67703805511));
#11387=CARTESIAN_POINT('',(-30.1868900834738,-5.70397401839246,-58.67703805511));
#11388=CARTESIAN_POINT('',(-11.9737801669478,-7.30397401839246,-58.67703805511));
#11389=CARTESIAN_POINT('',(-11.9737801669478,-6.96323931814943,-58.67703805511));
#11390=CARTESIAN_POINT('',(-34.1868900834738,-7.30397401839246,-58.67703805511));
#11391=CARTESIAN_POINT('',(-12.3737801669478,-7.30397401839227,-58.67703805511));
#11392=CARTESIAN_POINT('',(-12.3737801669478,-5.70397401839227,-58.67703805511));
#11393=CARTESIAN_POINT('',(-12.3737801669478,-7.76323931814934,-58.67703805511));
#11394=CARTESIAN_POINT('',(-20.3737801669478,-5.70397401839227,-58.67703805511));
#11395=CARTESIAN_POINT('',(-34.3868900834739,-5.70397401839227,-58.67703805511));
#11396=CARTESIAN_POINT('',(-20.3737801669478,-7.30397401839227,-58.67703805511));
#11397=CARTESIAN_POINT('',(-20.3737801669478,-6.96323931814934,-58.67703805511));
#11398=CARTESIAN_POINT('',(-38.3868900834739,-7.30397401839227,-58.67703805511));
#11399=CARTESIAN_POINT('',(-20.7737801669478,-7.30397401839208,-58.67703805511));
#11400=CARTESIAN_POINT('',(-20.7737801669478,-5.70397401839208,-58.67703805511));
#11401=CARTESIAN_POINT('',(-20.7737801669478,-7.76323931814924,-58.67703805511));
#11402=CARTESIAN_POINT('',(-28.7737801669478,-5.70397401839208,-58.67703805511));
#11403=CARTESIAN_POINT('',(-38.5868900834738,-5.70397401839208,-58.67703805511));
#11404=CARTESIAN_POINT('',(-28.7737801669478,-7.30397401839208,-58.67703805511));
#11405=CARTESIAN_POINT('',(-28.7737801669478,-6.96323931814924,-58.67703805511));
#11406=CARTESIAN_POINT('',(-42.5868900834739,-7.30397401839208,-58.67703805511));
#11407=CARTESIAN_POINT('',(-29.1737801669478,-7.30397401839189,-58.67703805511));
#11408=CARTESIAN_POINT('',(-29.1737801669478,-5.70397401839189,-58.67703805511));
#11409=CARTESIAN_POINT('',(-29.1737801669478,-7.76323931814915,-58.67703805511));
#11410=CARTESIAN_POINT('',(-37.1737801669478,-5.70397401839189,-58.67703805511));
#11411=CARTESIAN_POINT('',(-42.7868900834738,-5.70397401839189,-58.67703805511));
#11412=CARTESIAN_POINT('',(-37.1737801669478,-7.30397401839189,-58.67703805511));
#11413=CARTESIAN_POINT('',(-37.1737801669478,-6.96323931814915,-58.67703805511));
#11414=CARTESIAN_POINT('',(-46.7868900834738,-7.30397401839189,-58.67703805511));
#11415=CARTESIAN_POINT('',(-37.5737801669478,-7.3039740183917,-58.67703805511));
#11416=CARTESIAN_POINT('',(-37.5737801669478,-5.7039740183917,-58.67703805511));
#11417=CARTESIAN_POINT('',(-37.5737801669478,-7.76323931814906,-58.67703805511));
#11418=CARTESIAN_POINT('',(-45.5737801669478,-5.7039740183917,-58.67703805511));
#11419=CARTESIAN_POINT('',(-46.9868900834739,-5.7039740183917,-58.67703805511));
#11420=CARTESIAN_POINT('',(-45.5737801669478,-7.3039740183917,-58.67703805511));
#11421=CARTESIAN_POINT('',(-45.5737801669478,-6.96323931814906,-58.67703805511));
#11422=CARTESIAN_POINT('',(-50.9868900834739,-7.3039740183917,-58.67703805511));
#11423=CARTESIAN_POINT('',(-45.9737801669478,-7.30397401839151,-58.67703805511));
#11424=CARTESIAN_POINT('',(-45.9737801669478,-5.70397401839151,-58.67703805511));
#11425=CARTESIAN_POINT('',(-45.9737801669478,-7.76323931814896,-58.67703805511));
#11426=CARTESIAN_POINT('',(-53.9737801669478,-5.70397401839151,-58.67703805511));
#11427=CARTESIAN_POINT('',(-51.1868900834739,-5.70397401839151,-58.67703805511));
#11428=CARTESIAN_POINT('',(-53.9737801669478,-7.30397401839151,-58.67703805511));
#11429=CARTESIAN_POINT('',(-53.9737801669478,-6.96323931814896,-58.67703805511));
#11430=CARTESIAN_POINT('',(-55.1868900834739,-7.30397401839151,-58.67703805511));
#11431=CARTESIAN_POINT('',(54.8262198330515,-5.30397401839379,-58.67703805511));
#11432=CARTESIAN_POINT('',(54.8262198330515,-3.70397401839379,-58.67703805511));
#11433=CARTESIAN_POINT('',(54.8262198330515,-6.7632393181501,-58.67703805511));
#11434=CARTESIAN_POINT('',(46.8262198330515,-3.70397401839379,-58.67703805511));
#11435=CARTESIAN_POINT('',(-0.786890083474177,-3.70397401839379,-58.67703805511));
#11436=CARTESIAN_POINT('',(46.8262198330515,-5.30397401839379,-58.67703805511));
#11437=CARTESIAN_POINT('',(46.8262198330515,-5.9632393181501,-58.67703805511));
#11438=CARTESIAN_POINT('',(-4.78689008347418,-5.30397401839379,-58.67703805511));
#11439=CARTESIAN_POINT('',(46.4262198330515,-5.3039740183936,-58.67703805511));
#11440=CARTESIAN_POINT('',(46.4262198330515,-3.7039740183936,-58.67703805511));
#11441=CARTESIAN_POINT('',(46.4262198330515,-6.76323931815,-58.67703805511));
#11442=CARTESIAN_POINT('',(38.4262198330515,-3.7039740183936,-58.67703805511));
#11443=CARTESIAN_POINT('',(-4.98689008347418,-3.7039740183936,-58.67703805511));
#11444=CARTESIAN_POINT('',(38.4262198330515,-5.3039740183936,-58.67703805511));
#11445=CARTESIAN_POINT('',(38.4262198330515,-5.96323931815001,-58.67703805511));
#11446=CARTESIAN_POINT('',(-8.98689008347418,-5.3039740183936,-58.67703805511));
#11447=CARTESIAN_POINT('',(38.0262198330515,-5.30397401839341,-58.67703805511));
#11448=CARTESIAN_POINT('',(38.0262198330515,-3.70397401839341,-58.67703805511));
#11449=CARTESIAN_POINT('',(38.0262198330515,-6.76323931814991,-58.67703805511));
#11450=CARTESIAN_POINT('',(30.0262198330515,-3.70397401839341,-58.67703805511));
#11451=CARTESIAN_POINT('',(-9.18689008347418,-3.70397401839341,-58.67703805511));
#11452=CARTESIAN_POINT('',(30.0262198330515,-5.30397401839341,-58.67703805511));
#11453=CARTESIAN_POINT('',(30.0262198330515,-5.96323931814991,-58.67703805511));
#11454=CARTESIAN_POINT('',(-13.1868900834742,-5.30397401839341,-58.67703805511));
#11455=CARTESIAN_POINT('',(29.6262198330515,-5.30397401839322,-58.67703805511));
#11456=CARTESIAN_POINT('',(29.6262198330515,-3.70397401839322,-58.67703805511));
#11457=CARTESIAN_POINT('',(29.6262198330515,-6.76323931814982,-58.67703805511));
#11458=CARTESIAN_POINT('',(21.6262198330515,-3.70397401839322,-58.67703805511));
#11459=CARTESIAN_POINT('',(-13.3868900834742,-3.70397401839322,-58.67703805511));
#11460=CARTESIAN_POINT('',(21.6262198330515,-5.30397401839322,-58.67703805511));
#11461=CARTESIAN_POINT('',(21.6262198330515,-5.96323931814982,-58.67703805511));
#11462=CARTESIAN_POINT('',(-17.3868900834742,-5.30397401839322,-58.67703805511));
#11463=CARTESIAN_POINT('',(21.2262198330515,-5.30397401839303,-58.67703805511));
#11464=CARTESIAN_POINT('',(21.2262198330515,-3.70397401839303,-58.67703805511));
#11465=CARTESIAN_POINT('',(21.2262198330515,-6.76323931814972,-58.67703805511));
#11466=CARTESIAN_POINT('',(13.2262198330515,-3.70397401839303,-58.67703805511));
#11467=CARTESIAN_POINT('',(-17.5868900834742,-3.70397401839303,-58.67703805511));
#11468=CARTESIAN_POINT('',(13.2262198330515,-5.30397401839303,-58.67703805511));
#11469=CARTESIAN_POINT('',(13.2262198330515,-5.96323931814972,-58.67703805511));
#11470=CARTESIAN_POINT('',(-21.5868900834742,-5.30397401839303,-58.67703805511));
#11471=CARTESIAN_POINT('',(12.8262198330515,-5.30397401839284,-58.67703805511));
#11472=CARTESIAN_POINT('',(12.8262198330515,-3.70397401839284,-58.67703805511));
#11473=CARTESIAN_POINT('',(12.8262198330515,-6.76323931814963,-58.67703805511));
#11474=CARTESIAN_POINT('',(4.82621983305154,-3.70397401839284,-58.67703805511));
#11475=CARTESIAN_POINT('',(-21.7868900834742,-3.70397401839284,-58.67703805511));
#11476=CARTESIAN_POINT('',(4.82621983305154,-5.30397401839284,-58.67703805511));
#11477=CARTESIAN_POINT('',(4.82621983305154,-5.96323931814963,-58.67703805511));
#11478=CARTESIAN_POINT('',(-25.7868900834742,-5.30397401839284,-58.67703805511));
#11479=CARTESIAN_POINT('',(4.42621983305154,-5.30397401839265,-58.67703805511));
#11480=CARTESIAN_POINT('',(4.42621983305154,-3.70397401839265,-58.67703805511));
#11481=CARTESIAN_POINT('',(4.42621983305154,-6.76323931814953,-58.67703805511));
#11482=CARTESIAN_POINT('',(-3.57378016694846,-3.70397401839265,-58.67703805511));
#11483=CARTESIAN_POINT('',(-25.9868900834742,-3.70397401839265,-58.67703805511));
#11484=CARTESIAN_POINT('',(-3.57378016694846,-5.30397401839265,-58.67703805511));
#11485=CARTESIAN_POINT('',(-3.57378016694846,-5.96323931814953,-58.67703805511));
#11486=CARTESIAN_POINT('',(-29.9868900834742,-5.30397401839265,-58.67703805511));
#11487=CARTESIAN_POINT('',(-3.97378016694846,-5.30397401839246,-58.67703805511));
#11488=CARTESIAN_POINT('',(-3.97378016694846,-3.70397401839246,-58.67703805511));
#11489=CARTESIAN_POINT('',(-3.97378016694846,-6.76323931814943,-58.67703805511));
#11490=CARTESIAN_POINT('',(-11.9737801669485,-3.70397401839246,-58.67703805511));
#11491=CARTESIAN_POINT('',(-30.1868900834742,-3.70397401839246,-58.67703805511));
#11492=CARTESIAN_POINT('',(-11.9737801669485,-5.30397401839246,-58.67703805511));
#11493=CARTESIAN_POINT('',(-11.9737801669485,-5.96323931814943,-58.67703805511));
#11494=CARTESIAN_POINT('',(-34.1868900834742,-5.30397401839246,-58.67703805511));
#11495=CARTESIAN_POINT('',(-12.3737801669485,-5.30397401839227,-58.67703805511));
#11496=CARTESIAN_POINT('',(-12.3737801669485,-3.70397401839227,-58.67703805511));
#11497=CARTESIAN_POINT('',(-12.3737801669485,-6.76323931814934,-58.67703805511));
#11498=CARTESIAN_POINT('',(-20.3737801669485,-3.70397401839227,-58.67703805511));
#11499=CARTESIAN_POINT('',(-34.3868900834742,-3.70397401839227,-58.67703805511));
#11500=CARTESIAN_POINT('',(-20.3737801669485,-5.30397401839227,-58.67703805511));
#11501=CARTESIAN_POINT('',(-20.3737801669485,-5.96323931814934,-58.67703805511));
#11502=CARTESIAN_POINT('',(-38.3868900834742,-5.30397401839227,-58.67703805511));
#11503=CARTESIAN_POINT('',(-20.7737801669485,-5.30397401839208,-58.67703805511));
#11504=CARTESIAN_POINT('',(-20.7737801669485,-3.70397401839208,-58.67703805511));
#11505=CARTESIAN_POINT('',(-20.7737801669485,-6.76323931814925,-58.67703805511));
#11506=CARTESIAN_POINT('',(-28.7737801669485,-3.70397401839208,-58.67703805511));
#11507=CARTESIAN_POINT('',(-38.5868900834742,-3.70397401839208,-58.67703805511));
#11508=CARTESIAN_POINT('',(-28.7737801669485,-5.30397401839208,-58.67703805511));
#11509=CARTESIAN_POINT('',(-28.7737801669485,-5.96323931814925,-58.67703805511));
#11510=CARTESIAN_POINT('',(-42.5868900834742,-5.30397401839208,-58.67703805511));
#11511=CARTESIAN_POINT('',(-29.1737801669485,-5.30397401839189,-58.67703805511));
#11512=CARTESIAN_POINT('',(-29.1737801669485,-3.70397401839189,-58.67703805511));
#11513=CARTESIAN_POINT('',(-29.1737801669485,-6.76323931814915,-58.67703805511));
#11514=CARTESIAN_POINT('',(-37.1737801669485,-3.70397401839189,-58.67703805511));
#11515=CARTESIAN_POINT('',(-42.7868900834742,-3.70397401839189,-58.67703805511));
#11516=CARTESIAN_POINT('',(-37.1737801669485,-5.30397401839189,-58.67703805511));
#11517=CARTESIAN_POINT('',(-37.1737801669485,-5.96323931814915,-58.67703805511));
#11518=CARTESIAN_POINT('',(-46.7868900834742,-5.30397401839189,-58.67703805511));
#11519=CARTESIAN_POINT('',(-37.5737801669485,-5.3039740183917,-58.67703805511));
#11520=CARTESIAN_POINT('',(-37.5737801669485,-3.7039740183917,-58.67703805511));
#11521=CARTESIAN_POINT('',(-37.5737801669485,-6.76323931814905,-58.67703805511));
#11522=CARTESIAN_POINT('',(-45.5737801669485,-3.7039740183917,-58.67703805511));
#11523=CARTESIAN_POINT('',(-46.9868900834742,-3.7039740183917,-58.67703805511));
#11524=CARTESIAN_POINT('',(-45.5737801669485,-5.3039740183917,-58.67703805511));
#11525=CARTESIAN_POINT('',(-45.5737801669485,-5.96323931814906,-58.67703805511));
#11526=CARTESIAN_POINT('',(-50.9868900834742,-5.3039740183917,-58.67703805511));
#11527=CARTESIAN_POINT('',(-45.9737801669485,-5.30397401839151,-58.67703805511));
#11528=CARTESIAN_POINT('',(-45.9737801669485,-3.70397401839151,-58.67703805511));
#11529=CARTESIAN_POINT('',(-45.9737801669485,-6.76323931814896,-58.67703805511));
#11530=CARTESIAN_POINT('',(-53.9737801669485,-3.70397401839151,-58.67703805511));
#11531=CARTESIAN_POINT('',(-51.1868900834742,-3.70397401839151,-58.67703805511));
#11532=CARTESIAN_POINT('',(-53.9737801669485,-5.30397401839151,-58.67703805511));
#11533=CARTESIAN_POINT('',(-53.9737801669485,-5.96323931814896,-58.67703805511));
#11534=CARTESIAN_POINT('',(-55.1868900834742,-5.30397401839151,-58.67703805511));
#11535=CARTESIAN_POINT('',(54.8262198330509,-3.30397401839379,-58.67703805511));
#11536=CARTESIAN_POINT('',(54.8262198330509,-1.70397401839379,-58.67703805511));
#11537=CARTESIAN_POINT('',(54.8262198330509,-5.7632393181501,-58.67703805511));
#11538=CARTESIAN_POINT('',(46.8262198330509,-1.70397401839379,-58.67703805511));
#11539=CARTESIAN_POINT('',(-0.786890083474505,-1.70397401839379,-58.67703805511));
#11540=CARTESIAN_POINT('',(46.8262198330509,-3.30397401839379,-58.67703805511));
#11541=CARTESIAN_POINT('',(46.8262198330509,-4.9632393181501,-58.67703805511));
#11542=CARTESIAN_POINT('',(-4.78689008347451,-3.30397401839379,-58.67703805511));
#11543=CARTESIAN_POINT('',(46.4262198330509,-3.3039740183936,-58.67703805511));
#11544=CARTESIAN_POINT('',(46.4262198330509,-1.7039740183936,-58.67703805511));
#11545=CARTESIAN_POINT('',(46.4262198330509,-5.76323931815001,-58.67703805511));
#11546=CARTESIAN_POINT('',(38.4262198330509,-1.7039740183936,-58.67703805511));
#11547=CARTESIAN_POINT('',(-4.98689008347451,-1.7039740183936,-58.67703805511));
#11548=CARTESIAN_POINT('',(38.4262198330509,-3.3039740183936,-58.67703805511));
#11549=CARTESIAN_POINT('',(38.4262198330509,-4.96323931815001,-58.67703805511));
#11550=CARTESIAN_POINT('',(-8.98689008347451,-3.3039740183936,-58.67703805511));
#11551=CARTESIAN_POINT('',(38.0262198330509,-3.30397401839341,-58.67703805511));
#11552=CARTESIAN_POINT('',(38.0262198330509,-1.70397401839341,-58.67703805511));
#11553=CARTESIAN_POINT('',(38.0262198330509,-5.76323931814991,-58.67703805511));
#11554=CARTESIAN_POINT('',(30.0262198330509,-1.70397401839341,-58.67703805511));
#11555=CARTESIAN_POINT('',(-9.18689008347451,-1.70397401839341,-58.67703805511));
#11556=CARTESIAN_POINT('',(30.0262198330509,-3.30397401839341,-58.67703805511));
#11557=CARTESIAN_POINT('',(30.0262198330509,-4.96323931814991,-58.67703805511));
#11558=CARTESIAN_POINT('',(-13.1868900834745,-3.30397401839341,-58.67703805511));
#11559=CARTESIAN_POINT('',(29.6262198330509,-3.30397401839322,-58.67703805511));
#11560=CARTESIAN_POINT('',(29.6262198330509,-1.70397401839322,-58.67703805511));
#11561=CARTESIAN_POINT('',(29.6262198330509,-5.76323931814982,-58.67703805511));
#11562=CARTESIAN_POINT('',(21.6262198330509,-1.70397401839322,-58.67703805511));
#11563=CARTESIAN_POINT('',(-13.3868900834745,-1.70397401839322,-58.67703805511));
#11564=CARTESIAN_POINT('',(21.6262198330509,-3.30397401839322,-58.67703805511));
#11565=CARTESIAN_POINT('',(21.6262198330509,-4.96323931814982,-58.67703805511));
#11566=CARTESIAN_POINT('',(-17.3868900834745,-3.30397401839322,-58.67703805511));
#11567=CARTESIAN_POINT('',(21.2262198330509,-3.30397401839303,-58.67703805511));
#11568=CARTESIAN_POINT('',(21.2262198330509,-1.70397401839303,-58.67703805511));
#11569=CARTESIAN_POINT('',(21.2262198330509,-5.76323931814972,-58.67703805511));
#11570=CARTESIAN_POINT('',(13.2262198330509,-1.70397401839303,-58.67703805511));
#11571=CARTESIAN_POINT('',(-17.5868900834745,-1.70397401839303,-58.67703805511));
#11572=CARTESIAN_POINT('',(13.2262198330509,-3.30397401839303,-58.67703805511));
#11573=CARTESIAN_POINT('',(13.2262198330509,-4.96323931814972,-58.67703805511));
#11574=CARTESIAN_POINT('',(-21.5868900834745,-3.30397401839303,-58.67703805511));
#11575=CARTESIAN_POINT('',(12.8262198330509,-3.30397401839284,-58.67703805511));
#11576=CARTESIAN_POINT('',(12.8262198330509,-1.70397401839284,-58.67703805511));
#11577=CARTESIAN_POINT('',(12.8262198330509,-5.76323931814962,-58.67703805511));
#11578=CARTESIAN_POINT('',(4.82621983305087,-1.70397401839284,-58.67703805511));
#11579=CARTESIAN_POINT('',(-21.7868900834745,-1.70397401839284,-58.67703805511));
#11580=CARTESIAN_POINT('',(4.82621983305087,-3.30397401839284,-58.67703805511));
#11581=CARTESIAN_POINT('',(4.82621983305087,-4.96323931814963,-58.67703805511));
#11582=CARTESIAN_POINT('',(-25.7868900834745,-3.30397401839284,-58.67703805511));
#11583=CARTESIAN_POINT('',(4.42621983305087,-3.30397401839265,-58.67703805511));
#11584=CARTESIAN_POINT('',(4.42621983305087,-1.70397401839265,-58.67703805511));
#11585=CARTESIAN_POINT('',(4.42621983305087,-5.76323931814953,-58.67703805511));
#11586=CARTESIAN_POINT('',(-3.57378016694913,-1.70397401839265,-58.67703805511));
#11587=CARTESIAN_POINT('',(-25.9868900834745,-1.70397401839265,-58.67703805511));
#11588=CARTESIAN_POINT('',(-3.57378016694913,-3.30397401839265,-58.67703805511));
#11589=CARTESIAN_POINT('',(-3.57378016694913,-4.96323931814953,-58.67703805511));
#11590=CARTESIAN_POINT('',(-29.9868900834745,-3.30397401839265,-58.67703805511));
#11591=CARTESIAN_POINT('',(-3.97378016694913,-3.30397401839246,-58.67703805511));
#11592=CARTESIAN_POINT('',(-3.97378016694913,-1.70397401839246,-58.67703805511));
#11593=CARTESIAN_POINT('',(-3.97378016694913,-5.76323931814944,-58.67703805511));
#11594=CARTESIAN_POINT('',(-11.9737801669491,-1.70397401839246,-58.67703805511));
#11595=CARTESIAN_POINT('',(-30.1868900834745,-1.70397401839246,-58.67703805511));
#11596=CARTESIAN_POINT('',(-11.9737801669491,-3.30397401839246,-58.67703805511));
#11597=CARTESIAN_POINT('',(-11.9737801669491,-4.96323931814944,-58.67703805511));
#11598=CARTESIAN_POINT('',(-34.1868900834745,-3.30397401839246,-58.67703805511));
#11599=CARTESIAN_POINT('',(-12.3737801669491,-3.30397401839227,-58.67703805511));
#11600=CARTESIAN_POINT('',(-12.3737801669491,-1.70397401839227,-58.67703805511));
#11601=CARTESIAN_POINT('',(-12.3737801669491,-5.76323931814934,-58.67703805511));
#11602=CARTESIAN_POINT('',(-20.3737801669491,-1.70397401839227,-58.67703805511));
#11603=CARTESIAN_POINT('',(-34.3868900834745,-1.70397401839227,-58.67703805511));
#11604=CARTESIAN_POINT('',(-20.3737801669491,-3.30397401839227,-58.67703805511));
#11605=CARTESIAN_POINT('',(-20.3737801669491,-4.96323931814934,-58.67703805511));
#11606=CARTESIAN_POINT('',(-38.3868900834745,-3.30397401839227,-58.67703805511));
#11607=CARTESIAN_POINT('',(-20.7737801669491,-3.30397401839208,-58.67703805511));
#11608=CARTESIAN_POINT('',(-20.7737801669491,-1.70397401839208,-58.67703805511));
#11609=CARTESIAN_POINT('',(-20.7737801669491,-5.76323931814924,-58.67703805511));
#11610=CARTESIAN_POINT('',(-28.7737801669491,-1.70397401839208,-58.67703805511));
#11611=CARTESIAN_POINT('',(-38.5868900834745,-1.70397401839208,-58.67703805511));
#11612=CARTESIAN_POINT('',(-28.7737801669491,-3.30397401839208,-58.67703805511));
#11613=CARTESIAN_POINT('',(-28.7737801669491,-4.96323931814925,-58.67703805511));
#11614=CARTESIAN_POINT('',(-42.5868900834745,-3.30397401839208,-58.67703805511));
#11615=CARTESIAN_POINT('',(-29.1737801669491,-3.30397401839189,-58.67703805511));
#11616=CARTESIAN_POINT('',(-29.1737801669491,-1.70397401839189,-58.67703805511));
#11617=CARTESIAN_POINT('',(-29.1737801669491,-5.76323931814915,-58.67703805511));
#11618=CARTESIAN_POINT('',(-37.1737801669491,-1.70397401839189,-58.67703805511));
#11619=CARTESIAN_POINT('',(-42.7868900834745,-1.70397401839189,-58.67703805511));
#11620=CARTESIAN_POINT('',(-37.1737801669491,-3.30397401839189,-58.67703805511));
#11621=CARTESIAN_POINT('',(-37.1737801669491,-4.96323931814915,-58.67703805511));
#11622=CARTESIAN_POINT('',(-46.7868900834745,-3.30397401839189,-58.67703805511));
#11623=CARTESIAN_POINT('',(-37.5737801669491,-3.3039740183917,-58.67703805511));
#11624=CARTESIAN_POINT('',(-37.5737801669491,-1.7039740183917,-58.67703805511));
#11625=CARTESIAN_POINT('',(-37.5737801669491,-5.76323931814906,-58.67703805511));
#11626=CARTESIAN_POINT('',(-45.5737801669491,-1.7039740183917,-58.67703805511));
#11627=CARTESIAN_POINT('',(-46.9868900834745,-1.7039740183917,-58.67703805511));
#11628=CARTESIAN_POINT('',(-45.5737801669491,-3.3039740183917,-58.67703805511));
#11629=CARTESIAN_POINT('',(-45.5737801669491,-4.96323931814905,-58.67703805511));
#11630=CARTESIAN_POINT('',(-50.9868900834745,-3.3039740183917,-58.67703805511));
#11631=CARTESIAN_POINT('',(-45.9737801669491,-3.30397401839151,-58.67703805511));
#11632=CARTESIAN_POINT('',(-45.9737801669491,-1.70397401839151,-58.67703805511));
#11633=CARTESIAN_POINT('',(-45.9737801669491,-5.76323931814896,-58.67703805511));
#11634=CARTESIAN_POINT('',(-53.9737801669491,-1.70397401839151,-58.67703805511));
#11635=CARTESIAN_POINT('',(-51.1868900834745,-1.70397401839151,-58.67703805511));
#11636=CARTESIAN_POINT('',(-53.9737801669491,-3.30397401839151,-58.67703805511));
#11637=CARTESIAN_POINT('',(-53.9737801669491,-4.96323931814896,-58.67703805511));
#11638=CARTESIAN_POINT('',(-55.1868900834745,-3.30397401839151,-58.67703805511));
#11639=CARTESIAN_POINT('',(54.8262198330502,-1.30397401839379,-58.67703805511));
#11640=CARTESIAN_POINT('',(54.8262198330502,0.296025981606212,-58.67703805511));
#11641=CARTESIAN_POINT('',(54.8262198330502,-4.7632393181501,-58.67703805511));
#11642=CARTESIAN_POINT('',(46.8262198330502,0.296025981606212,-58.67703805511));
#11643=CARTESIAN_POINT('',(-0.786890083474843,0.296025981606212,-58.67703805511));
#11644=CARTESIAN_POINT('',(46.8262198330502,-1.30397401839379,-58.67703805511));
#11645=CARTESIAN_POINT('',(46.8262198330502,-3.9632393181501,-58.67703805511));
#11646=CARTESIAN_POINT('',(-4.78689008347484,-1.30397401839379,-58.67703805511));
#11647=CARTESIAN_POINT('',(46.4262198330502,-1.3039740183936,-58.67703805511));
#11648=CARTESIAN_POINT('',(46.4262198330502,0.296025981606402,-58.67703805511));
#11649=CARTESIAN_POINT('',(46.4262198330502,-4.76323931815001,-58.67703805511));
#11650=CARTESIAN_POINT('',(38.4262198330502,0.296025981606402,-58.67703805511));
#11651=CARTESIAN_POINT('',(-4.98689008347484,0.296025981606402,-58.67703805511));
#11652=CARTESIAN_POINT('',(38.4262198330502,-1.3039740183936,-58.67703805511));
#11653=CARTESIAN_POINT('',(38.4262198330502,-3.96323931815001,-58.67703805511));
#11654=CARTESIAN_POINT('',(-8.98689008347485,-1.3039740183936,-58.67703805511));
#11655=CARTESIAN_POINT('',(38.0262198330502,-1.30397401839341,-58.67703805511));
#11656=CARTESIAN_POINT('',(38.0262198330502,0.296025981606593,-58.67703805511));
#11657=CARTESIAN_POINT('',(38.0262198330502,-4.76323931814991,-58.67703805511));
#11658=CARTESIAN_POINT('',(30.0262198330502,0.296025981606593,-58.67703805511));
#11659=CARTESIAN_POINT('',(-9.18689008347484,0.296025981606593,-58.67703805511));
#11660=CARTESIAN_POINT('',(30.0262198330502,-1.30397401839341,-58.67703805511));
#11661=CARTESIAN_POINT('',(30.0262198330502,-3.96323931814991,-58.67703805511));
#11662=CARTESIAN_POINT('',(-13.1868900834748,-1.30397401839341,-58.67703805511));
#11663=CARTESIAN_POINT('',(29.6262198330502,-1.30397401839322,-58.67703805511));
#11664=CARTESIAN_POINT('',(29.6262198330502,0.296025981606783,-58.67703805511));
#11665=CARTESIAN_POINT('',(29.6262198330502,-4.76323931814982,-58.67703805511));
#11666=CARTESIAN_POINT('',(21.6262198330502,0.296025981606783,-58.67703805511));
#11667=CARTESIAN_POINT('',(-13.3868900834748,0.296025981606783,-58.67703805511));
#11668=CARTESIAN_POINT('',(21.6262198330502,-1.30397401839322,-58.67703805511));
#11669=CARTESIAN_POINT('',(21.6262198330502,-3.96323931814982,-58.67703805511));
#11670=CARTESIAN_POINT('',(-17.3868900834748,-1.30397401839322,-58.67703805511));
#11671=CARTESIAN_POINT('',(21.2262198330502,-1.30397401839303,-58.67703805511));
#11672=CARTESIAN_POINT('',(21.2262198330502,0.296025981606973,-58.67703805511));
#11673=CARTESIAN_POINT('',(21.2262198330502,-4.76323931814972,-58.67703805511));
#11674=CARTESIAN_POINT('',(13.2262198330502,0.296025981606973,-58.67703805511));
#11675=CARTESIAN_POINT('',(-17.5868900834748,0.296025981606973,-58.67703805511));
#11676=CARTESIAN_POINT('',(13.2262198330502,-1.30397401839303,-58.67703805511));
#11677=CARTESIAN_POINT('',(13.2262198330502,-3.96323931814972,-58.67703805511));
#11678=CARTESIAN_POINT('',(-21.5868900834748,-1.30397401839303,-58.67703805511));
#11679=CARTESIAN_POINT('',(12.8262198330502,-1.30397401839284,-58.67703805511));
#11680=CARTESIAN_POINT('',(12.8262198330502,0.296025981607163,-58.67703805511));
#11681=CARTESIAN_POINT('',(12.8262198330502,-4.76323931814963,-58.67703805511));
#11682=CARTESIAN_POINT('',(4.82621983305021,0.296025981607163,-58.67703805511));
#11683=CARTESIAN_POINT('',(-21.7868900834748,0.296025981607163,-58.67703805511));
#11684=CARTESIAN_POINT('',(4.82621983305021,-1.30397401839284,-58.67703805511));
#11685=CARTESIAN_POINT('',(4.82621983305021,-3.96323931814963,-58.67703805511));
#11686=CARTESIAN_POINT('',(-25.7868900834748,-1.30397401839284,-58.67703805511));
#11687=CARTESIAN_POINT('',(-3.97378016694979,-1.30397401839246,-58.67703805511));
#11688=CARTESIAN_POINT('',(-3.97378016694979,0.296025981607543,-58.67703805511));
#11689=CARTESIAN_POINT('',(-3.97378016694979,-4.76323931814944,-58.67703805511));
#11690=CARTESIAN_POINT('',(-11.9737801669498,0.296025981607543,-58.67703805511));
#11691=CARTESIAN_POINT('',(-30.1868900834748,0.296025981607543,-58.67703805511));
#11692=CARTESIAN_POINT('',(-11.9737801669498,-1.30397401839246,-58.67703805511));
#11693=CARTESIAN_POINT('',(-11.9737801669498,-3.96323931814944,-58.67703805511));
#11694=CARTESIAN_POINT('',(-34.1868900834748,-1.30397401839246,-58.67703805511));
#11695=CARTESIAN_POINT('',(-12.3737801669498,-1.30397401839227,-58.67703805511));
#11696=CARTESIAN_POINT('',(-12.3737801669498,0.296025981607734,-58.67703805511));
#11697=CARTESIAN_POINT('',(-12.3737801669498,-4.76323931814934,-58.67703805511));
#11698=CARTESIAN_POINT('',(-20.3737801669498,0.296025981607734,-58.67703805511));
#11699=CARTESIAN_POINT('',(-34.3868900834748,0.296025981607733,-58.67703805511));
#11700=CARTESIAN_POINT('',(-20.3737801669498,-1.30397401839227,-58.67703805511));
#11701=CARTESIAN_POINT('',(-20.3737801669498,-3.96323931814934,-58.67703805511));
#11702=CARTESIAN_POINT('',(-38.3868900834748,-1.30397401839227,-58.67703805511));
#11703=CARTESIAN_POINT('',(-20.7737801669498,-1.30397401839208,-58.67703805511));
#11704=CARTESIAN_POINT('',(-20.7737801669498,0.296025981607924,-58.67703805511));
#11705=CARTESIAN_POINT('',(-20.7737801669498,-4.76323931814925,-58.67703805511));
#11706=CARTESIAN_POINT('',(-28.7737801669498,0.296025981607924,-58.67703805511));
#11707=CARTESIAN_POINT('',(-38.5868900834748,0.296025981607924,-58.67703805511));
#11708=CARTESIAN_POINT('',(-28.7737801669498,-1.30397401839208,-58.67703805511));
#11709=CARTESIAN_POINT('',(-28.7737801669498,-3.96323931814924,-58.67703805511));
#11710=CARTESIAN_POINT('',(-42.5868900834748,-1.30397401839208,-58.67703805511));
#11711=CARTESIAN_POINT('',(-29.1737801669498,-1.30397401839189,-58.67703805511));
#11712=CARTESIAN_POINT('',(-29.1737801669498,0.296025981608114,-58.67703805511));
#11713=CARTESIAN_POINT('',(-29.1737801669498,-4.76323931814915,-58.67703805511));
#11714=CARTESIAN_POINT('',(-37.1737801669498,0.296025981608114,-58.67703805511));
#11715=CARTESIAN_POINT('',(-42.7868900834748,0.296025981608114,-58.67703805511));
#11716=CARTESIAN_POINT('',(-37.1737801669498,-1.30397401839189,-58.67703805511));
#11717=CARTESIAN_POINT('',(-37.1737801669498,-3.96323931814915,-58.67703805511));
#11718=CARTESIAN_POINT('',(-46.7868900834748,-1.30397401839189,-58.67703805511));
#11719=CARTESIAN_POINT('',(-37.5737801669498,-1.3039740183917,-58.67703805511));
#11720=CARTESIAN_POINT('',(-37.5737801669498,0.296025981608304,-58.67703805511));
#11721=CARTESIAN_POINT('',(-37.5737801669498,-4.76323931814906,-58.67703805511));
#11722=CARTESIAN_POINT('',(-45.5737801669498,0.296025981608304,-58.67703805511));
#11723=CARTESIAN_POINT('',(-46.9868900834748,0.296025981608304,-58.67703805511));
#11724=CARTESIAN_POINT('',(-45.5737801669498,-1.3039740183917,-58.67703805511));
#11725=CARTESIAN_POINT('',(-45.5737801669498,-3.96323931814905,-58.67703805511));
#11726=CARTESIAN_POINT('',(-50.9868900834748,-1.3039740183917,-58.67703805511));
#11727=CARTESIAN_POINT('',(-45.9737801669498,-1.30397401839151,-58.67703805511));
#11728=CARTESIAN_POINT('',(-45.9737801669498,0.296025981608494,-58.67703805511));
#11729=CARTESIAN_POINT('',(-45.9737801669498,-4.76323931814896,-58.67703805511));
#11730=CARTESIAN_POINT('',(-53.9737801669498,0.296025981608494,-58.67703805511));
#11731=CARTESIAN_POINT('',(-51.1868900834749,0.296025981608494,-58.67703805511));
#11732=CARTESIAN_POINT('',(-53.9737801669498,-1.30397401839151,-58.67703805511));
#11733=CARTESIAN_POINT('',(-53.9737801669498,-3.96323931814896,-58.67703805511));
#11734=CARTESIAN_POINT('',(-55.1868900834749,-1.30397401839151,-58.67703805511));
#11735=CARTESIAN_POINT('',(54.8262198330496,0.696025981606212,-58.67703805511));
#11736=CARTESIAN_POINT('',(54.8262198330496,2.29602598160621,-58.67703805511));
#11737=CARTESIAN_POINT('',(54.8262198330496,-3.7632393181501,-58.67703805511));
#11738=CARTESIAN_POINT('',(46.8262198330495,2.29602598160621,-58.67703805511));
#11739=CARTESIAN_POINT('',(-0.786890083475171,2.29602598160621,-58.67703805511));
#11740=CARTESIAN_POINT('',(46.8262198330495,0.696025981606212,-58.67703805511));
#11741=CARTESIAN_POINT('',(46.8262198330495,-2.9632393181501,-58.67703805511));
#11742=CARTESIAN_POINT('',(-4.78689008347517,0.696025981606213,-58.67703805511));
#11743=CARTESIAN_POINT('',(46.4262198330495,0.696025981606402,-58.67703805511));
#11744=CARTESIAN_POINT('',(46.4262198330495,2.2960259816064,-58.67703805511));
#11745=CARTESIAN_POINT('',(46.4262198330495,-3.76323931815001,-58.67703805511));
#11746=CARTESIAN_POINT('',(38.4262198330495,2.2960259816064,-58.67703805511));
#11747=CARTESIAN_POINT('',(-4.98689008347518,2.2960259816064,-58.67703805511));
#11748=CARTESIAN_POINT('',(38.4262198330495,0.696025981606402,-58.67703805511));
#11749=CARTESIAN_POINT('',(38.4262198330495,-2.96323931815001,-58.67703805511));
#11750=CARTESIAN_POINT('',(-8.98689008347518,0.696025981606402,-58.67703805511));
#11751=CARTESIAN_POINT('',(38.0262198330495,0.696025981606593,-58.67703805511));
#11752=CARTESIAN_POINT('',(38.0262198330495,2.29602598160659,-58.67703805511));
#11753=CARTESIAN_POINT('',(38.0262198330495,-3.76323931814991,-58.67703805511));
#11754=CARTESIAN_POINT('',(30.0262198330495,2.29602598160659,-58.67703805511));
#11755=CARTESIAN_POINT('',(-9.18689008347518,2.29602598160659,-58.67703805511));
#11756=CARTESIAN_POINT('',(30.0262198330495,0.696025981606593,-58.67703805511));
#11757=CARTESIAN_POINT('',(30.0262198330495,-2.96323931814991,-58.67703805511));
#11758=CARTESIAN_POINT('',(-13.1868900834752,0.696025981606592,-58.67703805511));
#11759=CARTESIAN_POINT('',(29.6262198330495,0.696025981606783,-58.67703805511));
#11760=CARTESIAN_POINT('',(29.6262198330495,2.29602598160678,-58.67703805511));
#11761=CARTESIAN_POINT('',(29.6262198330495,-3.76323931814982,-58.67703805511));
#11762=CARTESIAN_POINT('',(21.6262198330495,2.29602598160678,-58.67703805511));
#11763=CARTESIAN_POINT('',(-13.3868900834752,2.29602598160678,-58.67703805511));
#11764=CARTESIAN_POINT('',(21.6262198330495,0.696025981606783,-58.67703805511));
#11765=CARTESIAN_POINT('',(21.6262198330495,-2.96323931814982,-58.67703805511));
#11766=CARTESIAN_POINT('',(-17.3868900834752,0.696025981606783,-58.67703805511));
#11767=CARTESIAN_POINT('',(21.2262198330495,0.696025981606973,-58.67703805511));
#11768=CARTESIAN_POINT('',(21.2262198330495,2.29602598160697,-58.67703805511));
#11769=CARTESIAN_POINT('',(21.2262198330495,-3.76323931814972,-58.67703805511));
#11770=CARTESIAN_POINT('',(13.2262198330495,2.29602598160697,-58.67703805511));
#11771=CARTESIAN_POINT('',(-17.5868900834752,2.29602598160697,-58.67703805511));
#11772=CARTESIAN_POINT('',(13.2262198330495,0.696025981606973,-58.67703805511));
#11773=CARTESIAN_POINT('',(13.2262198330495,-2.96323931814972,-58.67703805511));
#11774=CARTESIAN_POINT('',(-21.5868900834752,0.696025981606973,-58.67703805511));
#11775=CARTESIAN_POINT('',(12.8262198330495,0.696025981607163,-58.67703805511));
#11776=CARTESIAN_POINT('',(12.8262198330495,2.29602598160716,-58.67703805511));
#11777=CARTESIAN_POINT('',(12.8262198330495,-3.76323931814963,-58.67703805511));
#11778=CARTESIAN_POINT('',(4.82621983304955,2.29602598160716,-58.67703805511));
#11779=CARTESIAN_POINT('',(-21.7868900834752,2.29602598160716,-58.67703805511));
#11780=CARTESIAN_POINT('',(4.82621983304955,0.696025981607163,-58.67703805511));
#11781=CARTESIAN_POINT('',(4.82621983304955,-2.96323931814963,-58.67703805511));
#11782=CARTESIAN_POINT('',(-25.7868900834752,0.696025981607163,-58.67703805511));
#11783=CARTESIAN_POINT('',(4.42621983304954,0.696025981607353,-58.67703805511));
#11784=CARTESIAN_POINT('',(4.42621983304954,2.29602598160735,-58.67703805511));
#11785=CARTESIAN_POINT('',(4.42621983304955,-3.76323931814953,-58.67703805511));
#11786=CARTESIAN_POINT('',(-3.57378016695046,2.29602598160735,-58.67703805511));
#11787=CARTESIAN_POINT('',(-25.9868900834752,2.29602598160735,-58.67703805511));
#11788=CARTESIAN_POINT('',(-3.57378016695046,0.696025981607353,-58.67703805511));
#11789=CARTESIAN_POINT('',(-3.57378016695046,-2.96323931814953,-58.67703805511));
#11790=CARTESIAN_POINT('',(-29.9868900834752,0.696025981607354,-58.67703805511));
#11791=CARTESIAN_POINT('',(-3.97378016695046,0.696025981607543,-58.67703805511));
#11792=CARTESIAN_POINT('',(-3.97378016695046,2.29602598160754,-58.67703805511));
#11793=CARTESIAN_POINT('',(-3.97378016695045,-3.76323931814944,-58.67703805511));
#11794=CARTESIAN_POINT('',(-11.9737801669505,2.29602598160754,-58.67703805511));
#11795=CARTESIAN_POINT('',(-30.1868900834752,2.29602598160754,-58.67703805511));
#11796=CARTESIAN_POINT('',(-11.9737801669505,0.696025981607543,-58.67703805511));
#11797=CARTESIAN_POINT('',(-11.9737801669505,-2.96323931814943,-58.67703805511));
#11798=CARTESIAN_POINT('',(-34.1868900834752,0.696025981607544,-58.67703805511));
#11799=CARTESIAN_POINT('',(-12.3737801669505,0.696025981607734,-58.67703805511));
#11800=CARTESIAN_POINT('',(-12.3737801669505,2.29602598160773,-58.67703805511));
#11801=CARTESIAN_POINT('',(-12.3737801669505,-3.76323931814934,-58.67703805511));
#11802=CARTESIAN_POINT('',(-20.3737801669505,2.29602598160773,-58.67703805511));
#11803=CARTESIAN_POINT('',(-34.3868900834752,2.29602598160773,-58.67703805511));
#11804=CARTESIAN_POINT('',(-20.3737801669505,0.696025981607734,-58.67703805511));
#11805=CARTESIAN_POINT('',(-20.3737801669505,-2.96323931814934,-58.67703805511));
#11806=CARTESIAN_POINT('',(-38.3868900834752,0.696025981607734,-58.67703805511));
#11807=CARTESIAN_POINT('',(-20.7737801669505,0.696025981607924,-58.67703805511));
#11808=CARTESIAN_POINT('',(-20.7737801669505,2.29602598160792,-58.67703805511));
#11809=CARTESIAN_POINT('',(-20.7737801669505,-3.76323931814925,-58.67703805511));
#11810=CARTESIAN_POINT('',(-28.7737801669505,2.29602598160792,-58.67703805511));
#11811=CARTESIAN_POINT('',(-38.5868900834752,2.29602598160792,-58.67703805511));
#11812=CARTESIAN_POINT('',(-28.7737801669505,0.696025981607924,-58.67703805511));
#11813=CARTESIAN_POINT('',(-28.7737801669505,-2.96323931814924,-58.67703805511));
#11814=CARTESIAN_POINT('',(-42.5868900834752,0.696025981607923,-58.67703805511));
#11815=CARTESIAN_POINT('',(-29.1737801669505,0.696025981608114,-58.67703805511));
#11816=CARTESIAN_POINT('',(-29.1737801669505,2.29602598160811,-58.67703805511));
#11817=CARTESIAN_POINT('',(-29.1737801669505,-3.76323931814915,-58.67703805511));
#11818=CARTESIAN_POINT('',(-37.1737801669505,2.29602598160811,-58.67703805511));
#11819=CARTESIAN_POINT('',(-42.7868900834752,2.29602598160811,-58.67703805511));
#11820=CARTESIAN_POINT('',(-37.1737801669505,0.696025981608114,-58.67703805511));
#11821=CARTESIAN_POINT('',(-37.1737801669505,-2.96323931814915,-58.67703805511));
#11822=CARTESIAN_POINT('',(-46.7868900834752,0.696025981608113,-58.67703805511));
#11823=CARTESIAN_POINT('',(-37.5737801669505,0.696025981608304,-58.67703805511));
#11824=CARTESIAN_POINT('',(-37.5737801669505,2.2960259816083,-58.67703805511));
#11825=CARTESIAN_POINT('',(-37.5737801669505,-3.76323931814905,-58.67703805511));
#11826=CARTESIAN_POINT('',(-45.5737801669505,2.2960259816083,-58.67703805511));
#11827=CARTESIAN_POINT('',(-46.9868900834752,2.2960259816083,-58.67703805511));
#11828=CARTESIAN_POINT('',(-45.5737801669505,0.696025981608304,-58.67703805511));
#11829=CARTESIAN_POINT('',(-45.5737801669505,-2.96323931814905,-58.67703805511));
#11830=CARTESIAN_POINT('',(-50.9868900834752,0.696025981608304,-58.67703805511));
#11831=CARTESIAN_POINT('',(-45.9737801669505,0.696025981608494,-58.67703805511));
#11832=CARTESIAN_POINT('',(-45.9737801669505,2.29602598160849,-58.67703805511));
#11833=CARTESIAN_POINT('',(-45.9737801669505,-3.76323931814896,-58.67703805511));
#11834=CARTESIAN_POINT('',(-53.9737801669505,2.29602598160849,-58.67703805511));
#11835=CARTESIAN_POINT('',(-51.1868900834752,2.29602598160849,-58.67703805511));
#11836=CARTESIAN_POINT('',(-53.9737801669505,0.696025981608494,-58.67703805511));
#11837=CARTESIAN_POINT('',(-53.9737801669505,-2.96323931814896,-58.67703805511));
#11838=CARTESIAN_POINT('',(-55.1868900834752,0.696025981608494,-58.67703805511));
#11839=CARTESIAN_POINT('',(54.8262198330489,2.69602598160621,-58.67703805511));
#11840=CARTESIAN_POINT('',(54.8262198330489,4.29602598160621,-58.67703805511));
#11841=CARTESIAN_POINT('',(54.8262198330489,-2.7632393181501,-58.67703805511));
#11842=CARTESIAN_POINT('',(46.8262198330489,4.29602598160621,-58.67703805511));
#11843=CARTESIAN_POINT('',(-0.786890083475509,4.29602598160621,-58.67703805511));
#11844=CARTESIAN_POINT('',(46.8262198330489,2.69602598160621,-58.67703805511));
#11845=CARTESIAN_POINT('',(46.8262198330489,-1.9632393181501,-58.67703805511));
#11846=CARTESIAN_POINT('',(-4.78689008347551,2.69602598160621,-58.67703805511));
#11847=CARTESIAN_POINT('',(46.4262198330489,2.6960259816064,-58.67703805511));
#11848=CARTESIAN_POINT('',(46.4262198330489,4.2960259816064,-58.67703805511));
#11849=CARTESIAN_POINT('',(46.4262198330489,-2.76323931815001,-58.67703805511));
#11850=CARTESIAN_POINT('',(38.4262198330489,4.2960259816064,-58.67703805511));
#11851=CARTESIAN_POINT('',(-4.98689008347551,4.2960259816064,-58.67703805511));
#11852=CARTESIAN_POINT('',(38.4262198330489,2.6960259816064,-58.67703805511));
#11853=CARTESIAN_POINT('',(38.4262198330489,-1.96323931815001,-58.67703805511));
#11854=CARTESIAN_POINT('',(-8.98689008347551,2.6960259816064,-58.67703805511));
#11855=CARTESIAN_POINT('',(38.0262198330489,2.69602598160659,-58.67703805511));
#11856=CARTESIAN_POINT('',(38.0262198330489,4.29602598160659,-58.67703805511));
#11857=CARTESIAN_POINT('',(38.0262198330489,-2.76323931814991,-58.67703805511));
#11858=CARTESIAN_POINT('',(30.0262198330489,4.29602598160659,-58.67703805511));
#11859=CARTESIAN_POINT('',(-9.18689008347551,4.29602598160659,-58.67703805511));
#11860=CARTESIAN_POINT('',(30.0262198330489,2.69602598160659,-58.67703805511));
#11861=CARTESIAN_POINT('',(30.0262198330489,-1.96323931814991,-58.67703805511));
#11862=CARTESIAN_POINT('',(-13.1868900834755,2.69602598160659,-58.67703805511));
#11863=CARTESIAN_POINT('',(29.6262198330489,2.69602598160678,-58.67703805511));
#11864=CARTESIAN_POINT('',(29.6262198330489,4.29602598160678,-58.67703805511));
#11865=CARTESIAN_POINT('',(29.6262198330489,-2.76323931814982,-58.67703805511));
#11866=CARTESIAN_POINT('',(21.6262198330489,4.29602598160678,-58.67703805511));
#11867=CARTESIAN_POINT('',(-13.3868900834755,4.29602598160678,-58.67703805511));
#11868=CARTESIAN_POINT('',(21.6262198330489,2.69602598160678,-58.67703805511));
#11869=CARTESIAN_POINT('',(21.6262198330489,-1.96323931814982,-58.67703805511));
#11870=CARTESIAN_POINT('',(-17.3868900834755,2.69602598160678,-58.67703805511));
#11871=CARTESIAN_POINT('',(21.2262198330489,2.69602598160697,-58.67703805511));
#11872=CARTESIAN_POINT('',(21.2262198330489,4.29602598160697,-58.67703805511));
#11873=CARTESIAN_POINT('',(21.2262198330489,-2.76323931814972,-58.67703805511));
#11874=CARTESIAN_POINT('',(13.2262198330489,4.29602598160697,-58.67703805511));
#11875=CARTESIAN_POINT('',(-17.5868900834755,4.29602598160697,-58.67703805511));
#11876=CARTESIAN_POINT('',(13.2262198330489,2.69602598160697,-58.67703805511));
#11877=CARTESIAN_POINT('',(13.2262198330489,-1.96323931814972,-58.67703805511));
#11878=CARTESIAN_POINT('',(-21.5868900834755,2.69602598160697,-58.67703805511));
#11879=CARTESIAN_POINT('',(12.8262198330489,2.69602598160716,-58.67703805511));
#11880=CARTESIAN_POINT('',(12.8262198330489,4.29602598160716,-58.67703805511));
#11881=CARTESIAN_POINT('',(12.8262198330489,-2.76323931814963,-58.67703805511));
#11882=CARTESIAN_POINT('',(4.82621983304888,4.29602598160716,-58.67703805511));
#11883=CARTESIAN_POINT('',(-21.7868900834755,4.29602598160716,-58.67703805511));
#11884=CARTESIAN_POINT('',(4.82621983304888,2.69602598160716,-58.67703805511));
#11885=CARTESIAN_POINT('',(4.82621983304888,-1.96323931814963,-58.67703805511));
#11886=CARTESIAN_POINT('',(-25.7868900834755,2.69602598160716,-58.67703805511));
#11887=CARTESIAN_POINT('',(4.42621983304888,2.69602598160735,-58.67703805511));
#11888=CARTESIAN_POINT('',(4.42621983304888,4.29602598160735,-58.67703805511));
#11889=CARTESIAN_POINT('',(4.42621983304888,-2.76323931814953,-58.67703805511));
#11890=CARTESIAN_POINT('',(-3.57378016695112,4.29602598160735,-58.67703805511));
#11891=CARTESIAN_POINT('',(-25.9868900834755,4.29602598160735,-58.67703805511));
#11892=CARTESIAN_POINT('',(-3.57378016695112,2.69602598160735,-58.67703805511));
#11893=CARTESIAN_POINT('',(-3.57378016695112,-1.96323931814953,-58.67703805511));
#11894=CARTESIAN_POINT('',(-29.9868900834755,2.69602598160735,-58.67703805511));
#11895=CARTESIAN_POINT('',(-3.97378016695112,2.69602598160754,-58.67703805511));
#11896=CARTESIAN_POINT('',(-3.97378016695112,4.29602598160754,-58.67703805511));
#11897=CARTESIAN_POINT('',(-3.97378016695112,-2.76323931814943,-58.67703805511));
#11898=CARTESIAN_POINT('',(-11.9737801669511,4.29602598160754,-58.67703805511));
#11899=CARTESIAN_POINT('',(-30.1868900834755,4.29602598160754,-58.67703805511));
#11900=CARTESIAN_POINT('',(-11.9737801669511,2.69602598160754,-58.67703805511));
#11901=CARTESIAN_POINT('',(-11.9737801669511,-1.96323931814943,-58.67703805511));
#11902=CARTESIAN_POINT('',(-34.1868900834755,2.69602598160754,-58.67703805511));
#11903=CARTESIAN_POINT('',(-12.3737801669511,2.69602598160773,-58.67703805511));
#11904=CARTESIAN_POINT('',(-12.3737801669511,4.29602598160773,-58.67703805511));
#11905=CARTESIAN_POINT('',(-12.3737801669511,-2.76323931814934,-58.67703805511));
#11906=CARTESIAN_POINT('',(-20.3737801669511,4.29602598160773,-58.67703805511));
#11907=CARTESIAN_POINT('',(-34.3868900834755,4.29602598160773,-58.67703805511));
#11908=CARTESIAN_POINT('',(-20.3737801669511,2.69602598160773,-58.67703805511));
#11909=CARTESIAN_POINT('',(-20.3737801669511,-1.96323931814934,-58.67703805511));
#11910=CARTESIAN_POINT('',(-38.3868900834755,2.69602598160773,-58.67703805511));
#11911=CARTESIAN_POINT('',(-20.7737801669511,2.69602598160792,-58.67703805511));
#11912=CARTESIAN_POINT('',(-20.7737801669511,4.29602598160792,-58.67703805511));
#11913=CARTESIAN_POINT('',(-20.7737801669511,-2.76323931814924,-58.67703805511));
#11914=CARTESIAN_POINT('',(-28.7737801669511,4.29602598160792,-58.67703805511));
#11915=CARTESIAN_POINT('',(-38.5868900834755,4.29602598160792,-58.67703805511));
#11916=CARTESIAN_POINT('',(-28.7737801669511,2.69602598160792,-58.67703805511));
#11917=CARTESIAN_POINT('',(-28.7737801669511,-1.96323931814924,-58.67703805511));
#11918=CARTESIAN_POINT('',(-42.5868900834755,2.69602598160792,-58.67703805511));
#11919=CARTESIAN_POINT('',(-29.1737801669511,2.69602598160811,-58.67703805511));
#11920=CARTESIAN_POINT('',(-29.1737801669511,4.29602598160811,-58.67703805511));
#11921=CARTESIAN_POINT('',(-29.1737801669511,-2.76323931814915,-58.67703805511));
#11922=CARTESIAN_POINT('',(-37.1737801669511,4.29602598160811,-58.67703805511));
#11923=CARTESIAN_POINT('',(-42.7868900834755,4.29602598160811,-58.67703805511));
#11924=CARTESIAN_POINT('',(-37.1737801669511,2.69602598160811,-58.67703805511));
#11925=CARTESIAN_POINT('',(-37.1737801669511,-1.96323931814915,-58.67703805511));
#11926=CARTESIAN_POINT('',(-46.7868900834755,2.69602598160811,-58.67703805511));
#11927=CARTESIAN_POINT('',(-37.5737801669511,2.6960259816083,-58.67703805511));
#11928=CARTESIAN_POINT('',(-37.5737801669511,4.29602598160831,-58.67703805511));
#11929=CARTESIAN_POINT('',(-37.5737801669511,-2.76323931814905,-58.67703805511));
#11930=CARTESIAN_POINT('',(-45.5737801669511,4.2960259816083,-58.67703805511));
#11931=CARTESIAN_POINT('',(-46.9868900834755,4.29602598160831,-58.67703805511));
#11932=CARTESIAN_POINT('',(-45.5737801669511,2.6960259816083,-58.67703805511));
#11933=CARTESIAN_POINT('',(-45.5737801669511,-1.96323931814905,-58.67703805511));
#11934=CARTESIAN_POINT('',(-50.9868900834755,2.6960259816083,-58.67703805511));
#11935=CARTESIAN_POINT('',(-45.9737801669511,2.69602598160849,-58.67703805511));
#11936=CARTESIAN_POINT('',(-45.9737801669511,4.2960259816085,-58.67703805511));
#11937=CARTESIAN_POINT('',(-45.9737801669511,-2.76323931814896,-58.67703805511));
#11938=CARTESIAN_POINT('',(-53.9737801669511,4.29602598160849,-58.67703805511));
#11939=CARTESIAN_POINT('',(-51.1868900834755,4.29602598160849,-58.67703805511));
#11940=CARTESIAN_POINT('',(-53.9737801669511,2.69602598160849,-58.67703805511));
#11941=CARTESIAN_POINT('',(-53.9737801669511,-1.96323931814896,-58.67703805511));
#11942=CARTESIAN_POINT('',(-55.1868900834755,2.69602598160849,-58.67703805511));
#11943=CARTESIAN_POINT('',(54.8262198330482,4.69602598160621,-58.67703805511));
#11944=CARTESIAN_POINT('',(54.8262198330482,6.29602598160621,-58.67703805511));
#11945=CARTESIAN_POINT('',(54.8262198330482,-1.7632393181501,-58.67703805511));
#11946=CARTESIAN_POINT('',(46.8262198330482,6.29602598160621,-58.67703805511));
#11947=CARTESIAN_POINT('',(-0.786890083475837,6.29602598160621,-58.67703805511));
#11948=CARTESIAN_POINT('',(46.8262198330482,4.69602598160621,-58.67703805511));
#11949=CARTESIAN_POINT('',(46.8262198330482,-0.9632393181501,-58.67703805511));
#11950=CARTESIAN_POINT('',(-4.78689008347584,4.69602598160621,-58.67703805511));
#11951=CARTESIAN_POINT('',(46.4262198330482,4.6960259816064,-58.67703805511));
#11952=CARTESIAN_POINT('',(46.4262198330482,6.2960259816064,-58.67703805511));
#11953=CARTESIAN_POINT('',(46.4262198330482,-1.76323931815001,-58.67703805511));
#11954=CARTESIAN_POINT('',(38.4262198330482,6.2960259816064,-58.67703805511));
#11955=CARTESIAN_POINT('',(-4.98689008347584,6.2960259816064,-58.67703805511));
#11956=CARTESIAN_POINT('',(38.4262198330482,4.6960259816064,-58.67703805511));
#11957=CARTESIAN_POINT('',(38.4262198330482,-0.963239318150005,-58.67703805511));
#11958=CARTESIAN_POINT('',(-8.98689008347584,4.6960259816064,-58.67703805511));
#11959=CARTESIAN_POINT('',(38.0262198330482,4.69602598160659,-58.67703805511));
#11960=CARTESIAN_POINT('',(38.0262198330482,6.29602598160659,-58.67703805511));
#11961=CARTESIAN_POINT('',(38.0262198330482,-1.76323931814991,-58.67703805511));
#11962=CARTESIAN_POINT('',(30.0262198330482,6.29602598160659,-58.67703805511));
#11963=CARTESIAN_POINT('',(-9.18689008347584,6.29602598160659,-58.67703805511));
#11964=CARTESIAN_POINT('',(30.0262198330482,4.69602598160659,-58.67703805511));
#11965=CARTESIAN_POINT('',(30.0262198330482,-0.96323931814991,-58.67703805511));
#11966=CARTESIAN_POINT('',(-13.1868900834758,4.69602598160659,-58.67703805511));
#11967=CARTESIAN_POINT('',(29.6262198330482,4.69602598160678,-58.67703805511));
#11968=CARTESIAN_POINT('',(29.6262198330482,6.29602598160678,-58.67703805511));
#11969=CARTESIAN_POINT('',(29.6262198330482,-1.76323931814982,-58.67703805511));
#11970=CARTESIAN_POINT('',(21.6262198330482,6.29602598160678,-58.67703805511));
#11971=CARTESIAN_POINT('',(-13.3868900834758,6.29602598160678,-58.67703805511));
#11972=CARTESIAN_POINT('',(21.6262198330482,4.69602598160678,-58.67703805511));
#11973=CARTESIAN_POINT('',(21.6262198330482,-0.963239318149815,-58.67703805511));
#11974=CARTESIAN_POINT('',(-17.3868900834758,4.69602598160678,-58.67703805511));
#11975=CARTESIAN_POINT('',(21.2262198330482,4.69602598160697,-58.67703805511));
#11976=CARTESIAN_POINT('',(21.2262198330482,6.29602598160697,-58.67703805511));
#11977=CARTESIAN_POINT('',(21.2262198330482,-1.76323931814972,-58.67703805511));
#11978=CARTESIAN_POINT('',(13.2262198330482,6.29602598160697,-58.67703805511));
#11979=CARTESIAN_POINT('',(-17.5868900834758,6.29602598160697,-58.67703805511));
#11980=CARTESIAN_POINT('',(13.2262198330482,4.69602598160697,-58.67703805511));
#11981=CARTESIAN_POINT('',(13.2262198330482,-0.96323931814972,-58.67703805511));
#11982=CARTESIAN_POINT('',(-21.5868900834758,4.69602598160697,-58.67703805511));
#11983=CARTESIAN_POINT('',(12.8262198330482,4.69602598160716,-58.67703805511));
#11984=CARTESIAN_POINT('',(12.8262198330482,6.29602598160717,-58.67703805511));
#11985=CARTESIAN_POINT('',(12.8262198330482,-1.76323931814962,-58.67703805511));
#11986=CARTESIAN_POINT('',(4.82621983304822,6.29602598160717,-58.67703805511));
#11987=CARTESIAN_POINT('',(-21.7868900834758,6.29602598160717,-58.67703805511));
#11988=CARTESIAN_POINT('',(4.82621983304822,4.69602598160716,-58.67703805511));
#11989=CARTESIAN_POINT('',(4.82621983304822,-0.963239318149625,-58.67703805511));
#11990=CARTESIAN_POINT('',(-25.7868900834758,4.69602598160716,-58.67703805511));
#11991=CARTESIAN_POINT('',(4.42621983304822,4.69602598160735,-58.67703805511));
#11992=CARTESIAN_POINT('',(4.42621983304822,6.29602598160735,-58.67703805511));
#11993=CARTESIAN_POINT('',(4.42621983304821,-1.76323931814953,-58.67703805511));
#11994=CARTESIAN_POINT('',(-3.57378016695178,6.29602598160735,-58.67703805511));
#11995=CARTESIAN_POINT('',(-25.9868900834758,6.29602598160735,-58.67703805511));
#11996=CARTESIAN_POINT('',(-3.57378016695178,4.69602598160735,-58.67703805511));
#11997=CARTESIAN_POINT('',(-3.57378016695178,-0.96323931814953,-58.67703805511));
#11998=CARTESIAN_POINT('',(-29.9868900834758,4.69602598160735,-58.67703805511));
#11999=CARTESIAN_POINT('',(-3.97378016695178,4.69602598160754,-58.67703805511));
#12000=CARTESIAN_POINT('',(-3.97378016695178,6.29602598160754,-58.67703805511));
#12001=CARTESIAN_POINT('',(-3.97378016695178,-1.76323931814943,-58.67703805511));
#12002=CARTESIAN_POINT('',(-11.9737801669518,6.29602598160754,-58.67703805511));
#12003=CARTESIAN_POINT('',(-30.1868900834758,6.29602598160754,-58.67703805511));
#12004=CARTESIAN_POINT('',(-11.9737801669518,4.69602598160754,-58.67703805511));
#12005=CARTESIAN_POINT('',(-11.9737801669518,-0.963239318149435,-58.67703805511));
#12006=CARTESIAN_POINT('',(-34.1868900834758,4.69602598160754,-58.67703805511));
#12007=CARTESIAN_POINT('',(-12.3737801669518,4.69602598160774,-58.67703805511));
#12008=CARTESIAN_POINT('',(-12.3737801669518,6.29602598160774,-58.67703805511));
#12009=CARTESIAN_POINT('',(-12.3737801669518,-1.76323931814934,-58.67703805511));
#12010=CARTESIAN_POINT('',(-20.3737801669518,6.29602598160774,-58.67703805511));
#12011=CARTESIAN_POINT('',(-34.3868900834758,6.29602598160774,-58.67703805511));
#12012=CARTESIAN_POINT('',(-20.3737801669518,4.69602598160774,-58.67703805511));
#12013=CARTESIAN_POINT('',(-20.3737801669518,-0.963239318149339,-58.67703805511));
#12014=CARTESIAN_POINT('',(-38.3868900834758,4.69602598160774,-58.67703805511));
#12015=CARTESIAN_POINT('',(-20.7737801669518,4.69602598160792,-58.67703805511));
#12016=CARTESIAN_POINT('',(-20.7737801669518,6.29602598160793,-58.67703805511));
#12017=CARTESIAN_POINT('',(-20.7737801669518,-1.76323931814924,-58.67703805511));
#12018=CARTESIAN_POINT('',(-28.7737801669518,6.29602598160793,-58.67703805511));
#12019=CARTESIAN_POINT('',(-38.5868900834758,6.29602598160793,-58.67703805511));
#12020=CARTESIAN_POINT('',(-28.7737801669518,4.69602598160792,-58.67703805511));
#12021=CARTESIAN_POINT('',(-28.7737801669518,-0.963239318149244,-58.67703805511));
#12022=CARTESIAN_POINT('',(-42.5868900834758,4.69602598160792,-58.67703805511));
#12023=CARTESIAN_POINT('',(-29.1737801669518,4.69602598160811,-58.67703805511));
#12024=CARTESIAN_POINT('',(-29.1737801669518,6.29602598160812,-58.67703805511));
#12025=CARTESIAN_POINT('',(-29.1737801669518,-1.76323931814915,-58.67703805511));
#12026=CARTESIAN_POINT('',(-37.1737801669518,6.29602598160812,-58.67703805511));
#12027=CARTESIAN_POINT('',(-42.7868900834758,6.29602598160812,-58.67703805511));
#12028=CARTESIAN_POINT('',(-37.1737801669518,4.69602598160811,-58.67703805511));
#12029=CARTESIAN_POINT('',(-37.1737801669518,-0.963239318149149,-58.67703805511));
#12030=CARTESIAN_POINT('',(-46.7868900834758,4.69602598160811,-58.67703805511));
#12031=CARTESIAN_POINT('',(-37.5737801669518,4.6960259816083,-58.67703805511));
#12032=CARTESIAN_POINT('',(-37.5737801669518,6.29602598160831,-58.67703805511));
#12033=CARTESIAN_POINT('',(-37.5737801669518,-1.76323931814905,-58.67703805511));
#12034=CARTESIAN_POINT('',(-45.5737801669518,6.29602598160831,-58.67703805511));
#12035=CARTESIAN_POINT('',(-46.9868900834758,6.29602598160831,-58.67703805511));
#12036=CARTESIAN_POINT('',(-45.5737801669518,4.6960259816083,-58.67703805511));
#12037=CARTESIAN_POINT('',(-45.5737801669518,-0.963239318149055,-58.67703805511));
#12038=CARTESIAN_POINT('',(-50.9868900834758,4.6960259816083,-58.67703805511));
#12039=CARTESIAN_POINT('',(-45.9737801669518,4.6960259816085,-58.67703805511));
#12040=CARTESIAN_POINT('',(-45.9737801669518,6.2960259816085,-58.67703805511));
#12041=CARTESIAN_POINT('',(-45.9737801669518,-1.76323931814896,-58.67703805511));
#12042=CARTESIAN_POINT('',(-53.9737801669518,6.2960259816085,-58.67703805511));
#12043=CARTESIAN_POINT('',(-51.1868900834758,6.2960259816085,-58.67703805511));
#12044=CARTESIAN_POINT('',(-53.9737801669518,4.6960259816085,-58.67703805511));
#12045=CARTESIAN_POINT('',(-53.9737801669518,-0.963239318148959,-58.67703805511));
#12046=CARTESIAN_POINT('',(-55.1868900834758,4.6960259816085,-58.67703805511));
#12047=CARTESIAN_POINT('',(4.42621983305021,-1.30397401839265,-58.67703805511));
#12048=CARTESIAN_POINT('',(4.42621983305021,0.296025981607353,-58.67703805511));
#12049=CARTESIAN_POINT('',(4.4262198330502,-4.76323931814953,-58.67703805511));
#12050=CARTESIAN_POINT('',(-3.57378016694979,0.296025981607353,-58.67703805511));
#12051=CARTESIAN_POINT('',(-25.9868900834748,0.296025981607354,-58.67703805511));
#12052=CARTESIAN_POINT('',(-3.57378016694979,-1.30397401839265,-58.67703805511));
#12053=CARTESIAN_POINT('',(-3.57378016694979,-3.96323931814953,-58.67703805511));
#12054=CARTESIAN_POINT('',(-29.9868900834748,-1.30397401839265,-58.67703805511));
#12055=CARTESIAN_POINT('Origin',(-56.3999999999999,8.3204261705176,-57.7270380551118));
#12056=CARTESIAN_POINT('',(48.3999999999999,7.37042617051188,-56.7770380550985));
#12057=CARTESIAN_POINT('',(-56.3999999999999,7.370426170517,-56.7770380551037));
#12058=CARTESIAN_POINT('',(10.8267872525879,25.2177022256401,-74.6243141103686));
#12059=CARTESIAN_POINT('Origin',(-56.3999999999999,7.370426170517,-56.7770380551037));
#12060=CARTESIAN_POINT('',(48.3999999999999,-8.22250461768546,-56.7770380550985));
#12061=CARTESIAN_POINT('',(-56.3999999999999,-8.22250461791025,-56.7770380551037));
#12062=CARTESIAN_POINT('',(54.6775946824178,-8.22250461791025,-56.7770380551037));
#12063=CARTESIAN_POINT('',(-56.3999999999999,-8.22250461791025,-56.7770380551037));
#12064=CARTESIAN_POINT('',(54.6775946824178,-7.30397401839379,-56.7770380551037));
#12065=CARTESIAN_POINT('',(54.6775946824178,-0.477815918993606,-56.7770380551037));
#12066=CARTESIAN_POINT('',(46.8262198330522,-7.30397401839379,-56.7770380551037));
#12067=CARTESIAN_POINT('',(-4.78689008347385,-7.30397401839379,-56.7770380551037));
#12068=CARTESIAN_POINT('',(46.8262198330522,-5.70397401839379,-56.7770380551037));
#12069=CARTESIAN_POINT('',(46.8262198330522,0.833226076061604,-56.7770380551037));
#12070=CARTESIAN_POINT('',(54.6775946824178,-5.70397401839379,-56.7770380551037));
#12071=CARTESIAN_POINT('',(-0.786890083473848,-5.70397401839379,-56.7770380551037));
#12072=CARTESIAN_POINT('',(54.6775946824178,-5.30397401839379,-56.7770380551037));
#12073=CARTESIAN_POINT('',(54.6775946824178,-0.477815918993606,-56.7770380551037));
#12074=CARTESIAN_POINT('',(46.8262198330515,-5.30397401839379,-56.7770380551037));
#12075=CARTESIAN_POINT('',(-4.78689008347418,-5.30397401839379,-56.7770380551037));
#12076=CARTESIAN_POINT('',(46.8262198330515,-3.70397401839379,-56.7770380551037));
#12077=CARTESIAN_POINT('',(46.8262198330515,1.8332260760616,-56.7770380551037));
#12078=CARTESIAN_POINT('',(54.6775946824178,-3.70397401839379,-56.7770380551037));
#12079=CARTESIAN_POINT('',(-0.786890083474177,-3.70397401839379,-56.7770380551037));
#12080=CARTESIAN_POINT('',(54.6775946824178,-3.30397401839379,-56.7770380551037));
#12081=CARTESIAN_POINT('',(54.6775946824178,-0.477815918993606,-56.7770380551037));
#12082=CARTESIAN_POINT('',(46.8262198330509,-3.30397401839379,-56.7770380551037));
#12083=CARTESIAN_POINT('',(-4.78689008347451,-3.30397401839379,-56.7770380551037));
#12084=CARTESIAN_POINT('',(46.8262198330509,-1.70397401839379,-56.7770380551037));
#12085=CARTESIAN_POINT('',(46.8262198330509,2.8332260760616,-56.7770380551037));
#12086=CARTESIAN_POINT('',(54.6775946824178,-1.70397401839379,-56.7770380551037));
#12087=CARTESIAN_POINT('',(-0.786890083474505,-1.70397401839379,-56.7770380551037));
#12088=CARTESIAN_POINT('',(54.6775946824178,-1.30397401839379,-56.7770380551037));
#12089=CARTESIAN_POINT('',(54.6775946824178,-0.477815918993606,-56.7770380551037));
#12090=CARTESIAN_POINT('',(46.8262198330502,-1.30397401839379,-56.7770380551037));
#12091=CARTESIAN_POINT('',(-4.78689008347484,-1.30397401839379,-56.7770380551037));
#12092=CARTESIAN_POINT('',(46.8262198330502,0.296025981606213,-56.7770380551037));
#12093=CARTESIAN_POINT('',(46.8262198330502,3.8332260760616,-56.7770380551037));
#12094=CARTESIAN_POINT('',(54.6775946824178,0.296025981606212,-56.7770380551037));
#12095=CARTESIAN_POINT('',(-0.786890083474843,0.296025981606212,-56.7770380551037));
#12096=CARTESIAN_POINT('',(54.6775946824178,0.696025981606213,-56.7770380551037));
#12097=CARTESIAN_POINT('',(54.6775946824178,-0.477815918993606,-56.7770380551037));
#12098=CARTESIAN_POINT('',(46.8262198330495,0.696025981606213,-56.7770380551037));
#12099=CARTESIAN_POINT('',(-4.78689008347517,0.696025981606213,-56.7770380551037));
#12100=CARTESIAN_POINT('',(46.8262198330495,2.29602598160621,-56.7770380551037));
#12101=CARTESIAN_POINT('',(46.8262198330495,4.8332260760616,-56.7770380551037));
#12102=CARTESIAN_POINT('',(54.6775946824178,2.29602598160621,-56.7770380551037));
#12103=CARTESIAN_POINT('',(-0.786890083475171,2.29602598160621,-56.7770380551037));
#12104=CARTESIAN_POINT('',(54.6775946824178,2.69602598160621,-56.7770380551037));
#12105=CARTESIAN_POINT('',(54.6775946824178,-0.477815918993606,-56.7770380551037));
#12106=CARTESIAN_POINT('',(46.8262198330489,2.69602598160621,-56.7770380551037));
#12107=CARTESIAN_POINT('',(-4.78689008347551,2.69602598160621,-56.7770380551037));
#12108=CARTESIAN_POINT('',(46.8262198330489,4.29602598160621,-56.7770380551037));
#12109=CARTESIAN_POINT('',(46.8262198330489,5.8332260760616,-56.7770380551037));
#12110=CARTESIAN_POINT('',(54.6775946824178,4.29602598160621,-56.7770380551037));
#12111=CARTESIAN_POINT('',(-0.786890083475509,4.29602598160621,-56.7770380551037));
#12112=CARTESIAN_POINT('',(54.6775946824178,4.69602598160621,-56.7770380551037));
#12113=CARTESIAN_POINT('',(54.6775946824178,-0.477815918993606,-56.7770380551037));
#12114=CARTESIAN_POINT('',(46.8262198330482,4.69602598160621,-56.7770380551037));
#12115=CARTESIAN_POINT('',(-4.78689008347584,4.69602598160621,-56.7770380551037));
#12116=CARTESIAN_POINT('',(46.8262198330482,6.29602598160621,-56.7770380551037));
#12117=CARTESIAN_POINT('',(46.8262198330482,6.8332260760616,-56.7770380551037));
#12118=CARTESIAN_POINT('',(54.6775946824178,6.29602598160621,-56.7770380551037));
#12119=CARTESIAN_POINT('',(-0.786890083475837,6.29602598160621,-56.7770380551037));
#12120=CARTESIAN_POINT('',(54.6775946824178,7.37042617051699,-56.7770380551037));
#12121=CARTESIAN_POINT('',(54.6775946824178,-0.477815918993606,-56.7770380551037));
#12122=CARTESIAN_POINT('',(-56.3999999999999,7.37042617051699,-56.7770380551037));
#12123=CARTESIAN_POINT('',(46.4262198330522,-5.7039740183936,-56.7770380551037));
#12124=CARTESIAN_POINT('',(46.4262198330522,-7.3039740183936,-56.7770380551037));
#12125=CARTESIAN_POINT('',(46.4262198330522,0.0332260760616995,-56.7770380551037));
#12126=CARTESIAN_POINT('',(38.4262198330522,-7.3039740183936,-56.7770380551037));
#12127=CARTESIAN_POINT('',(-8.98689008347385,-7.3039740183936,-56.7770380551037));
#12128=CARTESIAN_POINT('',(38.4262198330522,-5.7039740183936,-56.7770380551037));
#12129=CARTESIAN_POINT('',(38.4262198330522,0.8332260760617,-56.7770380551037));
#12130=CARTESIAN_POINT('',(-4.98689008347385,-5.7039740183936,-56.7770380551037));
#12131=CARTESIAN_POINT('',(38.0262198330522,-5.70397401839341,-56.7770380551037));
#12132=CARTESIAN_POINT('',(38.0262198330522,-7.30397401839341,-56.7770380551037));
#12133=CARTESIAN_POINT('',(38.0262198330522,0.0332260760617944,-56.7770380551037));
#12134=CARTESIAN_POINT('',(30.0262198330522,-7.30397401839341,-56.7770380551037));
#12135=CARTESIAN_POINT('',(-13.1868900834738,-7.30397401839341,-56.7770380551037));
#12136=CARTESIAN_POINT('',(30.0262198330522,-5.70397401839341,-56.7770380551037));
#12137=CARTESIAN_POINT('',(30.0262198330522,0.833226076061795,-56.7770380551037));
#12138=CARTESIAN_POINT('',(-9.18689008347385,-5.70397401839341,-56.7770380551037));
#12139=CARTESIAN_POINT('',(29.6262198330522,-5.70397401839322,-56.7770380551037));
#12140=CARTESIAN_POINT('',(29.6262198330522,-7.30397401839322,-56.7770380551037));
#12141=CARTESIAN_POINT('',(29.6262198330522,0.0332260760618894,-56.7770380551037));
#12142=CARTESIAN_POINT('',(21.6262198330522,-7.30397401839322,-56.7770380551037));
#12143=CARTESIAN_POINT('',(-17.3868900834738,-7.30397401839322,-56.7770380551037));
#12144=CARTESIAN_POINT('',(21.6262198330522,-5.70397401839322,-56.7770380551037));
#12145=CARTESIAN_POINT('',(21.6262198330522,0.833226076061889,-56.7770380551037));
#12146=CARTESIAN_POINT('',(-13.3868900834738,-5.70397401839322,-56.7770380551037));
#12147=CARTESIAN_POINT('',(21.2262198330522,-5.70397401839303,-56.7770380551037));
#12148=CARTESIAN_POINT('',(21.2262198330522,-7.30397401839303,-56.7770380551037));
#12149=CARTESIAN_POINT('',(21.2262198330522,0.0332260760619843,-56.7770380551037));
#12150=CARTESIAN_POINT('',(13.2262198330522,-7.30397401839303,-56.7770380551037));
#12151=CARTESIAN_POINT('',(-21.5868900834738,-7.30397401839303,-56.7770380551037));
#12152=CARTESIAN_POINT('',(13.2262198330522,-5.70397401839303,-56.7770380551037));
#12153=CARTESIAN_POINT('',(13.2262198330522,0.833226076061985,-56.7770380551037));
#12154=CARTESIAN_POINT('',(-17.5868900834739,-5.70397401839303,-56.7770380551037));
#12155=CARTESIAN_POINT('',(12.8262198330522,-5.70397401839284,-56.7770380551037));
#12156=CARTESIAN_POINT('',(12.8262198330522,-7.30397401839284,-56.7770380551037));
#12157=CARTESIAN_POINT('',(12.8262198330522,0.0332260760620798,-56.7770380551037));
#12158=CARTESIAN_POINT('',(4.8262198330522,-7.30397401839284,-56.7770380551037));
#12159=CARTESIAN_POINT('',(-25.7868900834738,-7.30397401839284,-56.7770380551037));
#12160=CARTESIAN_POINT('',(4.8262198330522,-5.70397401839284,-56.7770380551037));
#12161=CARTESIAN_POINT('',(4.8262198330522,0.83322607606208,-56.7770380551037));
#12162=CARTESIAN_POINT('',(-21.7868900834738,-5.70397401839284,-56.7770380551037));
#12163=CARTESIAN_POINT('',(4.4262198330522,-5.70397401839265,-56.7770380551037));
#12164=CARTESIAN_POINT('',(4.4262198330522,-7.30397401839265,-56.7770380551037));
#12165=CARTESIAN_POINT('',(4.4262198330522,0.0332260760621747,-56.7770380551037));
#12166=CARTESIAN_POINT('',(-3.5737801669478,-7.30397401839265,-56.7770380551037));
#12167=CARTESIAN_POINT('',(-29.9868900834738,-7.30397401839265,-56.7770380551037));
#12168=CARTESIAN_POINT('',(-3.5737801669478,-5.70397401839265,-56.7770380551037));
#12169=CARTESIAN_POINT('',(-3.5737801669478,0.833226076062175,-56.7770380551037));
#12170=CARTESIAN_POINT('',(-25.9868900834738,-5.70397401839265,-56.7770380551037));
#12171=CARTESIAN_POINT('',(-3.9737801669478,-5.70397401839246,-56.7770380551037));
#12172=CARTESIAN_POINT('',(-3.9737801669478,-7.30397401839246,-56.7770380551037));
#12173=CARTESIAN_POINT('',(-3.9737801669478,0.0332260760622696,-56.7770380551037));
#12174=CARTESIAN_POINT('',(-11.9737801669478,-7.30397401839246,-56.7770380551037));
#12175=CARTESIAN_POINT('',(-34.1868900834738,-7.30397401839246,-56.7770380551037));
#12176=CARTESIAN_POINT('',(-11.9737801669478,-5.70397401839246,-56.7770380551037));
#12177=CARTESIAN_POINT('',(-11.9737801669478,0.83322607606227,-56.7770380551037));
#12178=CARTESIAN_POINT('',(-30.1868900834738,-5.70397401839246,-56.7770380551037));
#12179=CARTESIAN_POINT('',(-12.3737801669478,-5.70397401839227,-56.7770380551037));
#12180=CARTESIAN_POINT('',(-12.3737801669478,-7.30397401839227,-56.7770380551037));
#12181=CARTESIAN_POINT('',(-12.3737801669478,0.0332260760623651,-56.7770380551037));
#12182=CARTESIAN_POINT('',(-20.3737801669478,-7.30397401839227,-56.7770380551037));
#12183=CARTESIAN_POINT('',(-38.3868900834739,-7.30397401839227,-56.7770380551037));
#12184=CARTESIAN_POINT('',(-20.3737801669478,-5.70397401839227,-56.7770380551037));
#12185=CARTESIAN_POINT('',(-20.3737801669478,0.833226076062365,-56.7770380551037));
#12186=CARTESIAN_POINT('',(-34.3868900834739,-5.70397401839227,-56.7770380551037));
#12187=CARTESIAN_POINT('',(-20.7737801669478,-5.70397401839208,-56.7770380551037));
#12188=CARTESIAN_POINT('',(-20.7737801669478,-7.30397401839208,-56.7770380551037));
#12189=CARTESIAN_POINT('',(-20.7737801669478,0.03322607606246,-56.7770380551037));
#12190=CARTESIAN_POINT('',(-28.7737801669478,-7.30397401839208,-56.7770380551037));
#12191=CARTESIAN_POINT('',(-42.5868900834739,-7.30397401839208,-56.7770380551037));
#12192=CARTESIAN_POINT('',(-28.7737801669478,-5.70397401839208,-56.7770380551037));
#12193=CARTESIAN_POINT('',(-28.7737801669478,0.83322607606246,-56.7770380551037));
#12194=CARTESIAN_POINT('',(-38.5868900834738,-5.70397401839208,-56.7770380551037));
#12195=CARTESIAN_POINT('',(-29.1737801669478,-5.70397401839189,-56.7770380551037));
#12196=CARTESIAN_POINT('',(-29.1737801669478,-7.30397401839189,-56.7770380551037));
#12197=CARTESIAN_POINT('',(-29.1737801669478,0.0332260760625549,-56.7770380551037));
#12198=CARTESIAN_POINT('',(-37.1737801669478,-7.30397401839189,-56.7770380551037));
#12199=CARTESIAN_POINT('',(-46.7868900834738,-7.30397401839189,-56.7770380551037));
#12200=CARTESIAN_POINT('',(-37.1737801669478,-5.70397401839189,-56.7770380551037));
#12201=CARTESIAN_POINT('',(-37.1737801669478,0.833226076062555,-56.7770380551037));
#12202=CARTESIAN_POINT('',(-42.7868900834738,-5.70397401839189,-56.7770380551037));
#12203=CARTESIAN_POINT('',(-37.5737801669478,-5.7039740183917,-56.7770380551037));
#12204=CARTESIAN_POINT('',(-37.5737801669478,-7.3039740183917,-56.7770380551037));
#12205=CARTESIAN_POINT('',(-37.5737801669478,0.0332260760626499,-56.7770380551037));
#12206=CARTESIAN_POINT('',(-45.5737801669478,-7.3039740183917,-56.7770380551037));
#12207=CARTESIAN_POINT('',(-50.9868900834739,-7.3039740183917,-56.7770380551037));
#12208=CARTESIAN_POINT('',(-45.5737801669478,-5.7039740183917,-56.7770380551037));
#12209=CARTESIAN_POINT('',(-45.5737801669478,0.83322607606265,-56.7770380551037));
#12210=CARTESIAN_POINT('',(-46.9868900834739,-5.7039740183917,-56.7770380551037));
#12211=CARTESIAN_POINT('',(-45.9737801669478,-5.70397401839151,-56.7770380551037));
#12212=CARTESIAN_POINT('',(-45.9737801669478,-7.30397401839151,-56.7770380551037));
#12213=CARTESIAN_POINT('',(-45.9737801669478,0.0332260760627453,-56.7770380551037));
#12214=CARTESIAN_POINT('',(-53.9737801669478,-7.30397401839151,-56.7770380551037));
#12215=CARTESIAN_POINT('',(-55.1868900834739,-7.30397401839151,-56.7770380551037));
#12216=CARTESIAN_POINT('',(-53.9737801669478,-5.70397401839151,-56.7770380551037));
#12217=CARTESIAN_POINT('',(-53.9737801669478,0.833226076062745,-56.7770380551037));
#12218=CARTESIAN_POINT('',(-51.1868900834739,-5.70397401839151,-56.7770380551037));
#12219=CARTESIAN_POINT('',(46.4262198330515,-3.7039740183936,-56.7770380551037));
#12220=CARTESIAN_POINT('',(46.4262198330515,-5.3039740183936,-56.7770380551037));
#12221=CARTESIAN_POINT('',(46.4262198330515,1.0332260760617,-56.7770380551037));
#12222=CARTESIAN_POINT('',(38.4262198330515,-5.3039740183936,-56.7770380551037));
#12223=CARTESIAN_POINT('',(-8.98689008347418,-5.3039740183936,-56.7770380551037));
#12224=CARTESIAN_POINT('',(38.4262198330515,-3.7039740183936,-56.7770380551037));
#12225=CARTESIAN_POINT('',(38.4262198330515,1.8332260760617,-56.7770380551037));
#12226=CARTESIAN_POINT('',(-4.98689008347418,-3.7039740183936,-56.7770380551037));
#12227=CARTESIAN_POINT('',(38.0262198330515,-3.70397401839341,-56.7770380551037));
#12228=CARTESIAN_POINT('',(38.0262198330515,-5.30397401839341,-56.7770380551037));
#12229=CARTESIAN_POINT('',(38.0262198330515,1.03322607606179,-56.7770380551037));
#12230=CARTESIAN_POINT('',(30.0262198330515,-5.30397401839341,-56.7770380551037));
#12231=CARTESIAN_POINT('',(-13.1868900834742,-5.30397401839341,-56.7770380551037));
#12232=CARTESIAN_POINT('',(30.0262198330515,-3.70397401839341,-56.7770380551037));
#12233=CARTESIAN_POINT('',(30.0262198330515,1.83322607606179,-56.7770380551037));
#12234=CARTESIAN_POINT('',(-9.18689008347418,-3.70397401839341,-56.7770380551037));
#12235=CARTESIAN_POINT('',(29.6262198330515,-3.70397401839322,-56.7770380551037));
#12236=CARTESIAN_POINT('',(29.6262198330515,-5.30397401839322,-56.7770380551037));
#12237=CARTESIAN_POINT('',(29.6262198330515,1.03322607606189,-56.7770380551037));
#12238=CARTESIAN_POINT('',(21.6262198330515,-5.30397401839322,-56.7770380551037));
#12239=CARTESIAN_POINT('',(-17.3868900834742,-5.30397401839322,-56.7770380551037));
#12240=CARTESIAN_POINT('',(21.6262198330515,-3.70397401839322,-56.7770380551037));
#12241=CARTESIAN_POINT('',(21.6262198330515,1.83322607606189,-56.7770380551037));
#12242=CARTESIAN_POINT('',(-13.3868900834742,-3.70397401839322,-56.7770380551037));
#12243=CARTESIAN_POINT('',(21.2262198330515,-3.70397401839303,-56.7770380551037));
#12244=CARTESIAN_POINT('',(21.2262198330515,-5.30397401839303,-56.7770380551037));
#12245=CARTESIAN_POINT('',(21.2262198330515,1.03322607606198,-56.7770380551037));
#12246=CARTESIAN_POINT('',(13.2262198330515,-5.30397401839303,-56.7770380551037));
#12247=CARTESIAN_POINT('',(-21.5868900834742,-5.30397401839303,-56.7770380551037));
#12248=CARTESIAN_POINT('',(13.2262198330515,-3.70397401839303,-56.7770380551037));
#12249=CARTESIAN_POINT('',(13.2262198330515,1.83322607606198,-56.7770380551037));
#12250=CARTESIAN_POINT('',(-17.5868900834742,-3.70397401839303,-56.7770380551037));
#12251=CARTESIAN_POINT('',(12.8262198330515,-3.70397401839284,-56.7770380551037));
#12252=CARTESIAN_POINT('',(12.8262198330515,-5.30397401839284,-56.7770380551037));
#12253=CARTESIAN_POINT('',(12.8262198330515,1.03322607606208,-56.7770380551037));
#12254=CARTESIAN_POINT('',(4.82621983305154,-5.30397401839284,-56.7770380551037));
#12255=CARTESIAN_POINT('',(-25.7868900834742,-5.30397401839284,-56.7770380551037));
#12256=CARTESIAN_POINT('',(4.82621983305154,-3.70397401839284,-56.7770380551037));
#12257=CARTESIAN_POINT('',(4.82621983305154,1.83322607606208,-56.7770380551037));
#12258=CARTESIAN_POINT('',(-21.7868900834742,-3.70397401839284,-56.7770380551037));
#12259=CARTESIAN_POINT('',(4.42621983305154,-3.70397401839265,-56.7770380551037));
#12260=CARTESIAN_POINT('',(4.42621983305154,-5.30397401839265,-56.7770380551037));
#12261=CARTESIAN_POINT('',(4.42621983305154,1.03322607606217,-56.7770380551037));
#12262=CARTESIAN_POINT('',(-3.57378016694846,-5.30397401839265,-56.7770380551037));
#12263=CARTESIAN_POINT('',(-29.9868900834742,-5.30397401839265,-56.7770380551037));
#12264=CARTESIAN_POINT('',(-3.57378016694846,-3.70397401839265,-56.7770380551037));
#12265=CARTESIAN_POINT('',(-3.57378016694846,1.83322607606217,-56.7770380551037));
#12266=CARTESIAN_POINT('',(-25.9868900834742,-3.70397401839265,-56.7770380551037));
#12267=CARTESIAN_POINT('',(-3.97378016694846,-3.70397401839246,-56.7770380551037));
#12268=CARTESIAN_POINT('',(-3.97378016694846,-5.30397401839246,-56.7770380551037));
#12269=CARTESIAN_POINT('',(-3.97378016694846,1.03322607606227,-56.7770380551037));
#12270=CARTESIAN_POINT('',(-11.9737801669485,-5.30397401839246,-56.7770380551037));
#12271=CARTESIAN_POINT('',(-34.1868900834742,-5.30397401839246,-56.7770380551037));
#12272=CARTESIAN_POINT('',(-11.9737801669485,-3.70397401839246,-56.7770380551037));
#12273=CARTESIAN_POINT('',(-11.9737801669485,1.83322607606227,-56.7770380551037));
#12274=CARTESIAN_POINT('',(-30.1868900834742,-3.70397401839246,-56.7770380551037));
#12275=CARTESIAN_POINT('',(-12.3737801669485,-3.70397401839227,-56.7770380551037));
#12276=CARTESIAN_POINT('',(-12.3737801669485,-5.30397401839227,-56.7770380551037));
#12277=CARTESIAN_POINT('',(-12.3737801669485,1.03322607606236,-56.7770380551037));
#12278=CARTESIAN_POINT('',(-20.3737801669485,-5.30397401839227,-56.7770380551037));
#12279=CARTESIAN_POINT('',(-38.3868900834742,-5.30397401839227,-56.7770380551037));
#12280=CARTESIAN_POINT('',(-20.3737801669485,-3.70397401839227,-56.7770380551037));
#12281=CARTESIAN_POINT('',(-20.3737801669485,1.83322607606236,-56.7770380551037));
#12282=CARTESIAN_POINT('',(-34.3868900834742,-3.70397401839227,-56.7770380551037));
#12283=CARTESIAN_POINT('',(-20.7737801669485,-3.70397401839208,-56.7770380551037));
#12284=CARTESIAN_POINT('',(-20.7737801669485,-5.30397401839208,-56.7770380551037));
#12285=CARTESIAN_POINT('',(-20.7737801669485,1.03322607606246,-56.7770380551037));
#12286=CARTESIAN_POINT('',(-28.7737801669485,-5.30397401839208,-56.7770380551037));
#12287=CARTESIAN_POINT('',(-42.5868900834742,-5.30397401839208,-56.7770380551037));
#12288=CARTESIAN_POINT('',(-28.7737801669485,-3.70397401839208,-56.7770380551037));
#12289=CARTESIAN_POINT('',(-28.7737801669485,1.83322607606246,-56.7770380551037));
#12290=CARTESIAN_POINT('',(-38.5868900834742,-3.70397401839208,-56.7770380551037));
#12291=CARTESIAN_POINT('',(-29.1737801669485,-3.70397401839189,-56.7770380551037));
#12292=CARTESIAN_POINT('',(-29.1737801669485,-5.30397401839189,-56.7770380551037));
#12293=CARTESIAN_POINT('',(-29.1737801669485,1.03322607606255,-56.7770380551037));
#12294=CARTESIAN_POINT('',(-37.1737801669485,-5.30397401839189,-56.7770380551037));
#12295=CARTESIAN_POINT('',(-46.7868900834742,-5.30397401839189,-56.7770380551037));
#12296=CARTESIAN_POINT('',(-37.1737801669485,-3.70397401839189,-56.7770380551037));
#12297=CARTESIAN_POINT('',(-37.1737801669485,1.83322607606255,-56.7770380551037));
#12298=CARTESIAN_POINT('',(-42.7868900834742,-3.70397401839189,-56.7770380551037));
#12299=CARTESIAN_POINT('',(-37.5737801669485,-3.7039740183917,-56.7770380551037));
#12300=CARTESIAN_POINT('',(-37.5737801669485,-5.3039740183917,-56.7770380551037));
#12301=CARTESIAN_POINT('',(-37.5737801669485,1.03322607606265,-56.7770380551037));
#12302=CARTESIAN_POINT('',(-45.5737801669485,-5.3039740183917,-56.7770380551037));
#12303=CARTESIAN_POINT('',(-50.9868900834742,-5.3039740183917,-56.7770380551037));
#12304=CARTESIAN_POINT('',(-45.5737801669485,-3.7039740183917,-56.7770380551037));
#12305=CARTESIAN_POINT('',(-45.5737801669485,1.83322607606265,-56.7770380551037));
#12306=CARTESIAN_POINT('',(-46.9868900834742,-3.7039740183917,-56.7770380551037));
#12307=CARTESIAN_POINT('',(-45.9737801669485,-3.70397401839151,-56.7770380551037));
#12308=CARTESIAN_POINT('',(-45.9737801669485,-5.30397401839151,-56.7770380551037));
#12309=CARTESIAN_POINT('',(-45.9737801669485,1.03322607606275,-56.7770380551037));
#12310=CARTESIAN_POINT('',(-53.9737801669485,-5.30397401839151,-56.7770380551037));
#12311=CARTESIAN_POINT('',(-55.1868900834742,-5.30397401839151,-56.7770380551037));
#12312=CARTESIAN_POINT('',(-53.9737801669485,-3.70397401839151,-56.7770380551037));
#12313=CARTESIAN_POINT('',(-53.9737801669485,1.83322607606275,-56.7770380551037));
#12314=CARTESIAN_POINT('',(-51.1868900834742,-3.70397401839151,-56.7770380551037));
#12315=CARTESIAN_POINT('',(46.4262198330509,-1.7039740183936,-56.7770380551037));
#12316=CARTESIAN_POINT('',(46.4262198330509,-3.3039740183936,-56.7770380551037));
#12317=CARTESIAN_POINT('',(46.4262198330509,2.0332260760617,-56.7770380551037));
#12318=CARTESIAN_POINT('',(38.4262198330509,-3.3039740183936,-56.7770380551037));
#12319=CARTESIAN_POINT('',(-8.98689008347451,-3.3039740183936,-56.7770380551037));
#12320=CARTESIAN_POINT('',(38.4262198330509,-1.7039740183936,-56.7770380551037));
#12321=CARTESIAN_POINT('',(38.4262198330509,2.8332260760617,-56.7770380551037));
#12322=CARTESIAN_POINT('',(-4.98689008347451,-1.7039740183936,-56.7770380551037));
#12323=CARTESIAN_POINT('',(38.0262198330509,-1.70397401839341,-56.7770380551037));
#12324=CARTESIAN_POINT('',(38.0262198330509,-3.30397401839341,-56.7770380551037));
#12325=CARTESIAN_POINT('',(38.0262198330509,2.03322607606179,-56.7770380551037));
#12326=CARTESIAN_POINT('',(30.0262198330509,-3.30397401839341,-56.7770380551037));
#12327=CARTESIAN_POINT('',(-13.1868900834745,-3.30397401839341,-56.7770380551037));
#12328=CARTESIAN_POINT('',(30.0262198330509,-1.70397401839341,-56.7770380551037));
#12329=CARTESIAN_POINT('',(30.0262198330509,2.83322607606179,-56.7770380551037));
#12330=CARTESIAN_POINT('',(-9.18689008347451,-1.70397401839341,-56.7770380551037));
#12331=CARTESIAN_POINT('',(29.6262198330509,-1.70397401839322,-56.7770380551037));
#12332=CARTESIAN_POINT('',(29.6262198330509,-3.30397401839322,-56.7770380551037));
#12333=CARTESIAN_POINT('',(29.6262198330509,2.03322607606189,-56.7770380551037));
#12334=CARTESIAN_POINT('',(21.6262198330509,-3.30397401839322,-56.7770380551037));
#12335=CARTESIAN_POINT('',(-17.3868900834745,-3.30397401839322,-56.7770380551037));
#12336=CARTESIAN_POINT('',(21.6262198330509,-1.70397401839322,-56.7770380551037));
#12337=CARTESIAN_POINT('',(21.6262198330509,2.83322607606189,-56.7770380551037));
#12338=CARTESIAN_POINT('',(-13.3868900834745,-1.70397401839322,-56.7770380551037));
#12339=CARTESIAN_POINT('',(21.2262198330509,-1.70397401839303,-56.7770380551037));
#12340=CARTESIAN_POINT('',(21.2262198330509,-3.30397401839303,-56.7770380551037));
#12341=CARTESIAN_POINT('',(21.2262198330509,2.03322607606198,-56.7770380551037));
#12342=CARTESIAN_POINT('',(13.2262198330509,-3.30397401839303,-56.7770380551037));
#12343=CARTESIAN_POINT('',(-21.5868900834745,-3.30397401839303,-56.7770380551037));
#12344=CARTESIAN_POINT('',(13.2262198330509,-1.70397401839303,-56.7770380551037));
#12345=CARTESIAN_POINT('',(13.2262198330509,2.83322607606198,-56.7770380551037));
#12346=CARTESIAN_POINT('',(-17.5868900834745,-1.70397401839303,-56.7770380551037));
#12347=CARTESIAN_POINT('',(12.8262198330509,-1.70397401839284,-56.7770380551037));
#12348=CARTESIAN_POINT('',(12.8262198330509,-3.30397401839284,-56.7770380551037));
#12349=CARTESIAN_POINT('',(12.8262198330509,2.03322607606208,-56.7770380551037));
#12350=CARTESIAN_POINT('',(4.82621983305087,-3.30397401839284,-56.7770380551037));
#12351=CARTESIAN_POINT('',(-25.7868900834745,-3.30397401839284,-56.7770380551037));
#12352=CARTESIAN_POINT('',(4.82621983305087,-1.70397401839284,-56.7770380551037));
#12353=CARTESIAN_POINT('',(4.82621983305087,2.83322607606208,-56.7770380551037));
#12354=CARTESIAN_POINT('',(-21.7868900834745,-1.70397401839284,-56.7770380551037));
#12355=CARTESIAN_POINT('',(4.42621983305087,-1.70397401839265,-56.7770380551037));
#12356=CARTESIAN_POINT('',(4.42621983305087,-3.30397401839265,-56.7770380551037));
#12357=CARTESIAN_POINT('',(4.42621983305087,2.03322607606217,-56.7770380551037));
#12358=CARTESIAN_POINT('',(-3.57378016694913,-3.30397401839265,-56.7770380551037));
#12359=CARTESIAN_POINT('',(-29.9868900834745,-3.30397401839265,-56.7770380551037));
#12360=CARTESIAN_POINT('',(-3.57378016694913,-1.70397401839265,-56.7770380551037));
#12361=CARTESIAN_POINT('',(-3.57378016694913,2.83322607606217,-56.7770380551037));
#12362=CARTESIAN_POINT('',(-25.9868900834745,-1.70397401839265,-56.7770380551037));
#12363=CARTESIAN_POINT('',(-3.97378016694913,-1.70397401839246,-56.7770380551037));
#12364=CARTESIAN_POINT('',(-3.97378016694913,-3.30397401839246,-56.7770380551037));
#12365=CARTESIAN_POINT('',(-3.97378016694913,2.03322607606227,-56.7770380551037));
#12366=CARTESIAN_POINT('',(-11.9737801669491,-3.30397401839246,-56.7770380551037));
#12367=CARTESIAN_POINT('',(-34.1868900834745,-3.30397401839246,-56.7770380551037));
#12368=CARTESIAN_POINT('',(-11.9737801669491,-1.70397401839246,-56.7770380551037));
#12369=CARTESIAN_POINT('',(-11.9737801669491,2.83322607606227,-56.7770380551037));
#12370=CARTESIAN_POINT('',(-30.1868900834745,-1.70397401839246,-56.7770380551037));
#12371=CARTESIAN_POINT('',(-12.3737801669491,-1.70397401839227,-56.7770380551037));
#12372=CARTESIAN_POINT('',(-12.3737801669491,-3.30397401839227,-56.7770380551037));
#12373=CARTESIAN_POINT('',(-12.3737801669491,2.03322607606236,-56.7770380551037));
#12374=CARTESIAN_POINT('',(-20.3737801669491,-3.30397401839227,-56.7770380551037));
#12375=CARTESIAN_POINT('',(-38.3868900834745,-3.30397401839227,-56.7770380551037));
#12376=CARTESIAN_POINT('',(-20.3737801669491,-1.70397401839227,-56.7770380551037));
#12377=CARTESIAN_POINT('',(-20.3737801669491,2.83322607606236,-56.7770380551037));
#12378=CARTESIAN_POINT('',(-34.3868900834745,-1.70397401839227,-56.7770380551037));
#12379=CARTESIAN_POINT('',(-20.7737801669491,-1.70397401839208,-56.7770380551037));
#12380=CARTESIAN_POINT('',(-20.7737801669491,-3.30397401839208,-56.7770380551037));
#12381=CARTESIAN_POINT('',(-20.7737801669491,2.03322607606246,-56.7770380551037));
#12382=CARTESIAN_POINT('',(-28.7737801669491,-3.30397401839208,-56.7770380551037));
#12383=CARTESIAN_POINT('',(-42.5868900834745,-3.30397401839208,-56.7770380551037));
#12384=CARTESIAN_POINT('',(-28.7737801669491,-1.70397401839208,-56.7770380551037));
#12385=CARTESIAN_POINT('',(-28.7737801669491,2.83322607606246,-56.7770380551037));
#12386=CARTESIAN_POINT('',(-38.5868900834745,-1.70397401839208,-56.7770380551037));
#12387=CARTESIAN_POINT('',(-29.1737801669491,-1.70397401839189,-56.7770380551037));
#12388=CARTESIAN_POINT('',(-29.1737801669491,-3.30397401839189,-56.7770380551037));
#12389=CARTESIAN_POINT('',(-29.1737801669491,2.03322607606255,-56.7770380551037));
#12390=CARTESIAN_POINT('',(-37.1737801669491,-3.30397401839189,-56.7770380551037));
#12391=CARTESIAN_POINT('',(-46.7868900834745,-3.30397401839189,-56.7770380551037));
#12392=CARTESIAN_POINT('',(-37.1737801669491,-1.70397401839189,-56.7770380551037));
#12393=CARTESIAN_POINT('',(-37.1737801669491,2.83322607606256,-56.7770380551037));
#12394=CARTESIAN_POINT('',(-42.7868900834745,-1.70397401839189,-56.7770380551037));
#12395=CARTESIAN_POINT('',(-37.5737801669491,-1.7039740183917,-56.7770380551037));
#12396=CARTESIAN_POINT('',(-37.5737801669491,-3.3039740183917,-56.7770380551037));
#12397=CARTESIAN_POINT('',(-37.5737801669491,2.03322607606265,-56.7770380551037));
#12398=CARTESIAN_POINT('',(-45.5737801669491,-3.3039740183917,-56.7770380551037));
#12399=CARTESIAN_POINT('',(-50.9868900834745,-3.3039740183917,-56.7770380551037));
#12400=CARTESIAN_POINT('',(-45.5737801669491,-1.7039740183917,-56.7770380551037));
#12401=CARTESIAN_POINT('',(-45.5737801669491,2.83322607606265,-56.7770380551037));
#12402=CARTESIAN_POINT('',(-46.9868900834745,-1.7039740183917,-56.7770380551037));
#12403=CARTESIAN_POINT('',(-45.9737801669491,-1.70397401839151,-56.7770380551037));
#12404=CARTESIAN_POINT('',(-45.9737801669491,-3.30397401839151,-56.7770380551037));
#12405=CARTESIAN_POINT('',(-45.9737801669491,2.03322607606275,-56.7770380551037));
#12406=CARTESIAN_POINT('',(-53.9737801669491,-3.30397401839151,-56.7770380551037));
#12407=CARTESIAN_POINT('',(-55.1868900834745,-3.30397401839151,-56.7770380551037));
#12408=CARTESIAN_POINT('',(-53.9737801669491,-1.70397401839151,-56.7770380551037));
#12409=CARTESIAN_POINT('',(-53.9737801669491,2.83322607606275,-56.7770380551037));
#12410=CARTESIAN_POINT('',(-51.1868900834745,-1.70397401839151,-56.7770380551037));
#12411=CARTESIAN_POINT('',(46.4262198330502,0.296025981606403,-56.7770380551037));
#12412=CARTESIAN_POINT('',(46.4262198330502,-1.3039740183936,-56.7770380551037));
#12413=CARTESIAN_POINT('',(46.4262198330502,3.0332260760617,-56.7770380551037));
#12414=CARTESIAN_POINT('',(38.4262198330502,-1.3039740183936,-56.7770380551037));
#12415=CARTESIAN_POINT('',(-8.98689008347485,-1.3039740183936,-56.7770380551037));
#12416=CARTESIAN_POINT('',(38.4262198330502,0.296025981606403,-56.7770380551037));
#12417=CARTESIAN_POINT('',(38.4262198330502,3.8332260760617,-56.7770380551037));
#12418=CARTESIAN_POINT('',(-4.98689008347484,0.296025981606402,-56.7770380551037));
#12419=CARTESIAN_POINT('',(38.0262198330502,0.296025981606593,-56.7770380551037));
#12420=CARTESIAN_POINT('',(38.0262198330502,-1.30397401839341,-56.7770380551037));
#12421=CARTESIAN_POINT('',(38.0262198330502,3.03322607606179,-56.7770380551037));
#12422=CARTESIAN_POINT('',(30.0262198330502,-1.30397401839341,-56.7770380551037));
#12423=CARTESIAN_POINT('',(-13.1868900834748,-1.30397401839341,-56.7770380551037));
#12424=CARTESIAN_POINT('',(30.0262198330502,0.296025981606593,-56.7770380551037));
#12425=CARTESIAN_POINT('',(30.0262198330502,3.83322607606179,-56.7770380551037));
#12426=CARTESIAN_POINT('',(-9.18689008347484,0.296025981606593,-56.7770380551037));
#12427=CARTESIAN_POINT('',(29.6262198330502,0.296025981606783,-56.7770380551037));
#12428=CARTESIAN_POINT('',(29.6262198330502,-1.30397401839322,-56.7770380551037));
#12429=CARTESIAN_POINT('',(29.6262198330502,3.03322607606189,-56.7770380551037));
#12430=CARTESIAN_POINT('',(21.6262198330502,-1.30397401839322,-56.7770380551037));
#12431=CARTESIAN_POINT('',(-17.3868900834748,-1.30397401839322,-56.7770380551037));
#12432=CARTESIAN_POINT('',(21.6262198330502,0.296025981606783,-56.7770380551037));
#12433=CARTESIAN_POINT('',(21.6262198330502,3.83322607606189,-56.7770380551037));
#12434=CARTESIAN_POINT('',(-13.3868900834748,0.296025981606783,-56.7770380551037));
#12435=CARTESIAN_POINT('',(21.2262198330502,0.296025981606973,-56.7770380551037));
#12436=CARTESIAN_POINT('',(21.2262198330502,-1.30397401839303,-56.7770380551037));
#12437=CARTESIAN_POINT('',(21.2262198330502,3.03322607606198,-56.7770380551037));
#12438=CARTESIAN_POINT('',(13.2262198330502,-1.30397401839303,-56.7770380551037));
#12439=CARTESIAN_POINT('',(-21.5868900834748,-1.30397401839303,-56.7770380551037));
#12440=CARTESIAN_POINT('',(13.2262198330502,0.296025981606973,-56.7770380551037));
#12441=CARTESIAN_POINT('',(13.2262198330502,3.83322607606198,-56.7770380551037));
#12442=CARTESIAN_POINT('',(-17.5868900834748,0.296025981606973,-56.7770380551037));
#12443=CARTESIAN_POINT('',(12.8262198330502,0.296025981607163,-56.7770380551037));
#12444=CARTESIAN_POINT('',(12.8262198330502,-1.30397401839284,-56.7770380551037));
#12445=CARTESIAN_POINT('',(12.8262198330502,3.03322607606208,-56.7770380551037));
#12446=CARTESIAN_POINT('',(4.82621983305021,-1.30397401839284,-56.7770380551037));
#12447=CARTESIAN_POINT('',(-25.7868900834748,-1.30397401839284,-56.7770380551037));
#12448=CARTESIAN_POINT('',(4.82621983305021,0.296025981607163,-56.7770380551037));
#12449=CARTESIAN_POINT('',(4.82621983305021,3.83322607606208,-56.7770380551037));
#12450=CARTESIAN_POINT('',(-21.7868900834748,0.296025981607163,-56.7770380551037));
#12451=CARTESIAN_POINT('',(-3.97378016694979,0.296025981607544,-56.7770380551037));
#12452=CARTESIAN_POINT('',(-3.97378016694979,-1.30397401839246,-56.7770380551037));
#12453=CARTESIAN_POINT('',(-3.97378016694979,3.03322607606227,-56.7770380551037));
#12454=CARTESIAN_POINT('',(-11.9737801669498,-1.30397401839246,-56.7770380551037));
#12455=CARTESIAN_POINT('',(-34.1868900834748,-1.30397401839246,-56.7770380551037));
#12456=CARTESIAN_POINT('',(-11.9737801669498,0.296025981607544,-56.7770380551037));
#12457=CARTESIAN_POINT('',(-11.9737801669498,3.83322607606227,-56.7770380551037));
#12458=CARTESIAN_POINT('',(-30.1868900834748,0.296025981607544,-56.7770380551037));
#12459=CARTESIAN_POINT('',(-12.3737801669498,0.296025981607734,-56.7770380551037));
#12460=CARTESIAN_POINT('',(-12.3737801669498,-1.30397401839227,-56.7770380551037));
#12461=CARTESIAN_POINT('',(-12.3737801669498,3.03322607606236,-56.7770380551037));
#12462=CARTESIAN_POINT('',(-20.3737801669498,-1.30397401839227,-56.7770380551037));
#12463=CARTESIAN_POINT('',(-38.3868900834748,-1.30397401839227,-56.7770380551037));
#12464=CARTESIAN_POINT('',(-20.3737801669498,0.296025981607734,-56.7770380551037));
#12465=CARTESIAN_POINT('',(-20.3737801669498,3.83322607606237,-56.7770380551037));
#12466=CARTESIAN_POINT('',(-34.3868900834748,0.296025981607733,-56.7770380551037));
#12467=CARTESIAN_POINT('',(-20.7737801669498,0.296025981607924,-56.7770380551037));
#12468=CARTESIAN_POINT('',(-20.7737801669498,-1.30397401839208,-56.7770380551037));
#12469=CARTESIAN_POINT('',(-20.7737801669498,3.03322607606246,-56.7770380551037));
#12470=CARTESIAN_POINT('',(-28.7737801669498,-1.30397401839208,-56.7770380551037));
#12471=CARTESIAN_POINT('',(-42.5868900834748,-1.30397401839208,-56.7770380551037));
#12472=CARTESIAN_POINT('',(-28.7737801669498,0.296025981607924,-56.7770380551037));
#12473=CARTESIAN_POINT('',(-28.7737801669498,3.83322607606246,-56.7770380551037));
#12474=CARTESIAN_POINT('',(-38.5868900834748,0.296025981607924,-56.7770380551037));
#12475=CARTESIAN_POINT('',(-29.1737801669498,0.296025981608114,-56.7770380551037));
#12476=CARTESIAN_POINT('',(-29.1737801669498,-1.30397401839189,-56.7770380551037));
#12477=CARTESIAN_POINT('',(-29.1737801669498,3.03322607606256,-56.7770380551037));
#12478=CARTESIAN_POINT('',(-37.1737801669498,-1.30397401839189,-56.7770380551037));
#12479=CARTESIAN_POINT('',(-46.7868900834748,-1.30397401839189,-56.7770380551037));
#12480=CARTESIAN_POINT('',(-37.1737801669498,0.296025981608114,-56.7770380551037));
#12481=CARTESIAN_POINT('',(-37.1737801669498,3.83322607606256,-56.7770380551037));
#12482=CARTESIAN_POINT('',(-42.7868900834748,0.296025981608114,-56.7770380551037));
#12483=CARTESIAN_POINT('',(-37.5737801669498,0.296025981608304,-56.7770380551037));
#12484=CARTESIAN_POINT('',(-37.5737801669498,-1.3039740183917,-56.7770380551037));
#12485=CARTESIAN_POINT('',(-37.5737801669498,3.03322607606265,-56.7770380551037));
#12486=CARTESIAN_POINT('',(-45.5737801669498,-1.3039740183917,-56.7770380551037));
#12487=CARTESIAN_POINT('',(-50.9868900834748,-1.3039740183917,-56.7770380551037));
#12488=CARTESIAN_POINT('',(-45.5737801669498,0.296025981608304,-56.7770380551037));
#12489=CARTESIAN_POINT('',(-45.5737801669498,3.83322607606265,-56.7770380551037));
#12490=CARTESIAN_POINT('',(-46.9868900834748,0.296025981608304,-56.7770380551037));
#12491=CARTESIAN_POINT('',(-45.9737801669498,0.296025981608494,-56.7770380551037));
#12492=CARTESIAN_POINT('',(-45.9737801669498,-1.30397401839151,-56.7770380551037));
#12493=CARTESIAN_POINT('',(-45.9737801669498,3.03322607606275,-56.7770380551037));
#12494=CARTESIAN_POINT('',(-53.9737801669498,-1.30397401839151,-56.7770380551037));
#12495=CARTESIAN_POINT('',(-55.1868900834749,-1.30397401839151,-56.7770380551037));
#12496=CARTESIAN_POINT('',(-53.9737801669498,0.296025981608494,-56.7770380551037));
#12497=CARTESIAN_POINT('',(-53.9737801669498,3.83322607606275,-56.7770380551037));
#12498=CARTESIAN_POINT('',(-51.1868900834749,0.296025981608494,-56.7770380551037));
#12499=CARTESIAN_POINT('',(46.4262198330495,2.2960259816064,-56.7770380551037));
#12500=CARTESIAN_POINT('',(46.4262198330495,0.696025981606403,-56.7770380551037));
#12501=CARTESIAN_POINT('',(46.4262198330495,4.0332260760617,-56.7770380551037));
#12502=CARTESIAN_POINT('',(38.4262198330495,0.696025981606403,-56.7770380551037));
#12503=CARTESIAN_POINT('',(-8.98689008347518,0.696025981606403,-56.7770380551037));
#12504=CARTESIAN_POINT('',(38.4262198330495,2.2960259816064,-56.7770380551037));
#12505=CARTESIAN_POINT('',(38.4262198330495,4.8332260760617,-56.7770380551037));
#12506=CARTESIAN_POINT('',(-4.98689008347518,2.2960259816064,-56.7770380551037));
#12507=CARTESIAN_POINT('',(38.0262198330495,2.29602598160659,-56.7770380551037));
#12508=CARTESIAN_POINT('',(38.0262198330495,0.696025981606593,-56.7770380551037));
#12509=CARTESIAN_POINT('',(38.0262198330495,4.0332260760618,-56.7770380551037));
#12510=CARTESIAN_POINT('',(30.0262198330495,0.696025981606593,-56.7770380551037));
#12511=CARTESIAN_POINT('',(-13.1868900834752,0.696025981606594,-56.7770380551037));
#12512=CARTESIAN_POINT('',(30.0262198330495,2.29602598160659,-56.7770380551037));
#12513=CARTESIAN_POINT('',(30.0262198330495,4.83322607606179,-56.7770380551037));
#12514=CARTESIAN_POINT('',(-9.18689008347518,2.29602598160659,-56.7770380551037));
#12515=CARTESIAN_POINT('',(29.6262198330495,2.29602598160678,-56.7770380551037));
#12516=CARTESIAN_POINT('',(29.6262198330495,0.696025981606783,-56.7770380551037));
#12517=CARTESIAN_POINT('',(29.6262198330495,4.03322607606189,-56.7770380551037));
#12518=CARTESIAN_POINT('',(21.6262198330495,0.696025981606783,-56.7770380551037));
#12519=CARTESIAN_POINT('',(-17.3868900834752,0.696025981606784,-56.7770380551037));
#12520=CARTESIAN_POINT('',(21.6262198330495,2.29602598160678,-56.7770380551037));
#12521=CARTESIAN_POINT('',(21.6262198330495,4.83322607606189,-56.7770380551037));
#12522=CARTESIAN_POINT('',(-13.3868900834752,2.29602598160678,-56.7770380551037));
#12523=CARTESIAN_POINT('',(21.2262198330495,2.29602598160697,-56.7770380551037));
#12524=CARTESIAN_POINT('',(21.2262198330495,0.696025981606973,-56.7770380551037));
#12525=CARTESIAN_POINT('',(21.2262198330495,4.03322607606199,-56.7770380551037));
#12526=CARTESIAN_POINT('',(13.2262198330495,0.696025981606973,-56.7770380551037));
#12527=CARTESIAN_POINT('',(-21.5868900834752,0.696025981606973,-56.7770380551037));
#12528=CARTESIAN_POINT('',(13.2262198330495,2.29602598160697,-56.7770380551037));
#12529=CARTESIAN_POINT('',(13.2262198330495,4.83322607606198,-56.7770380551037));
#12530=CARTESIAN_POINT('',(-17.5868900834752,2.29602598160697,-56.7770380551037));
#12531=CARTESIAN_POINT('',(12.8262198330495,2.29602598160716,-56.7770380551037));
#12532=CARTESIAN_POINT('',(12.8262198330495,0.696025981607163,-56.7770380551037));
#12533=CARTESIAN_POINT('',(12.8262198330495,4.03322607606208,-56.7770380551037));
#12534=CARTESIAN_POINT('',(4.82621983304955,0.696025981607163,-56.7770380551037));
#12535=CARTESIAN_POINT('',(-25.7868900834752,0.696025981607163,-56.7770380551037));
#12536=CARTESIAN_POINT('',(4.82621983304955,2.29602598160716,-56.7770380551037));
#12537=CARTESIAN_POINT('',(4.82621983304955,4.83322607606208,-56.7770380551037));
#12538=CARTESIAN_POINT('',(-21.7868900834752,2.29602598160716,-56.7770380551037));
#12539=CARTESIAN_POINT('',(4.42621983304954,2.29602598160735,-56.7770380551037));
#12540=CARTESIAN_POINT('',(4.42621983304954,0.696025981607354,-56.7770380551037));
#12541=CARTESIAN_POINT('',(4.42621983304955,4.03322607606217,-56.7770380551037));
#12542=CARTESIAN_POINT('',(-3.57378016695046,0.696025981607354,-56.7770380551037));
#12543=CARTESIAN_POINT('',(-29.9868900834752,0.696025981607353,-56.7770380551037));
#12544=CARTESIAN_POINT('',(-3.57378016695046,2.29602598160735,-56.7770380551037));
#12545=CARTESIAN_POINT('',(-3.57378016695046,4.83322607606218,-56.7770380551037));
#12546=CARTESIAN_POINT('',(-25.9868900834752,2.29602598160735,-56.7770380551037));
#12547=CARTESIAN_POINT('',(-3.97378016695046,2.29602598160754,-56.7770380551037));
#12548=CARTESIAN_POINT('',(-3.97378016695046,0.696025981607544,-56.7770380551037));
#12549=CARTESIAN_POINT('',(-3.97378016695045,4.03322607606227,-56.7770380551037));
#12550=CARTESIAN_POINT('',(-11.9737801669505,0.696025981607544,-56.7770380551037));
#12551=CARTESIAN_POINT('',(-34.1868900834752,0.696025981607544,-56.7770380551037));
#12552=CARTESIAN_POINT('',(-11.9737801669505,2.29602598160754,-56.7770380551037));
#12553=CARTESIAN_POINT('',(-11.9737801669505,4.83322607606227,-56.7770380551037));
#12554=CARTESIAN_POINT('',(-30.1868900834752,2.29602598160754,-56.7770380551037));
#12555=CARTESIAN_POINT('',(-12.3737801669505,2.29602598160773,-56.7770380551037));
#12556=CARTESIAN_POINT('',(-12.3737801669505,0.696025981607734,-56.7770380551037));
#12557=CARTESIAN_POINT('',(-12.3737801669505,4.03322607606237,-56.7770380551037));
#12558=CARTESIAN_POINT('',(-20.3737801669505,0.696025981607734,-56.7770380551037));
#12559=CARTESIAN_POINT('',(-38.3868900834752,0.696025981607734,-56.7770380551037));
#12560=CARTESIAN_POINT('',(-20.3737801669505,2.29602598160773,-56.7770380551037));
#12561=CARTESIAN_POINT('',(-20.3737801669505,4.83322607606237,-56.7770380551037));
#12562=CARTESIAN_POINT('',(-34.3868900834752,2.29602598160773,-56.7770380551037));
#12563=CARTESIAN_POINT('',(-20.7737801669505,2.29602598160792,-56.7770380551037));
#12564=CARTESIAN_POINT('',(-20.7737801669505,0.696025981607924,-56.7770380551037));
#12565=CARTESIAN_POINT('',(-20.7737801669505,4.03322607606246,-56.7770380551037));
#12566=CARTESIAN_POINT('',(-28.7737801669505,0.696025981607924,-56.7770380551037));
#12567=CARTESIAN_POINT('',(-42.5868900834752,0.696025981607924,-56.7770380551037));
#12568=CARTESIAN_POINT('',(-28.7737801669505,2.29602598160792,-56.7770380551037));
#12569=CARTESIAN_POINT('',(-28.7737801669505,4.83322607606246,-56.7770380551037));
#12570=CARTESIAN_POINT('',(-38.5868900834752,2.29602598160792,-56.7770380551037));
#12571=CARTESIAN_POINT('',(-29.1737801669505,2.29602598160811,-56.7770380551037));
#12572=CARTESIAN_POINT('',(-29.1737801669505,0.696025981608114,-56.7770380551037));
#12573=CARTESIAN_POINT('',(-29.1737801669505,4.03322607606256,-56.7770380551037));
#12574=CARTESIAN_POINT('',(-37.1737801669505,0.696025981608114,-56.7770380551037));
#12575=CARTESIAN_POINT('',(-46.7868900834752,0.696025981608115,-56.7770380551037));
#12576=CARTESIAN_POINT('',(-37.1737801669505,2.29602598160811,-56.7770380551037));
#12577=CARTESIAN_POINT('',(-37.1737801669505,4.83322607606256,-56.7770380551037));
#12578=CARTESIAN_POINT('',(-42.7868900834752,2.29602598160811,-56.7770380551037));
#12579=CARTESIAN_POINT('',(-37.5737801669505,2.2960259816083,-56.7770380551037));
#12580=CARTESIAN_POINT('',(-37.5737801669505,0.696025981608305,-56.7770380551037));
#12581=CARTESIAN_POINT('',(-37.5737801669505,4.03322607606265,-56.7770380551037));
#12582=CARTESIAN_POINT('',(-45.5737801669505,0.696025981608305,-56.7770380551037));
#12583=CARTESIAN_POINT('',(-50.9868900834752,0.696025981608305,-56.7770380551037));
#12584=CARTESIAN_POINT('',(-45.5737801669505,2.2960259816083,-56.7770380551037));
#12585=CARTESIAN_POINT('',(-45.5737801669505,4.83322607606265,-56.7770380551037));
#12586=CARTESIAN_POINT('',(-46.9868900834752,2.2960259816083,-56.7770380551037));
#12587=CARTESIAN_POINT('',(-45.9737801669505,2.2960259816085,-56.7770380551037));
#12588=CARTESIAN_POINT('',(-45.9737801669505,0.696025981608495,-56.7770380551037));
#12589=CARTESIAN_POINT('',(-45.9737801669505,4.03322607606275,-56.7770380551037));
#12590=CARTESIAN_POINT('',(-53.9737801669505,0.696025981608495,-56.7770380551037));
#12591=CARTESIAN_POINT('',(-55.1868900834752,0.696025981608494,-56.7770380551037));
#12592=CARTESIAN_POINT('',(-53.9737801669505,2.2960259816085,-56.7770380551037));
#12593=CARTESIAN_POINT('',(-53.9737801669505,4.83322607606275,-56.7770380551037));
#12594=CARTESIAN_POINT('',(-51.1868900834752,2.29602598160849,-56.7770380551037));
#12595=CARTESIAN_POINT('',(46.4262198330489,4.2960259816064,-56.7770380551037));
#12596=CARTESIAN_POINT('',(46.4262198330489,2.6960259816064,-56.7770380551037));
#12597=CARTESIAN_POINT('',(46.4262198330489,5.0332260760617,-56.7770380551037));
#12598=CARTESIAN_POINT('',(38.4262198330489,2.6960259816064,-56.7770380551037));
#12599=CARTESIAN_POINT('',(-8.98689008347551,2.6960259816064,-56.7770380551037));
#12600=CARTESIAN_POINT('',(38.4262198330489,4.2960259816064,-56.7770380551037));
#12601=CARTESIAN_POINT('',(38.4262198330489,5.8332260760617,-56.7770380551037));
#12602=CARTESIAN_POINT('',(-4.98689008347551,4.2960259816064,-56.7770380551037));
#12603=CARTESIAN_POINT('',(38.0262198330489,4.29602598160659,-56.7770380551037));
#12604=CARTESIAN_POINT('',(38.0262198330489,2.69602598160659,-56.7770380551037));
#12605=CARTESIAN_POINT('',(38.0262198330489,5.0332260760618,-56.7770380551037));
#12606=CARTESIAN_POINT('',(30.0262198330489,2.69602598160659,-56.7770380551037));
#12607=CARTESIAN_POINT('',(-13.1868900834755,2.69602598160659,-56.7770380551037));
#12608=CARTESIAN_POINT('',(30.0262198330489,4.29602598160659,-56.7770380551037));
#12609=CARTESIAN_POINT('',(30.0262198330489,5.83322607606179,-56.7770380551037));
#12610=CARTESIAN_POINT('',(-9.18689008347551,4.29602598160659,-56.7770380551037));
#12611=CARTESIAN_POINT('',(29.6262198330489,4.29602598160678,-56.7770380551037));
#12612=CARTESIAN_POINT('',(29.6262198330489,2.69602598160678,-56.7770380551037));
#12613=CARTESIAN_POINT('',(29.6262198330489,5.03322607606189,-56.7770380551037));
#12614=CARTESIAN_POINT('',(21.6262198330489,2.69602598160678,-56.7770380551037));
#12615=CARTESIAN_POINT('',(-17.3868900834755,2.69602598160678,-56.7770380551037));
#12616=CARTESIAN_POINT('',(21.6262198330489,4.29602598160678,-56.7770380551037));
#12617=CARTESIAN_POINT('',(21.6262198330489,5.83322607606189,-56.7770380551037));
#12618=CARTESIAN_POINT('',(-13.3868900834755,4.29602598160678,-56.7770380551037));
#12619=CARTESIAN_POINT('',(21.2262198330489,4.29602598160697,-56.7770380551037));
#12620=CARTESIAN_POINT('',(21.2262198330489,2.69602598160697,-56.7770380551037));
#12621=CARTESIAN_POINT('',(21.2262198330489,5.03322607606199,-56.7770380551037));
#12622=CARTESIAN_POINT('',(13.2262198330489,2.69602598160697,-56.7770380551037));
#12623=CARTESIAN_POINT('',(-21.5868900834755,2.69602598160697,-56.7770380551037));
#12624=CARTESIAN_POINT('',(13.2262198330489,4.29602598160697,-56.7770380551037));
#12625=CARTESIAN_POINT('',(13.2262198330489,5.83322607606199,-56.7770380551037));
#12626=CARTESIAN_POINT('',(-17.5868900834755,4.29602598160697,-56.7770380551037));
#12627=CARTESIAN_POINT('',(12.8262198330489,4.29602598160716,-56.7770380551037));
#12628=CARTESIAN_POINT('',(12.8262198330489,2.69602598160716,-56.7770380551037));
#12629=CARTESIAN_POINT('',(12.8262198330489,5.03322607606208,-56.7770380551037));
#12630=CARTESIAN_POINT('',(4.82621983304888,2.69602598160716,-56.7770380551037));
#12631=CARTESIAN_POINT('',(-25.7868900834755,2.69602598160716,-56.7770380551037));
#12632=CARTESIAN_POINT('',(4.82621983304888,4.29602598160716,-56.7770380551037));
#12633=CARTESIAN_POINT('',(4.82621983304888,5.83322607606208,-56.7770380551037));
#12634=CARTESIAN_POINT('',(-21.7868900834755,4.29602598160716,-56.7770380551037));
#12635=CARTESIAN_POINT('',(4.42621983304888,4.29602598160735,-56.7770380551037));
#12636=CARTESIAN_POINT('',(4.42621983304888,2.69602598160735,-56.7770380551037));
#12637=CARTESIAN_POINT('',(4.42621983304888,5.03322607606218,-56.7770380551037));
#12638=CARTESIAN_POINT('',(-3.57378016695112,2.69602598160735,-56.7770380551037));
#12639=CARTESIAN_POINT('',(-29.9868900834755,2.69602598160735,-56.7770380551037));
#12640=CARTESIAN_POINT('',(-3.57378016695112,4.29602598160735,-56.7770380551037));
#12641=CARTESIAN_POINT('',(-3.57378016695112,5.83322607606218,-56.7770380551037));
#12642=CARTESIAN_POINT('',(-25.9868900834755,4.29602598160735,-56.7770380551037));
#12643=CARTESIAN_POINT('',(-3.97378016695112,4.29602598160754,-56.7770380551037));
#12644=CARTESIAN_POINT('',(-3.97378016695112,2.69602598160754,-56.7770380551037));
#12645=CARTESIAN_POINT('',(-3.97378016695112,5.03322607606227,-56.7770380551037));
#12646=CARTESIAN_POINT('',(-11.9737801669511,2.69602598160754,-56.7770380551037));
#12647=CARTESIAN_POINT('',(-34.1868900834755,2.69602598160755,-56.7770380551037));
#12648=CARTESIAN_POINT('',(-11.9737801669511,4.29602598160754,-56.7770380551037));
#12649=CARTESIAN_POINT('',(-11.9737801669511,5.83322607606227,-56.7770380551037));
#12650=CARTESIAN_POINT('',(-30.1868900834755,4.29602598160754,-56.7770380551037));
#12651=CARTESIAN_POINT('',(-12.3737801669511,4.29602598160773,-56.7770380551037));
#12652=CARTESIAN_POINT('',(-12.3737801669511,2.69602598160773,-56.7770380551037));
#12653=CARTESIAN_POINT('',(-12.3737801669511,5.03322607606237,-56.7770380551037));
#12654=CARTESIAN_POINT('',(-20.3737801669511,2.69602598160773,-56.7770380551037));
#12655=CARTESIAN_POINT('',(-38.3868900834755,2.69602598160773,-56.7770380551037));
#12656=CARTESIAN_POINT('',(-20.3737801669511,4.29602598160773,-56.7770380551037));
#12657=CARTESIAN_POINT('',(-20.3737801669511,5.83322607606237,-56.7770380551037));
#12658=CARTESIAN_POINT('',(-34.3868900834755,4.29602598160773,-56.7770380551037));
#12659=CARTESIAN_POINT('',(-20.7737801669511,4.29602598160792,-56.7770380551037));
#12660=CARTESIAN_POINT('',(-20.7737801669511,2.69602598160792,-56.7770380551037));
#12661=CARTESIAN_POINT('',(-20.7737801669511,5.03322607606246,-56.7770380551037));
#12662=CARTESIAN_POINT('',(-28.7737801669511,2.69602598160792,-56.7770380551037));
#12663=CARTESIAN_POINT('',(-42.5868900834755,2.69602598160792,-56.7770380551037));
#12664=CARTESIAN_POINT('',(-28.7737801669511,4.29602598160792,-56.7770380551037));
#12665=CARTESIAN_POINT('',(-28.7737801669511,5.83322607606246,-56.7770380551037));
#12666=CARTESIAN_POINT('',(-38.5868900834755,4.29602598160792,-56.7770380551037));
#12667=CARTESIAN_POINT('',(-29.1737801669511,4.29602598160811,-56.7770380551037));
#12668=CARTESIAN_POINT('',(-29.1737801669511,2.69602598160811,-56.7770380551037));
#12669=CARTESIAN_POINT('',(-29.1737801669511,5.03322607606256,-56.7770380551037));
#12670=CARTESIAN_POINT('',(-37.1737801669511,2.69602598160811,-56.7770380551037));
#12671=CARTESIAN_POINT('',(-46.7868900834755,2.69602598160811,-56.7770380551037));
#12672=CARTESIAN_POINT('',(-37.1737801669511,4.29602598160811,-56.7770380551037));
#12673=CARTESIAN_POINT('',(-37.1737801669511,5.83322607606256,-56.7770380551037));
#12674=CARTESIAN_POINT('',(-42.7868900834755,4.29602598160811,-56.7770380551037));
#12675=CARTESIAN_POINT('',(-37.5737801669511,4.29602598160831,-56.7770380551037));
#12676=CARTESIAN_POINT('',(-37.5737801669511,2.6960259816083,-56.7770380551037));
#12677=CARTESIAN_POINT('',(-37.5737801669511,5.03322607606265,-56.7770380551037));
#12678=CARTESIAN_POINT('',(-45.5737801669511,2.6960259816083,-56.7770380551037));
#12679=CARTESIAN_POINT('',(-50.9868900834755,2.6960259816083,-56.7770380551037));
#12680=CARTESIAN_POINT('',(-45.5737801669511,4.2960259816083,-56.7770380551037));
#12681=CARTESIAN_POINT('',(-45.5737801669511,5.83322607606265,-56.7770380551037));
#12682=CARTESIAN_POINT('',(-46.9868900834755,4.2960259816083,-56.7770380551037));
#12683=CARTESIAN_POINT('',(-45.9737801669511,4.2960259816085,-56.7770380551037));
#12684=CARTESIAN_POINT('',(-45.9737801669511,2.69602598160849,-56.7770380551037));
#12685=CARTESIAN_POINT('',(-45.9737801669511,5.03322607606275,-56.7770380551037));
#12686=CARTESIAN_POINT('',(-53.9737801669511,2.69602598160849,-56.7770380551037));
#12687=CARTESIAN_POINT('',(-55.1868900834755,2.6960259816085,-56.7770380551037));
#12688=CARTESIAN_POINT('',(-53.9737801669511,4.29602598160849,-56.7770380551037));
#12689=CARTESIAN_POINT('',(-53.9737801669511,5.83322607606275,-56.7770380551037));
#12690=CARTESIAN_POINT('',(-51.1868900834755,4.2960259816085,-56.7770380551037));
#12691=CARTESIAN_POINT('',(46.4262198330482,6.2960259816064,-56.7770380551037));
#12692=CARTESIAN_POINT('',(46.4262198330482,4.6960259816064,-56.7770380551037));
#12693=CARTESIAN_POINT('',(46.4262198330482,6.0332260760617,-56.7770380551037));
#12694=CARTESIAN_POINT('',(38.4262198330482,4.6960259816064,-56.7770380551037));
#12695=CARTESIAN_POINT('',(-8.98689008347584,4.6960259816064,-56.7770380551037));
#12696=CARTESIAN_POINT('',(38.4262198330482,6.2960259816064,-56.7770380551037));
#12697=CARTESIAN_POINT('',(38.4262198330482,6.8332260760617,-56.7770380551037));
#12698=CARTESIAN_POINT('',(-4.98689008347584,6.2960259816064,-56.7770380551037));
#12699=CARTESIAN_POINT('',(38.0262198330482,6.29602598160659,-56.7770380551037));
#12700=CARTESIAN_POINT('',(38.0262198330482,4.69602598160659,-56.7770380551037));
#12701=CARTESIAN_POINT('',(38.0262198330482,6.0332260760618,-56.7770380551037));
#12702=CARTESIAN_POINT('',(30.0262198330482,4.69602598160659,-56.7770380551037));
#12703=CARTESIAN_POINT('',(-13.1868900834758,4.69602598160659,-56.7770380551037));
#12704=CARTESIAN_POINT('',(30.0262198330482,6.29602598160659,-56.7770380551037));
#12705=CARTESIAN_POINT('',(30.0262198330482,6.8332260760618,-56.7770380551037));
#12706=CARTESIAN_POINT('',(-9.18689008347584,6.29602598160659,-56.7770380551037));
#12707=CARTESIAN_POINT('',(29.6262198330482,6.29602598160678,-56.7770380551037));
#12708=CARTESIAN_POINT('',(29.6262198330482,4.69602598160678,-56.7770380551037));
#12709=CARTESIAN_POINT('',(29.6262198330482,6.03322607606189,-56.7770380551037));
#12710=CARTESIAN_POINT('',(21.6262198330482,4.69602598160678,-56.7770380551037));
#12711=CARTESIAN_POINT('',(-17.3868900834758,4.69602598160678,-56.7770380551037));
#12712=CARTESIAN_POINT('',(21.6262198330482,6.29602598160678,-56.7770380551037));
#12713=CARTESIAN_POINT('',(21.6262198330482,6.83322607606189,-56.7770380551037));
#12714=CARTESIAN_POINT('',(-13.3868900834758,6.29602598160679,-56.7770380551037));
#12715=CARTESIAN_POINT('',(21.2262198330482,6.29602598160697,-56.7770380551037));
#12716=CARTESIAN_POINT('',(21.2262198330482,4.69602598160697,-56.7770380551037));
#12717=CARTESIAN_POINT('',(21.2262198330482,6.03322607606199,-56.7770380551037));
#12718=CARTESIAN_POINT('',(13.2262198330482,4.69602598160697,-56.7770380551037));
#12719=CARTESIAN_POINT('',(-21.5868900834758,4.69602598160697,-56.7770380551037));
#12720=CARTESIAN_POINT('',(13.2262198330482,6.29602598160697,-56.7770380551037));
#12721=CARTESIAN_POINT('',(13.2262198330482,6.83322607606199,-56.7770380551037));
#12722=CARTESIAN_POINT('',(-17.5868900834758,6.29602598160697,-56.7770380551037));
#12723=CARTESIAN_POINT('',(12.8262198330482,6.29602598160717,-56.7770380551037));
#12724=CARTESIAN_POINT('',(12.8262198330482,4.69602598160716,-56.7770380551037));
#12725=CARTESIAN_POINT('',(12.8262198330482,6.03322607606208,-56.7770380551037));
#12726=CARTESIAN_POINT('',(4.82621983304822,4.69602598160716,-56.7770380551037));
#12727=CARTESIAN_POINT('',(-25.7868900834758,4.69602598160717,-56.7770380551037));
#12728=CARTESIAN_POINT('',(4.82621983304822,6.29602598160717,-56.7770380551037));
#12729=CARTESIAN_POINT('',(4.82621983304822,6.83322607606208,-56.7770380551037));
#12730=CARTESIAN_POINT('',(-21.7868900834758,6.29602598160717,-56.7770380551037));
#12731=CARTESIAN_POINT('',(4.42621983304822,6.29602598160735,-56.7770380551037));
#12732=CARTESIAN_POINT('',(4.42621983304822,4.69602598160735,-56.7770380551037));
#12733=CARTESIAN_POINT('',(4.42621983304821,6.03322607606218,-56.7770380551037));
#12734=CARTESIAN_POINT('',(-3.57378016695178,4.69602598160735,-56.7770380551037));
#12735=CARTESIAN_POINT('',(-29.9868900834758,4.69602598160735,-56.7770380551037));
#12736=CARTESIAN_POINT('',(-3.57378016695178,6.29602598160735,-56.7770380551037));
#12737=CARTESIAN_POINT('',(-3.57378016695178,6.83322607606218,-56.7770380551037));
#12738=CARTESIAN_POINT('',(-25.9868900834758,6.29602598160735,-56.7770380551037));
#12739=CARTESIAN_POINT('',(-3.97378016695178,6.29602598160754,-56.7770380551037));
#12740=CARTESIAN_POINT('',(-3.97378016695178,4.69602598160754,-56.7770380551037));
#12741=CARTESIAN_POINT('',(-3.97378016695178,6.03322607606227,-56.7770380551037));
#12742=CARTESIAN_POINT('',(-11.9737801669518,4.69602598160754,-56.7770380551037));
#12743=CARTESIAN_POINT('',(-34.1868900834758,4.69602598160754,-56.7770380551037));
#12744=CARTESIAN_POINT('',(-11.9737801669518,6.29602598160754,-56.7770380551037));
#12745=CARTESIAN_POINT('',(-11.9737801669518,6.83322607606227,-56.7770380551037));
#12746=CARTESIAN_POINT('',(-30.1868900834758,6.29602598160754,-56.7770380551037));
#12747=CARTESIAN_POINT('',(-12.3737801669518,6.29602598160774,-56.7770380551037));
#12748=CARTESIAN_POINT('',(-12.3737801669518,4.69602598160774,-56.7770380551037));
#12749=CARTESIAN_POINT('',(-12.3737801669518,6.03322607606237,-56.7770380551037));
#12750=CARTESIAN_POINT('',(-20.3737801669518,4.69602598160774,-56.7770380551037));
#12751=CARTESIAN_POINT('',(-38.3868900834758,4.69602598160773,-56.7770380551037));
#12752=CARTESIAN_POINT('',(-20.3737801669518,6.29602598160774,-56.7770380551037));
#12753=CARTESIAN_POINT('',(-20.3737801669518,6.83322607606237,-56.7770380551037));
#12754=CARTESIAN_POINT('',(-34.3868900834758,6.29602598160774,-56.7770380551037));
#12755=CARTESIAN_POINT('',(-20.7737801669518,6.29602598160793,-56.7770380551037));
#12756=CARTESIAN_POINT('',(-20.7737801669518,4.69602598160792,-56.7770380551037));
#12757=CARTESIAN_POINT('',(-20.7737801669518,6.03322607606246,-56.7770380551037));
#12758=CARTESIAN_POINT('',(-28.7737801669518,4.69602598160792,-56.7770380551037));
#12759=CARTESIAN_POINT('',(-42.5868900834758,4.69602598160792,-56.7770380551037));
#12760=CARTESIAN_POINT('',(-28.7737801669518,6.29602598160793,-56.7770380551037));
#12761=CARTESIAN_POINT('',(-28.7737801669518,6.83322607606246,-56.7770380551037));
#12762=CARTESIAN_POINT('',(-38.5868900834758,6.29602598160793,-56.7770380551037));
#12763=CARTESIAN_POINT('',(-29.1737801669518,6.29602598160812,-56.7770380551037));
#12764=CARTESIAN_POINT('',(-29.1737801669518,4.69602598160811,-56.7770380551037));
#12765=CARTESIAN_POINT('',(-29.1737801669518,6.03322607606256,-56.7770380551037));
#12766=CARTESIAN_POINT('',(-37.1737801669518,4.69602598160811,-56.7770380551037));
#12767=CARTESIAN_POINT('',(-46.7868900834758,4.69602598160812,-56.7770380551037));
#12768=CARTESIAN_POINT('',(-37.1737801669518,6.29602598160812,-56.7770380551037));
#12769=CARTESIAN_POINT('',(-37.1737801669518,6.83322607606256,-56.7770380551037));
#12770=CARTESIAN_POINT('',(-42.7868900834758,6.29602598160812,-56.7770380551037));
#12771=CARTESIAN_POINT('',(-37.5737801669518,6.29602598160831,-56.7770380551037));
#12772=CARTESIAN_POINT('',(-37.5737801669518,4.6960259816083,-56.7770380551037));
#12773=CARTESIAN_POINT('',(-37.5737801669518,6.03322607606265,-56.7770380551037));
#12774=CARTESIAN_POINT('',(-45.5737801669518,4.6960259816083,-56.7770380551037));
#12775=CARTESIAN_POINT('',(-50.9868900834758,4.6960259816083,-56.7770380551037));
#12776=CARTESIAN_POINT('',(-45.5737801669518,6.29602598160831,-56.7770380551037));
#12777=CARTESIAN_POINT('',(-45.5737801669518,6.83322607606265,-56.7770380551037));
#12778=CARTESIAN_POINT('',(-46.9868900834758,6.2960259816083,-56.7770380551037));
#12779=CARTESIAN_POINT('',(-45.9737801669518,6.2960259816085,-56.7770380551037));
#12780=CARTESIAN_POINT('',(-45.9737801669518,4.6960259816085,-56.7770380551037));
#12781=CARTESIAN_POINT('',(-45.9737801669518,6.03322607606275,-56.7770380551037));
#12782=CARTESIAN_POINT('',(-53.9737801669518,4.6960259816085,-56.7770380551037));
#12783=CARTESIAN_POINT('',(-55.1868900834758,4.6960259816085,-56.7770380551037));
#12784=CARTESIAN_POINT('',(-53.9737801669518,6.2960259816085,-56.7770380551037));
#12785=CARTESIAN_POINT('',(-53.9737801669518,6.83322607606275,-56.7770380551037));
#12786=CARTESIAN_POINT('',(-51.1868900834758,6.2960259816085,-56.7770380551037));
#12787=CARTESIAN_POINT('',(4.42621983305021,0.296025981607353,-56.7770380551037));
#12788=CARTESIAN_POINT('',(4.42621983305021,-1.30397401839265,-56.7770380551037));
#12789=CARTESIAN_POINT('',(4.4262198330502,3.03322607606217,-56.7770380551037));
#12790=CARTESIAN_POINT('',(-3.57378016694979,-1.30397401839265,-56.7770380551037));
#12791=CARTESIAN_POINT('',(-29.9868900834748,-1.30397401839265,-56.7770380551037));
#12792=CARTESIAN_POINT('',(-3.57378016694979,0.296025981607353,-56.7770380551037));
#12793=CARTESIAN_POINT('',(-3.57378016694979,3.83322607606218,-56.7770380551037));
#12794=CARTESIAN_POINT('',(-25.9868900834748,0.296025981607354,-56.7770380551037));
#12795=CARTESIAN_POINT('Origin',(59.8301219753077,9.14897956133042,-55.1998155949406));
#12796=CARTESIAN_POINT('',(61.4850427656986,9.38384030612702,-53.87703805511));
#12797=CARTESIAN_POINT('',(60.4447893866092,9.87397956133042,-55.6104530163596));
#12798=CARTESIAN_POINT('',(60.5182195693224,9.83938124539323,-55.4880934260128));
#12799=CARTESIAN_POINT('',(59.9964466094066,9.87397956133042,-56.0587957935622));
#12800=CARTESIAN_POINT('',(60.3427743916679,9.87397956133042,-55.7124680113009));
#12801=CARTESIAN_POINT('',(58.9711417766861,8.42397956133042,-55.0334909608417));
#12802=CARTESIAN_POINT('',(59.9964466094066,9.87397956133042,-56.0587957935622));
#12803=CARTESIAN_POINT('',(60.1275946824178,8.42397956133042,-53.87703805511));
#12804=CARTESIAN_POINT('',(59.3174695589474,8.42397956133042,-54.6871631785804));
#12805=CARTESIAN_POINT('',(55.6856141102986,5.28302497688597,-53.87703805511));
#12806=CARTESIAN_POINT('Origin',(60.3499999999999,9.14897956133042,-56.4123491841556));
#12807=CARTESIAN_POINT('',(59.8499999999998,9.87397956133042,-56.4123491841556));
#12808=CARTESIAN_POINT('',(58.3999999999999,8.42397956133042,-56.4123491841556));
#12809=CARTESIAN_POINT('',(59.8499999999998,9.87397956133042,-56.4123491841556));
#12810=CARTESIAN_POINT('Origin',(60.3499999999999,8.42397956133042,-56.4123491841556));
#12811=CARTESIAN_POINT('Origin',(60.3499999999999,9.87397956133042,-56.4123491841556));
#12812=CARTESIAN_POINT('Origin',(59.1249999999999,9.14897956133042,-57.47703805511));
#12813=CARTESIAN_POINT('',(58.3999999999999,8.42397956133042,-57.47703805511));
#12814=CARTESIAN_POINT('',(59.8499999999999,9.87397956133042,-57.47703805511));
#12815=CARTESIAN_POINT('Origin',(61.5999999999998,9.87397956133042,-56.27703805511));
#12816=CARTESIAN_POINT('',(60.4447893866092,9.87397956133042,-57.47703805511));
#12817=CARTESIAN_POINT('Origin',(64.7704920126773,7.83582548657188,-58.67703805511));
#12818=CARTESIAN_POINT('',(64.7704920126773,7.83582548657191,-53.87703805511));
#12819=CARTESIAN_POINT('',(66.4492754997336,7.04482811561039,-53.87703805511));
#12820=CARTESIAN_POINT('',(64.7704920126773,7.83582548657192,-58.67703805511));
#12821=CARTESIAN_POINT('Origin',(60.1275946824178,-10.7260580085045,-53.87703805511));
#12822=CARTESIAN_POINT('',(60.1275946824177,7.37042617051188,-53.87703805511));
#12823=CARTESIAN_POINT('',(60.1275946824178,-10.7260580085045,-53.87703805511));
#12824=CARTESIAN_POINT('',(57.5775946824178,7.37042617051188,-53.87703805511));
#12825=CARTESIAN_POINT('',(54.2637973412088,7.37042617051188,-53.87703805511));
#12826=CARTESIAN_POINT('',(57.5775946824178,-8.22250461768539,-53.87703805511));
#12827=CARTESIAN_POINT('',(57.5775946824178,-9.52605800850435,-53.87703805511));
#12828=CARTESIAN_POINT('',(60.1275946824178,-8.22250461768537,-53.87703805511));
#12829=CARTESIAN_POINT('',(54.2637973412089,-8.22250461768542,-53.87703805511));
#12830=CARTESIAN_POINT('',(60.1275946824178,-10.7260580085045,-53.87703805511));
#12831=CARTESIAN_POINT('',(60.1275946824178,-10.7260580085045,-53.87703805511));
#12832=CARTESIAN_POINT('',(60.4447893866073,-10.7260580085045,-53.87703805511));
#12833=CARTESIAN_POINT('',(60.1275946824178,-10.7260580085045,-53.87703805511));
#12834=CARTESIAN_POINT('',(64.7704920126774,-8.68790393374536,-53.87703805511));
#12835=CARTESIAN_POINT('',(62.4778560520283,-9.76813198663446,-53.87703805511));
#12836=CARTESIAN_POINT('',(64.7999999999998,-8.67246817001858,-53.87703805511));
#12837=CARTESIAN_POINT('Origin',(64.5999999999998,-8.32605800850475,-53.87703805511));
#12838=CARTESIAN_POINT('',(64.7999999999997,7.82038972284513,-53.87703805511));
#12839=CARTESIAN_POINT('',(64.7999999999998,-10.7260580085045,-53.87703805511));
#12840=CARTESIAN_POINT('Origin',(64.5999999999998,7.4739795613313,-53.87703805511));
#12841=CARTESIAN_POINT('Origin',(56.8525946824178,-9.52605800850435,-54.60203805511));
#12842=CARTESIAN_POINT('',(52.9956960118117,-8.22250461768542,-58.4589367257097));
#12843=CARTESIAN_POINT('',(53.7206960118133,7.37042617051188,-57.7339367257145));
#12844=CARTESIAN_POINT('',(54.8262198330482,6.29602598160621,-56.6284129044732));
#12845=CARTESIAN_POINT('',(54.6022509700738,6.29602598160621,-56.8523817674476));
#12846=CARTESIAN_POINT('',(54.8262198330482,4.69602598160621,-56.6284129044732));
#12847=CARTESIAN_POINT('',(54.8262198330482,2.1091050313063,-56.6284129044732));
#12848=CARTESIAN_POINT('',(52.6022509700738,4.69602598160621,-58.8523817674476));
#12849=CARTESIAN_POINT('',(54.8262198330489,4.29602598160621,-56.6284129044725));
#12850=CARTESIAN_POINT('',(54.602250970074,4.29602598160621,-56.8523817674475));
#12851=CARTESIAN_POINT('',(54.8262198330489,2.69602598160621,-56.6284129044725));
#12852=CARTESIAN_POINT('',(54.8262198330489,1.1091050313063,-56.6284129044725));
#12853=CARTESIAN_POINT('',(52.602250970074,2.69602598160621,-58.8523817674475));
#12854=CARTESIAN_POINT('',(54.8262198330496,2.29602598160621,-56.6284129044719));
#12855=CARTESIAN_POINT('',(54.6022509700741,2.29602598160621,-56.8523817674473));
#12856=CARTESIAN_POINT('',(54.8262198330496,0.696025981606213,-56.6284129044719));
#12857=CARTESIAN_POINT('',(54.8262198330496,0.109105031306303,-56.6284129044719));
#12858=CARTESIAN_POINT('',(52.6022509700741,0.696025981606212,-58.8523817674473));
#12859=CARTESIAN_POINT('',(54.8262198330502,0.296025981606212,-56.6284129044712));
#12860=CARTESIAN_POINT('',(54.6022509700743,0.296025981606212,-56.8523817674471));
#12861=CARTESIAN_POINT('',(54.8262198330502,-1.30397401839379,-56.6284129044712));
#12862=CARTESIAN_POINT('',(54.8262198330502,-0.890894968693697,-56.6284129044712));
#12863=CARTESIAN_POINT('',(52.6022509700743,-1.30397401839379,-58.8523817674471));
#12864=CARTESIAN_POINT('',(54.8262198330509,-1.70397401839379,-56.6284129044705));
#12865=CARTESIAN_POINT('',(54.6022509700745,-1.70397401839379,-56.852381767447));
#12866=CARTESIAN_POINT('',(54.8262198330509,-3.30397401839379,-56.6284129044705));
#12867=CARTESIAN_POINT('',(54.8262198330509,-1.8908949686937,-56.6284129044705));
#12868=CARTESIAN_POINT('',(52.6022509700745,-3.30397401839379,-58.852381767447));
#12869=CARTESIAN_POINT('',(54.8262198330515,-3.70397401839379,-56.6284129044699));
#12870=CARTESIAN_POINT('',(54.6022509700746,-3.70397401839379,-56.8523817674468));
#12871=CARTESIAN_POINT('',(54.8262198330515,-5.30397401839379,-56.6284129044699));
#12872=CARTESIAN_POINT('',(54.8262198330515,-2.8908949686937,-56.6284129044699));
#12873=CARTESIAN_POINT('',(52.6022509700746,-5.30397401839379,-58.8523817674468));
#12874=CARTESIAN_POINT('',(54.8262198330522,-5.70397401839379,-56.6284129044692));
#12875=CARTESIAN_POINT('',(54.6022509700748,-5.70397401839379,-56.8523817674467));
#12876=CARTESIAN_POINT('',(54.8262198330522,-7.30397401839379,-56.6284129044692));
#12877=CARTESIAN_POINT('',(54.8262198330522,-3.8908949686937,-56.6284129044692));
#12878=CARTESIAN_POINT('',(52.6022509700748,-7.30397401839379,-58.8523817674466));
#12879=CARTESIAN_POINT('Origin',(48.3999999999999,-8.22250461768546,-58.67703805511));
#12880=CARTESIAN_POINT('',(48.3999999999999,-8.22250461768546,-58.67703805511));
#12881=CARTESIAN_POINT('',(58.3999999999999,-8.22250461768538,-56.4123491841556));
#12882=CARTESIAN_POINT('',(58.3999999999999,-8.22250461768538,-58.67703805511));
#12883=CARTESIAN_POINT('',(58.9711417766861,-8.22250461768538,-55.0334909608418));
#12884=CARTESIAN_POINT('Origin',(60.3499999999999,-8.22250461768536,-56.4123491841556));
#12885=CARTESIAN_POINT('',(59.016505003119,-8.22250461768538,-54.9881277344089));
#12886=CARTESIAN_POINT('Origin',(46.3999999999999,-9.1725046176912,-58.67703805511));
#12887=CARTESIAN_POINT('',(11.1377260982909,-25.9220847211042,-74.4766181584151));
#12888=CARTESIAN_POINT('Origin',(-56.3999999999999,-8.22250461791025,-56.7770380551037));
#12889=CARTESIAN_POINT('Origin',(46.3999999999999,8.3204261705176,-58.67703805511));
#12890=CARTESIAN_POINT('',(48.3999999999999,7.37042617051188,-58.67703805511));
#12891=CARTESIAN_POINT('',(11.4486649440591,24.9223103221894,-41.1251539035717));
#12892=CARTESIAN_POINT('Origin',(48.3999999999999,7.37042617051188,-58.67703805511));
#12893=CARTESIAN_POINT('',(58.971141776686,7.37042617051188,-55.0334909608418));
#12894=CARTESIAN_POINT('',(59.016505003119,7.37042617051188,-54.9881277344089));
#12895=CARTESIAN_POINT('',(58.3999999999998,7.37042617051188,-56.4123491841556));
#12896=CARTESIAN_POINT('Origin',(60.3499999999999,7.37042617051188,-56.4123491841556));
#12897=CARTESIAN_POINT('',(58.3999999999999,7.37042617051188,-58.67703805511));
#12898=CARTESIAN_POINT('Origin',(58.3999999999999,-10.7260580085045,-58.67703805511));
#12899=CARTESIAN_POINT('',(58.3999999999999,-10.7260580085045,-56.4123491841556));
#12900=CARTESIAN_POINT('Origin',(64.5999999999998,7.4739795613313,-58.67703805511));
#12901=CARTESIAN_POINT('',(64.7999999999997,7.82038972284526,-58.67703805511));
#12902=CARTESIAN_POINT('Origin',(64.7999999999998,-0.426039223696954,-57.7270380551068));
#12903=CARTESIAN_POINT('',(64.7999999999998,-8.67246817001863,-58.67703805511));
#12904=CARTESIAN_POINT('Origin',(64.7704920126774,-8.68790393374532,-58.67703805511));
#12905=CARTESIAN_POINT('',(60.4447893866081,-10.7260580085045,-57.47703805511));
#12906=CARTESIAN_POINT('',(64.7704920126774,-8.68790393374536,-58.67703805511));
#12907=CARTESIAN_POINT('Origin',(64.5999999999998,-8.32605800850475,-58.67703805511));
#12908=CARTESIAN_POINT('Origin',(61.5999999999998,-10.7260580085045,-56.27703805511));
#12909=CARTESIAN_POINT('',(58.9711417766861,-10.7260580085045,-55.0334909608418));
#12910=CARTESIAN_POINT('',(58.9711417766861,-10.7260580085045,-55.0334909608418));
#12911=CARTESIAN_POINT('',(58.3999999999999,-10.7260580085045,-56.4123491841556));
#12912=CARTESIAN_POINT('Origin',(60.3499999999999,-10.7260580085045,-56.4123491841556));
#12913=CARTESIAN_POINT('',(58.3999999999999,-10.7260580085045,-56.4123491841556));
#12914=CARTESIAN_POINT('Origin',(60.6406601391318,-4.98013305255664,-58.67703805511));
#12915=CARTESIAN_POINT('',(57.5156601391318,-4.98013305255664,-54.67703805511));
#12916=CARTESIAN_POINT('',(57.5156601391318,-4.98013305255664,-58.67703805511));
#12917=CARTESIAN_POINT('Origin',(60.6406601391318,-4.98013305255664,-54.67703805511));
#12918=CARTESIAN_POINT('Origin',(60.6406601391318,-0.399268453848537,-54.67703805511));
#12919=CARTESIAN_POINT('Origin',(60.6406601391318,4.18159614485956,-58.67703805511));
#12920=CARTESIAN_POINT('',(57.5156601391318,4.18159614485956,-54.67703805511));
#12921=CARTESIAN_POINT('',(57.5156601391318,4.18159614485956,-58.67703805511));
#12922=CARTESIAN_POINT('Origin',(60.6406601391318,4.18159614485956,-54.67703805511));
#12923=CARTESIAN_POINT('Origin',(60.6406601391318,-0.399268453848537,-54.67703805511));
#12924=CARTESIAN_POINT('Origin',(54.8262198330522,-7.30397401839379,-58.67703805511));
#12925=CARTESIAN_POINT('',(54.8262198330522,-5.70397401839379,-58.67703805511));
#12926=CARTESIAN_POINT('',(54.8262198330522,-7.30397401839379,-58.67703805511));
#12927=CARTESIAN_POINT('Origin',(46.8262198330522,-7.30397401839379,-58.67703805511));
#12928=CARTESIAN_POINT('',(46.8262198330522,-7.30397401839379,-58.67703805511));
#12929=CARTESIAN_POINT('Origin',(46.8262198330522,-5.70397401839379,-58.67703805511));
#12930=CARTESIAN_POINT('',(46.8262198330522,-5.70397401839379,-58.67703805511));
#12931=CARTESIAN_POINT('Origin',(54.8262198330522,-5.70397401839379,-58.67703805511));
#12932=CARTESIAN_POINT('Origin',(46.4262198330522,-7.3039740183936,-58.67703805511));
#12933=CARTESIAN_POINT('',(46.4262198330522,-5.7039740183936,-58.67703805511));
#12934=CARTESIAN_POINT('',(46.4262198330522,-7.3039740183936,-58.67703805511));
#12935=CARTESIAN_POINT('Origin',(38.4262198330522,-7.3039740183936,-58.67703805511));
#12936=CARTESIAN_POINT('',(38.4262198330522,-7.3039740183936,-58.67703805511));
#12937=CARTESIAN_POINT('Origin',(38.4262198330522,-5.7039740183936,-58.67703805511));
#12938=CARTESIAN_POINT('',(38.4262198330522,-5.7039740183936,-58.67703805511));
#12939=CARTESIAN_POINT('Origin',(46.4262198330522,-5.7039740183936,-58.67703805511));
#12940=CARTESIAN_POINT('Origin',(38.0262198330522,-7.30397401839341,-58.67703805511));
#12941=CARTESIAN_POINT('',(38.0262198330522,-5.70397401839341,-58.67703805511));
#12942=CARTESIAN_POINT('',(38.0262198330522,-7.30397401839341,-58.67703805511));
#12943=CARTESIAN_POINT('Origin',(30.0262198330522,-7.30397401839341,-58.67703805511));
#12944=CARTESIAN_POINT('',(30.0262198330522,-7.30397401839341,-58.67703805511));
#12945=CARTESIAN_POINT('Origin',(30.0262198330522,-5.70397401839341,-58.67703805511));
#12946=CARTESIAN_POINT('',(30.0262198330522,-5.70397401839341,-58.67703805511));
#12947=CARTESIAN_POINT('Origin',(38.0262198330522,-5.70397401839341,-58.67703805511));
#12948=CARTESIAN_POINT('Origin',(29.6262198330522,-7.30397401839322,-58.67703805511));
#12949=CARTESIAN_POINT('',(29.6262198330522,-5.70397401839322,-58.67703805511));
#12950=CARTESIAN_POINT('',(29.6262198330522,-7.30397401839322,-58.67703805511));
#12951=CARTESIAN_POINT('Origin',(21.6262198330522,-7.30397401839322,-58.67703805511));
#12952=CARTESIAN_POINT('',(21.6262198330522,-7.30397401839322,-58.67703805511));
#12953=CARTESIAN_POINT('Origin',(21.6262198330522,-5.70397401839322,-58.67703805511));
#12954=CARTESIAN_POINT('',(21.6262198330522,-5.70397401839322,-58.67703805511));
#12955=CARTESIAN_POINT('Origin',(29.6262198330522,-5.70397401839322,-58.67703805511));
#12956=CARTESIAN_POINT('Origin',(21.2262198330522,-7.30397401839303,-58.67703805511));
#12957=CARTESIAN_POINT('',(21.2262198330522,-5.70397401839303,-58.67703805511));
#12958=CARTESIAN_POINT('',(21.2262198330522,-7.30397401839303,-58.67703805511));
#12959=CARTESIAN_POINT('Origin',(13.2262198330522,-7.30397401839303,-58.67703805511));
#12960=CARTESIAN_POINT('',(13.2262198330522,-7.30397401839303,-58.67703805511));
#12961=CARTESIAN_POINT('Origin',(13.2262198330522,-5.70397401839303,-58.67703805511));
#12962=CARTESIAN_POINT('',(13.2262198330522,-5.70397401839303,-58.67703805511));
#12963=CARTESIAN_POINT('Origin',(21.2262198330522,-5.70397401839303,-58.67703805511));
#12964=CARTESIAN_POINT('Origin',(12.8262198330522,-7.30397401839284,-58.67703805511));
#12965=CARTESIAN_POINT('',(12.8262198330522,-5.70397401839284,-58.67703805511));
#12966=CARTESIAN_POINT('',(12.8262198330522,-7.30397401839284,-58.67703805511));
#12967=CARTESIAN_POINT('Origin',(4.8262198330522,-7.30397401839284,-58.67703805511));
#12968=CARTESIAN_POINT('',(4.8262198330522,-7.30397401839284,-58.67703805511));
#12969=CARTESIAN_POINT('Origin',(4.8262198330522,-5.70397401839284,-58.67703805511));
#12970=CARTESIAN_POINT('',(4.8262198330522,-5.70397401839284,-58.67703805511));
#12971=CARTESIAN_POINT('Origin',(12.8262198330522,-5.70397401839284,-58.67703805511));
#12972=CARTESIAN_POINT('Origin',(4.4262198330522,-7.30397401839265,-58.67703805511));
#12973=CARTESIAN_POINT('',(4.4262198330522,-5.70397401839265,-58.67703805511));
#12974=CARTESIAN_POINT('',(4.4262198330522,-7.30397401839265,-58.67703805511));
#12975=CARTESIAN_POINT('Origin',(-3.5737801669478,-7.30397401839265,-58.67703805511));
#12976=CARTESIAN_POINT('',(-3.5737801669478,-7.30397401839265,-58.67703805511));
#12977=CARTESIAN_POINT('Origin',(-3.5737801669478,-5.70397401839265,-58.67703805511));
#12978=CARTESIAN_POINT('',(-3.5737801669478,-5.70397401839265,-58.67703805511));
#12979=CARTESIAN_POINT('Origin',(4.4262198330522,-5.70397401839265,-58.67703805511));
#12980=CARTESIAN_POINT('Origin',(-3.9737801669478,-7.30397401839246,-58.67703805511));
#12981=CARTESIAN_POINT('',(-3.9737801669478,-5.70397401839246,-58.67703805511));
#12982=CARTESIAN_POINT('',(-3.9737801669478,-7.30397401839246,-58.67703805511));
#12983=CARTESIAN_POINT('Origin',(-11.9737801669478,-7.30397401839246,-58.67703805511));
#12984=CARTESIAN_POINT('',(-11.9737801669478,-7.30397401839246,-58.67703805511));
#12985=CARTESIAN_POINT('Origin',(-11.9737801669478,-5.70397401839246,-58.67703805511));
#12986=CARTESIAN_POINT('',(-11.9737801669478,-5.70397401839246,-58.67703805511));
#12987=CARTESIAN_POINT('Origin',(-3.9737801669478,-5.70397401839246,-58.67703805511));
#12988=CARTESIAN_POINT('Origin',(-12.3737801669478,-7.30397401839227,-58.67703805511));
#12989=CARTESIAN_POINT('',(-12.3737801669478,-5.70397401839227,-58.67703805511));
#12990=CARTESIAN_POINT('',(-12.3737801669478,-7.30397401839227,-58.67703805511));
#12991=CARTESIAN_POINT('Origin',(-20.3737801669478,-7.30397401839227,-58.67703805511));
#12992=CARTESIAN_POINT('',(-20.3737801669478,-7.30397401839227,-58.67703805511));
#12993=CARTESIAN_POINT('Origin',(-20.3737801669478,-5.70397401839227,-58.67703805511));
#12994=CARTESIAN_POINT('',(-20.3737801669478,-5.70397401839227,-58.67703805511));
#12995=CARTESIAN_POINT('Origin',(-12.3737801669478,-5.70397401839227,-58.67703805511));
#12996=CARTESIAN_POINT('Origin',(-20.7737801669478,-7.30397401839208,-58.67703805511));
#12997=CARTESIAN_POINT('',(-20.7737801669478,-5.70397401839208,-58.67703805511));
#12998=CARTESIAN_POINT('',(-20.7737801669478,-7.30397401839208,-58.67703805511));
#12999=CARTESIAN_POINT('Origin',(-28.7737801669478,-7.30397401839208,-58.67703805511));
#13000=CARTESIAN_POINT('',(-28.7737801669478,-7.30397401839208,-58.67703805511));
#13001=CARTESIAN_POINT('Origin',(-28.7737801669478,-5.70397401839208,-58.67703805511));
#13002=CARTESIAN_POINT('',(-28.7737801669478,-5.70397401839208,-58.67703805511));
#13003=CARTESIAN_POINT('Origin',(-20.7737801669478,-5.70397401839208,-58.67703805511));
#13004=CARTESIAN_POINT('Origin',(-29.1737801669478,-7.30397401839189,-58.67703805511));
#13005=CARTESIAN_POINT('',(-29.1737801669478,-5.70397401839189,-58.67703805511));
#13006=CARTESIAN_POINT('',(-29.1737801669478,-7.30397401839189,-58.67703805511));
#13007=CARTESIAN_POINT('Origin',(-37.1737801669478,-7.30397401839189,-58.67703805511));
#13008=CARTESIAN_POINT('',(-37.1737801669478,-7.30397401839189,-58.67703805511));
#13009=CARTESIAN_POINT('Origin',(-37.1737801669478,-5.70397401839189,-58.67703805511));
#13010=CARTESIAN_POINT('',(-37.1737801669478,-5.70397401839189,-58.67703805511));
#13011=CARTESIAN_POINT('Origin',(-29.1737801669478,-5.70397401839189,-58.67703805511));
#13012=CARTESIAN_POINT('Origin',(-37.5737801669478,-7.3039740183917,-58.67703805511));
#13013=CARTESIAN_POINT('',(-37.5737801669478,-5.7039740183917,-58.67703805511));
#13014=CARTESIAN_POINT('',(-37.5737801669478,-7.3039740183917,-58.67703805511));
#13015=CARTESIAN_POINT('Origin',(-45.5737801669478,-7.3039740183917,-58.67703805511));
#13016=CARTESIAN_POINT('',(-45.5737801669478,-7.3039740183917,-58.67703805511));
#13017=CARTESIAN_POINT('Origin',(-45.5737801669478,-5.7039740183917,-58.67703805511));
#13018=CARTESIAN_POINT('',(-45.5737801669478,-5.7039740183917,-58.67703805511));
#13019=CARTESIAN_POINT('Origin',(-37.5737801669478,-5.7039740183917,-58.67703805511));
#13020=CARTESIAN_POINT('Origin',(-45.9737801669478,-7.30397401839151,-58.67703805511));
#13021=CARTESIAN_POINT('',(-45.9737801669478,-5.70397401839151,-58.67703805511));
#13022=CARTESIAN_POINT('',(-45.9737801669478,-7.30397401839151,-58.67703805511));
#13023=CARTESIAN_POINT('Origin',(-53.9737801669478,-7.30397401839151,-58.67703805511));
#13024=CARTESIAN_POINT('',(-53.9737801669478,-7.30397401839151,-58.67703805511));
#13025=CARTESIAN_POINT('Origin',(-53.9737801669478,-5.70397401839151,-58.67703805511));
#13026=CARTESIAN_POINT('',(-53.9737801669478,-5.70397401839151,-58.67703805511));
#13027=CARTESIAN_POINT('Origin',(-45.9737801669478,-5.70397401839151,-58.67703805511));
#13028=CARTESIAN_POINT('Origin',(54.8262198330515,-5.30397401839379,-58.67703805511));
#13029=CARTESIAN_POINT('',(54.8262198330515,-3.70397401839379,-58.67703805511));
#13030=CARTESIAN_POINT('',(54.8262198330515,-5.30397401839379,-58.67703805511));
#13031=CARTESIAN_POINT('Origin',(46.8262198330515,-5.30397401839379,-58.67703805511));
#13032=CARTESIAN_POINT('',(46.8262198330515,-5.30397401839379,-58.67703805511));
#13033=CARTESIAN_POINT('Origin',(46.8262198330515,-3.70397401839379,-58.67703805511));
#13034=CARTESIAN_POINT('',(46.8262198330515,-3.70397401839379,-58.67703805511));
#13035=CARTESIAN_POINT('Origin',(54.8262198330515,-3.70397401839379,-58.67703805511));
#13036=CARTESIAN_POINT('Origin',(46.4262198330515,-5.3039740183936,-58.67703805511));
#13037=CARTESIAN_POINT('',(46.4262198330515,-3.7039740183936,-58.67703805511));
#13038=CARTESIAN_POINT('',(46.4262198330515,-5.3039740183936,-58.67703805511));
#13039=CARTESIAN_POINT('Origin',(38.4262198330515,-5.3039740183936,-58.67703805511));
#13040=CARTESIAN_POINT('',(38.4262198330515,-5.3039740183936,-58.67703805511));
#13041=CARTESIAN_POINT('Origin',(38.4262198330515,-3.7039740183936,-58.67703805511));
#13042=CARTESIAN_POINT('',(38.4262198330515,-3.7039740183936,-58.67703805511));
#13043=CARTESIAN_POINT('Origin',(46.4262198330515,-3.7039740183936,-58.67703805511));
#13044=CARTESIAN_POINT('Origin',(38.0262198330515,-5.30397401839341,-58.67703805511));
#13045=CARTESIAN_POINT('',(38.0262198330515,-3.70397401839341,-58.67703805511));
#13046=CARTESIAN_POINT('',(38.0262198330515,-5.30397401839341,-58.67703805511));
#13047=CARTESIAN_POINT('Origin',(30.0262198330515,-5.30397401839341,-58.67703805511));
#13048=CARTESIAN_POINT('',(30.0262198330515,-5.30397401839341,-58.67703805511));
#13049=CARTESIAN_POINT('Origin',(30.0262198330515,-3.70397401839341,-58.67703805511));
#13050=CARTESIAN_POINT('',(30.0262198330515,-3.70397401839341,-58.67703805511));
#13051=CARTESIAN_POINT('Origin',(38.0262198330515,-3.70397401839341,-58.67703805511));
#13052=CARTESIAN_POINT('Origin',(29.6262198330515,-5.30397401839322,-58.67703805511));
#13053=CARTESIAN_POINT('',(29.6262198330515,-3.70397401839322,-58.67703805511));
#13054=CARTESIAN_POINT('',(29.6262198330515,-5.30397401839322,-58.67703805511));
#13055=CARTESIAN_POINT('Origin',(21.6262198330515,-5.30397401839322,-58.67703805511));
#13056=CARTESIAN_POINT('',(21.6262198330515,-5.30397401839322,-58.67703805511));
#13057=CARTESIAN_POINT('Origin',(21.6262198330515,-3.70397401839322,-58.67703805511));
#13058=CARTESIAN_POINT('',(21.6262198330515,-3.70397401839322,-58.67703805511));
#13059=CARTESIAN_POINT('Origin',(29.6262198330515,-3.70397401839322,-58.67703805511));
#13060=CARTESIAN_POINT('Origin',(21.2262198330515,-5.30397401839303,-58.67703805511));
#13061=CARTESIAN_POINT('',(21.2262198330515,-3.70397401839303,-58.67703805511));
#13062=CARTESIAN_POINT('',(21.2262198330515,-5.30397401839303,-58.67703805511));
#13063=CARTESIAN_POINT('Origin',(13.2262198330515,-5.30397401839303,-58.67703805511));
#13064=CARTESIAN_POINT('',(13.2262198330515,-5.30397401839303,-58.67703805511));
#13065=CARTESIAN_POINT('Origin',(13.2262198330515,-3.70397401839303,-58.67703805511));
#13066=CARTESIAN_POINT('',(13.2262198330515,-3.70397401839303,-58.67703805511));
#13067=CARTESIAN_POINT('Origin',(21.2262198330515,-3.70397401839303,-58.67703805511));
#13068=CARTESIAN_POINT('Origin',(12.8262198330515,-5.30397401839284,-58.67703805511));
#13069=CARTESIAN_POINT('',(12.8262198330515,-3.70397401839284,-58.67703805511));
#13070=CARTESIAN_POINT('',(12.8262198330515,-5.30397401839284,-58.67703805511));
#13071=CARTESIAN_POINT('Origin',(4.82621983305154,-5.30397401839284,-58.67703805511));
#13072=CARTESIAN_POINT('',(4.82621983305154,-5.30397401839284,-58.67703805511));
#13073=CARTESIAN_POINT('Origin',(4.82621983305154,-3.70397401839284,-58.67703805511));
#13074=CARTESIAN_POINT('',(4.82621983305154,-3.70397401839284,-58.67703805511));
#13075=CARTESIAN_POINT('Origin',(12.8262198330515,-3.70397401839284,-58.67703805511));
#13076=CARTESIAN_POINT('Origin',(4.42621983305154,-5.30397401839265,-58.67703805511));
#13077=CARTESIAN_POINT('',(4.42621983305154,-3.70397401839265,-58.67703805511));
#13078=CARTESIAN_POINT('',(4.42621983305154,-5.30397401839265,-58.67703805511));
#13079=CARTESIAN_POINT('Origin',(-3.57378016694846,-5.30397401839265,-58.67703805511));
#13080=CARTESIAN_POINT('',(-3.57378016694846,-5.30397401839265,-58.67703805511));
#13081=CARTESIAN_POINT('Origin',(-3.57378016694846,-3.70397401839265,-58.67703805511));
#13082=CARTESIAN_POINT('',(-3.57378016694846,-3.70397401839265,-58.67703805511));
#13083=CARTESIAN_POINT('Origin',(4.42621983305154,-3.70397401839265,-58.67703805511));
#13084=CARTESIAN_POINT('Origin',(-3.97378016694846,-5.30397401839246,-58.67703805511));
#13085=CARTESIAN_POINT('',(-3.97378016694846,-3.70397401839246,-58.67703805511));
#13086=CARTESIAN_POINT('',(-3.97378016694846,-5.30397401839246,-58.67703805511));
#13087=CARTESIAN_POINT('Origin',(-11.9737801669485,-5.30397401839246,-58.67703805511));
#13088=CARTESIAN_POINT('',(-11.9737801669485,-5.30397401839246,-58.67703805511));
#13089=CARTESIAN_POINT('Origin',(-11.9737801669485,-3.70397401839246,-58.67703805511));
#13090=CARTESIAN_POINT('',(-11.9737801669485,-3.70397401839246,-58.67703805511));
#13091=CARTESIAN_POINT('Origin',(-3.97378016694846,-3.70397401839246,-58.67703805511));
#13092=CARTESIAN_POINT('Origin',(-12.3737801669485,-5.30397401839227,-58.67703805511));
#13093=CARTESIAN_POINT('',(-12.3737801669485,-3.70397401839227,-58.67703805511));
#13094=CARTESIAN_POINT('',(-12.3737801669485,-5.30397401839227,-58.67703805511));
#13095=CARTESIAN_POINT('Origin',(-20.3737801669485,-5.30397401839227,-58.67703805511));
#13096=CARTESIAN_POINT('',(-20.3737801669485,-5.30397401839227,-58.67703805511));
#13097=CARTESIAN_POINT('Origin',(-20.3737801669485,-3.70397401839227,-58.67703805511));
#13098=CARTESIAN_POINT('',(-20.3737801669485,-3.70397401839227,-58.67703805511));
#13099=CARTESIAN_POINT('Origin',(-12.3737801669485,-3.70397401839227,-58.67703805511));
#13100=CARTESIAN_POINT('Origin',(-20.7737801669485,-5.30397401839208,-58.67703805511));
#13101=CARTESIAN_POINT('',(-20.7737801669485,-3.70397401839208,-58.67703805511));
#13102=CARTESIAN_POINT('',(-20.7737801669485,-5.30397401839208,-58.67703805511));
#13103=CARTESIAN_POINT('Origin',(-28.7737801669485,-5.30397401839208,-58.67703805511));
#13104=CARTESIAN_POINT('',(-28.7737801669485,-5.30397401839208,-58.67703805511));
#13105=CARTESIAN_POINT('Origin',(-28.7737801669485,-3.70397401839208,-58.67703805511));
#13106=CARTESIAN_POINT('',(-28.7737801669485,-3.70397401839208,-58.67703805511));
#13107=CARTESIAN_POINT('Origin',(-20.7737801669485,-3.70397401839208,-58.67703805511));
#13108=CARTESIAN_POINT('Origin',(-29.1737801669485,-5.30397401839189,-58.67703805511));
#13109=CARTESIAN_POINT('',(-29.1737801669485,-3.70397401839189,-58.67703805511));
#13110=CARTESIAN_POINT('',(-29.1737801669485,-5.30397401839189,-58.67703805511));
#13111=CARTESIAN_POINT('Origin',(-37.1737801669485,-5.30397401839189,-58.67703805511));
#13112=CARTESIAN_POINT('',(-37.1737801669485,-5.30397401839189,-58.67703805511));
#13113=CARTESIAN_POINT('Origin',(-37.1737801669485,-3.70397401839189,-58.67703805511));
#13114=CARTESIAN_POINT('',(-37.1737801669485,-3.70397401839189,-58.67703805511));
#13115=CARTESIAN_POINT('Origin',(-29.1737801669485,-3.70397401839189,-58.67703805511));
#13116=CARTESIAN_POINT('Origin',(-37.5737801669485,-5.3039740183917,-58.67703805511));
#13117=CARTESIAN_POINT('',(-37.5737801669485,-3.7039740183917,-58.67703805511));
#13118=CARTESIAN_POINT('',(-37.5737801669485,-5.3039740183917,-58.67703805511));
#13119=CARTESIAN_POINT('Origin',(-45.5737801669485,-5.3039740183917,-58.67703805511));
#13120=CARTESIAN_POINT('',(-45.5737801669485,-5.3039740183917,-58.67703805511));
#13121=CARTESIAN_POINT('Origin',(-45.5737801669485,-3.7039740183917,-58.67703805511));
#13122=CARTESIAN_POINT('',(-45.5737801669485,-3.7039740183917,-58.67703805511));
#13123=CARTESIAN_POINT('Origin',(-37.5737801669485,-3.7039740183917,-58.67703805511));
#13124=CARTESIAN_POINT('Origin',(-45.9737801669485,-5.30397401839151,-58.67703805511));
#13125=CARTESIAN_POINT('',(-45.9737801669485,-3.70397401839151,-58.67703805511));
#13126=CARTESIAN_POINT('',(-45.9737801669485,-5.30397401839151,-58.67703805511));
#13127=CARTESIAN_POINT('Origin',(-53.9737801669485,-5.30397401839151,-58.67703805511));
#13128=CARTESIAN_POINT('',(-53.9737801669485,-5.30397401839151,-58.67703805511));
#13129=CARTESIAN_POINT('Origin',(-53.9737801669485,-3.70397401839151,-58.67703805511));
#13130=CARTESIAN_POINT('',(-53.9737801669485,-3.70397401839151,-58.67703805511));
#13131=CARTESIAN_POINT('Origin',(-45.9737801669485,-3.70397401839151,-58.67703805511));
#13132=CARTESIAN_POINT('Origin',(54.8262198330509,-3.30397401839379,-58.67703805511));
#13133=CARTESIAN_POINT('',(54.8262198330509,-1.70397401839379,-58.67703805511));
#13134=CARTESIAN_POINT('',(54.8262198330509,-3.30397401839379,-58.67703805511));
#13135=CARTESIAN_POINT('Origin',(46.8262198330509,-3.30397401839379,-58.67703805511));
#13136=CARTESIAN_POINT('',(46.8262198330509,-3.30397401839379,-58.67703805511));
#13137=CARTESIAN_POINT('Origin',(46.8262198330509,-1.70397401839379,-58.67703805511));
#13138=CARTESIAN_POINT('',(46.8262198330509,-1.70397401839379,-58.67703805511));
#13139=CARTESIAN_POINT('Origin',(54.8262198330509,-1.70397401839379,-58.67703805511));
#13140=CARTESIAN_POINT('Origin',(46.4262198330509,-3.3039740183936,-58.67703805511));
#13141=CARTESIAN_POINT('',(46.4262198330509,-1.7039740183936,-58.67703805511));
#13142=CARTESIAN_POINT('',(46.4262198330509,-3.3039740183936,-58.67703805511));
#13143=CARTESIAN_POINT('Origin',(38.4262198330509,-3.3039740183936,-58.67703805511));
#13144=CARTESIAN_POINT('',(38.4262198330509,-3.3039740183936,-58.67703805511));
#13145=CARTESIAN_POINT('Origin',(38.4262198330509,-1.7039740183936,-58.67703805511));
#13146=CARTESIAN_POINT('',(38.4262198330509,-1.7039740183936,-58.67703805511));
#13147=CARTESIAN_POINT('Origin',(46.4262198330509,-1.7039740183936,-58.67703805511));
#13148=CARTESIAN_POINT('Origin',(38.0262198330509,-3.30397401839341,-58.67703805511));
#13149=CARTESIAN_POINT('',(38.0262198330509,-1.70397401839341,-58.67703805511));
#13150=CARTESIAN_POINT('',(38.0262198330509,-3.30397401839341,-58.67703805511));
#13151=CARTESIAN_POINT('Origin',(30.0262198330509,-3.30397401839341,-58.67703805511));
#13152=CARTESIAN_POINT('',(30.0262198330509,-3.30397401839341,-58.67703805511));
#13153=CARTESIAN_POINT('Origin',(30.0262198330509,-1.70397401839341,-58.67703805511));
#13154=CARTESIAN_POINT('',(30.0262198330509,-1.70397401839341,-58.67703805511));
#13155=CARTESIAN_POINT('Origin',(38.0262198330509,-1.70397401839341,-58.67703805511));
#13156=CARTESIAN_POINT('Origin',(29.6262198330509,-3.30397401839322,-58.67703805511));
#13157=CARTESIAN_POINT('',(29.6262198330509,-1.70397401839322,-58.67703805511));
#13158=CARTESIAN_POINT('',(29.6262198330509,-3.30397401839322,-58.67703805511));
#13159=CARTESIAN_POINT('Origin',(21.6262198330509,-3.30397401839322,-58.67703805511));
#13160=CARTESIAN_POINT('',(21.6262198330509,-3.30397401839322,-58.67703805511));
#13161=CARTESIAN_POINT('Origin',(21.6262198330509,-1.70397401839322,-58.67703805511));
#13162=CARTESIAN_POINT('',(21.6262198330509,-1.70397401839322,-58.67703805511));
#13163=CARTESIAN_POINT('Origin',(29.6262198330509,-1.70397401839322,-58.67703805511));
#13164=CARTESIAN_POINT('Origin',(21.2262198330509,-3.30397401839303,-58.67703805511));
#13165=CARTESIAN_POINT('',(21.2262198330509,-1.70397401839303,-58.67703805511));
#13166=CARTESIAN_POINT('',(21.2262198330509,-3.30397401839303,-58.67703805511));
#13167=CARTESIAN_POINT('Origin',(13.2262198330509,-3.30397401839303,-58.67703805511));
#13168=CARTESIAN_POINT('',(13.2262198330509,-3.30397401839303,-58.67703805511));
#13169=CARTESIAN_POINT('Origin',(13.2262198330509,-1.70397401839303,-58.67703805511));
#13170=CARTESIAN_POINT('',(13.2262198330509,-1.70397401839303,-58.67703805511));
#13171=CARTESIAN_POINT('Origin',(21.2262198330509,-1.70397401839303,-58.67703805511));
#13172=CARTESIAN_POINT('Origin',(12.8262198330509,-3.30397401839284,-58.67703805511));
#13173=CARTESIAN_POINT('',(12.8262198330509,-1.70397401839284,-58.67703805511));
#13174=CARTESIAN_POINT('',(12.8262198330509,-3.30397401839284,-58.67703805511));
#13175=CARTESIAN_POINT('Origin',(4.82621983305087,-3.30397401839284,-58.67703805511));
#13176=CARTESIAN_POINT('',(4.82621983305087,-3.30397401839284,-58.67703805511));
#13177=CARTESIAN_POINT('Origin',(4.82621983305087,-1.70397401839284,-58.67703805511));
#13178=CARTESIAN_POINT('',(4.82621983305087,-1.70397401839284,-58.67703805511));
#13179=CARTESIAN_POINT('Origin',(12.8262198330509,-1.70397401839284,-58.67703805511));
#13180=CARTESIAN_POINT('Origin',(4.42621983305087,-3.30397401839265,-58.67703805511));
#13181=CARTESIAN_POINT('',(4.42621983305087,-1.70397401839265,-58.67703805511));
#13182=CARTESIAN_POINT('',(4.42621983305087,-3.30397401839265,-58.67703805511));
#13183=CARTESIAN_POINT('Origin',(-3.57378016694913,-3.30397401839265,-58.67703805511));
#13184=CARTESIAN_POINT('',(-3.57378016694913,-3.30397401839265,-58.67703805511));
#13185=CARTESIAN_POINT('Origin',(-3.57378016694913,-1.70397401839265,-58.67703805511));
#13186=CARTESIAN_POINT('',(-3.57378016694913,-1.70397401839265,-58.67703805511));
#13187=CARTESIAN_POINT('Origin',(4.42621983305087,-1.70397401839265,-58.67703805511));
#13188=CARTESIAN_POINT('Origin',(-3.97378016694913,-3.30397401839246,-58.67703805511));
#13189=CARTESIAN_POINT('',(-3.97378016694913,-1.70397401839246,-58.67703805511));
#13190=CARTESIAN_POINT('',(-3.97378016694913,-3.30397401839246,-58.67703805511));
#13191=CARTESIAN_POINT('Origin',(-11.9737801669491,-3.30397401839246,-58.67703805511));
#13192=CARTESIAN_POINT('',(-11.9737801669491,-3.30397401839246,-58.67703805511));
#13193=CARTESIAN_POINT('Origin',(-11.9737801669491,-1.70397401839246,-58.67703805511));
#13194=CARTESIAN_POINT('',(-11.9737801669491,-1.70397401839246,-58.67703805511));
#13195=CARTESIAN_POINT('Origin',(-3.97378016694913,-1.70397401839246,-58.67703805511));
#13196=CARTESIAN_POINT('Origin',(-12.3737801669491,-3.30397401839227,-58.67703805511));
#13197=CARTESIAN_POINT('',(-12.3737801669491,-1.70397401839227,-58.67703805511));
#13198=CARTESIAN_POINT('',(-12.3737801669491,-3.30397401839227,-58.67703805511));
#13199=CARTESIAN_POINT('Origin',(-20.3737801669491,-3.30397401839227,-58.67703805511));
#13200=CARTESIAN_POINT('',(-20.3737801669491,-3.30397401839227,-58.67703805511));
#13201=CARTESIAN_POINT('Origin',(-20.3737801669491,-1.70397401839227,-58.67703805511));
#13202=CARTESIAN_POINT('',(-20.3737801669491,-1.70397401839227,-58.67703805511));
#13203=CARTESIAN_POINT('Origin',(-12.3737801669491,-1.70397401839227,-58.67703805511));
#13204=CARTESIAN_POINT('Origin',(-20.7737801669491,-3.30397401839208,-58.67703805511));
#13205=CARTESIAN_POINT('',(-20.7737801669491,-1.70397401839208,-58.67703805511));
#13206=CARTESIAN_POINT('',(-20.7737801669491,-3.30397401839208,-58.67703805511));
#13207=CARTESIAN_POINT('Origin',(-28.7737801669491,-3.30397401839208,-58.67703805511));
#13208=CARTESIAN_POINT('',(-28.7737801669491,-3.30397401839208,-58.67703805511));
#13209=CARTESIAN_POINT('Origin',(-28.7737801669491,-1.70397401839208,-58.67703805511));
#13210=CARTESIAN_POINT('',(-28.7737801669491,-1.70397401839208,-58.67703805511));
#13211=CARTESIAN_POINT('Origin',(-20.7737801669491,-1.70397401839208,-58.67703805511));
#13212=CARTESIAN_POINT('Origin',(-29.1737801669491,-3.30397401839189,-58.67703805511));
#13213=CARTESIAN_POINT('',(-29.1737801669491,-1.70397401839189,-58.67703805511));
#13214=CARTESIAN_POINT('',(-29.1737801669491,-3.30397401839189,-58.67703805511));
#13215=CARTESIAN_POINT('Origin',(-37.1737801669491,-3.30397401839189,-58.67703805511));
#13216=CARTESIAN_POINT('',(-37.1737801669491,-3.30397401839189,-58.67703805511));
#13217=CARTESIAN_POINT('Origin',(-37.1737801669491,-1.70397401839189,-58.67703805511));
#13218=CARTESIAN_POINT('',(-37.1737801669491,-1.70397401839189,-58.67703805511));
#13219=CARTESIAN_POINT('Origin',(-29.1737801669491,-1.70397401839189,-58.67703805511));
#13220=CARTESIAN_POINT('Origin',(-37.5737801669491,-3.3039740183917,-58.67703805511));
#13221=CARTESIAN_POINT('',(-37.5737801669491,-1.7039740183917,-58.67703805511));
#13222=CARTESIAN_POINT('',(-37.5737801669491,-3.3039740183917,-58.67703805511));
#13223=CARTESIAN_POINT('Origin',(-45.5737801669491,-3.3039740183917,-58.67703805511));
#13224=CARTESIAN_POINT('',(-45.5737801669491,-3.3039740183917,-58.67703805511));
#13225=CARTESIAN_POINT('Origin',(-45.5737801669491,-1.7039740183917,-58.67703805511));
#13226=CARTESIAN_POINT('',(-45.5737801669491,-1.7039740183917,-58.67703805511));
#13227=CARTESIAN_POINT('Origin',(-37.5737801669491,-1.7039740183917,-58.67703805511));
#13228=CARTESIAN_POINT('Origin',(-45.9737801669491,-3.30397401839151,-58.67703805511));
#13229=CARTESIAN_POINT('',(-45.9737801669491,-1.70397401839151,-58.67703805511));
#13230=CARTESIAN_POINT('',(-45.9737801669491,-3.30397401839151,-58.67703805511));
#13231=CARTESIAN_POINT('Origin',(-53.9737801669491,-3.30397401839151,-58.67703805511));
#13232=CARTESIAN_POINT('',(-53.9737801669491,-3.30397401839151,-58.67703805511));
#13233=CARTESIAN_POINT('Origin',(-53.9737801669491,-1.70397401839151,-58.67703805511));
#13234=CARTESIAN_POINT('',(-53.9737801669491,-1.70397401839151,-58.67703805511));
#13235=CARTESIAN_POINT('Origin',(-45.9737801669491,-1.70397401839151,-58.67703805511));
#13236=CARTESIAN_POINT('Origin',(54.8262198330502,-1.30397401839379,-58.67703805511));
#13237=CARTESIAN_POINT('',(54.8262198330502,0.296025981606212,-58.67703805511));
#13238=CARTESIAN_POINT('',(54.8262198330502,-1.30397401839379,-58.67703805511));
#13239=CARTESIAN_POINT('Origin',(46.8262198330502,-1.30397401839379,-58.67703805511));
#13240=CARTESIAN_POINT('',(46.8262198330502,-1.30397401839379,-58.67703805511));
#13241=CARTESIAN_POINT('Origin',(46.8262198330502,0.296025981606212,-58.67703805511));
#13242=CARTESIAN_POINT('',(46.8262198330502,0.296025981606212,-58.67703805511));
#13243=CARTESIAN_POINT('Origin',(54.8262198330502,0.296025981606212,-58.67703805511));
#13244=CARTESIAN_POINT('Origin',(46.4262198330502,-1.3039740183936,-58.67703805511));
#13245=CARTESIAN_POINT('',(46.4262198330502,0.296025981606402,-58.67703805511));
#13246=CARTESIAN_POINT('',(46.4262198330502,-1.3039740183936,-58.67703805511));
#13247=CARTESIAN_POINT('Origin',(38.4262198330502,-1.3039740183936,-58.67703805511));
#13248=CARTESIAN_POINT('',(38.4262198330502,-1.3039740183936,-58.67703805511));
#13249=CARTESIAN_POINT('Origin',(38.4262198330502,0.296025981606402,-58.67703805511));
#13250=CARTESIAN_POINT('',(38.4262198330502,0.296025981606402,-58.67703805511));
#13251=CARTESIAN_POINT('Origin',(46.4262198330502,0.296025981606402,-58.67703805511));
#13252=CARTESIAN_POINT('Origin',(38.0262198330502,-1.30397401839341,-58.67703805511));
#13253=CARTESIAN_POINT('',(38.0262198330502,0.296025981606593,-58.67703805511));
#13254=CARTESIAN_POINT('',(38.0262198330502,-1.30397401839341,-58.67703805511));
#13255=CARTESIAN_POINT('Origin',(30.0262198330502,-1.30397401839341,-58.67703805511));
#13256=CARTESIAN_POINT('',(30.0262198330502,-1.30397401839341,-58.67703805511));
#13257=CARTESIAN_POINT('Origin',(30.0262198330502,0.296025981606593,-58.67703805511));
#13258=CARTESIAN_POINT('',(30.0262198330502,0.296025981606593,-58.67703805511));
#13259=CARTESIAN_POINT('Origin',(38.0262198330502,0.296025981606593,-58.67703805511));
#13260=CARTESIAN_POINT('Origin',(29.6262198330502,-1.30397401839322,-58.67703805511));
#13261=CARTESIAN_POINT('',(29.6262198330502,0.296025981606783,-58.67703805511));
#13262=CARTESIAN_POINT('',(29.6262198330502,-1.30397401839322,-58.67703805511));
#13263=CARTESIAN_POINT('Origin',(21.6262198330502,-1.30397401839322,-58.67703805511));
#13264=CARTESIAN_POINT('',(21.6262198330502,-1.30397401839322,-58.67703805511));
#13265=CARTESIAN_POINT('Origin',(21.6262198330502,0.296025981606783,-58.67703805511));
#13266=CARTESIAN_POINT('',(21.6262198330502,0.296025981606783,-58.67703805511));
#13267=CARTESIAN_POINT('Origin',(29.6262198330502,0.296025981606783,-58.67703805511));
#13268=CARTESIAN_POINT('Origin',(21.2262198330502,-1.30397401839303,-58.67703805511));
#13269=CARTESIAN_POINT('',(21.2262198330502,0.296025981606973,-58.67703805511));
#13270=CARTESIAN_POINT('',(21.2262198330502,-1.30397401839303,-58.67703805511));
#13271=CARTESIAN_POINT('Origin',(13.2262198330502,-1.30397401839303,-58.67703805511));
#13272=CARTESIAN_POINT('',(13.2262198330502,-1.30397401839303,-58.67703805511));
#13273=CARTESIAN_POINT('Origin',(13.2262198330502,0.296025981606973,-58.67703805511));
#13274=CARTESIAN_POINT('',(13.2262198330502,0.296025981606973,-58.67703805511));
#13275=CARTESIAN_POINT('Origin',(21.2262198330502,0.296025981606973,-58.67703805511));
#13276=CARTESIAN_POINT('Origin',(12.8262198330502,-1.30397401839284,-58.67703805511));
#13277=CARTESIAN_POINT('',(12.8262198330502,0.296025981607163,-58.67703805511));
#13278=CARTESIAN_POINT('',(12.8262198330502,-1.30397401839284,-58.67703805511));
#13279=CARTESIAN_POINT('Origin',(4.82621983305021,-1.30397401839284,-58.67703805511));
#13280=CARTESIAN_POINT('',(4.82621983305021,-1.30397401839284,-58.67703805511));
#13281=CARTESIAN_POINT('Origin',(4.82621983305021,0.296025981607163,-58.67703805511));
#13282=CARTESIAN_POINT('',(4.82621983305021,0.296025981607163,-58.67703805511));
#13283=CARTESIAN_POINT('Origin',(12.8262198330502,0.296025981607163,-58.67703805511));
#13284=CARTESIAN_POINT('Origin',(-3.97378016694979,-1.30397401839246,-58.67703805511));
#13285=CARTESIAN_POINT('',(-3.97378016694979,0.296025981607543,-58.67703805511));
#13286=CARTESIAN_POINT('',(-3.97378016694979,-1.30397401839246,-58.67703805511));
#13287=CARTESIAN_POINT('Origin',(-11.9737801669498,-1.30397401839246,-58.67703805511));
#13288=CARTESIAN_POINT('',(-11.9737801669498,-1.30397401839246,-58.67703805511));
#13289=CARTESIAN_POINT('Origin',(-11.9737801669498,0.296025981607543,-58.67703805511));
#13290=CARTESIAN_POINT('',(-11.9737801669498,0.296025981607543,-58.67703805511));
#13291=CARTESIAN_POINT('Origin',(-3.97378016694979,0.296025981607543,-58.67703805511));
#13292=CARTESIAN_POINT('Origin',(-12.3737801669498,-1.30397401839227,-58.67703805511));
#13293=CARTESIAN_POINT('',(-12.3737801669498,0.296025981607734,-58.67703805511));
#13294=CARTESIAN_POINT('',(-12.3737801669498,-1.30397401839227,-58.67703805511));
#13295=CARTESIAN_POINT('Origin',(-20.3737801669498,-1.30397401839227,-58.67703805511));
#13296=CARTESIAN_POINT('',(-20.3737801669498,-1.30397401839227,-58.67703805511));
#13297=CARTESIAN_POINT('Origin',(-20.3737801669498,0.296025981607734,-58.67703805511));
#13298=CARTESIAN_POINT('',(-20.3737801669498,0.296025981607734,-58.67703805511));
#13299=CARTESIAN_POINT('Origin',(-12.3737801669498,0.296025981607734,-58.67703805511));
#13300=CARTESIAN_POINT('Origin',(-20.7737801669498,-1.30397401839208,-58.67703805511));
#13301=CARTESIAN_POINT('',(-20.7737801669498,0.296025981607924,-58.67703805511));
#13302=CARTESIAN_POINT('',(-20.7737801669498,-1.30397401839208,-58.67703805511));
#13303=CARTESIAN_POINT('Origin',(-28.7737801669498,-1.30397401839208,-58.67703805511));
#13304=CARTESIAN_POINT('',(-28.7737801669498,-1.30397401839208,-58.67703805511));
#13305=CARTESIAN_POINT('Origin',(-28.7737801669498,0.296025981607924,-58.67703805511));
#13306=CARTESIAN_POINT('',(-28.7737801669498,0.296025981607924,-58.67703805511));
#13307=CARTESIAN_POINT('Origin',(-20.7737801669498,0.296025981607924,-58.67703805511));
#13308=CARTESIAN_POINT('Origin',(-29.1737801669498,-1.30397401839189,-58.67703805511));
#13309=CARTESIAN_POINT('',(-29.1737801669498,0.296025981608114,-58.67703805511));
#13310=CARTESIAN_POINT('',(-29.1737801669498,-1.30397401839189,-58.67703805511));
#13311=CARTESIAN_POINT('Origin',(-37.1737801669498,-1.30397401839189,-58.67703805511));
#13312=CARTESIAN_POINT('',(-37.1737801669498,-1.30397401839189,-58.67703805511));
#13313=CARTESIAN_POINT('Origin',(-37.1737801669498,0.296025981608114,-58.67703805511));
#13314=CARTESIAN_POINT('',(-37.1737801669498,0.296025981608114,-58.67703805511));
#13315=CARTESIAN_POINT('Origin',(-29.1737801669498,0.296025981608114,-58.67703805511));
#13316=CARTESIAN_POINT('Origin',(-37.5737801669498,-1.3039740183917,-58.67703805511));
#13317=CARTESIAN_POINT('',(-37.5737801669498,0.296025981608304,-58.67703805511));
#13318=CARTESIAN_POINT('',(-37.5737801669498,-1.3039740183917,-58.67703805511));
#13319=CARTESIAN_POINT('Origin',(-45.5737801669498,-1.3039740183917,-58.67703805511));
#13320=CARTESIAN_POINT('',(-45.5737801669498,-1.3039740183917,-58.67703805511));
#13321=CARTESIAN_POINT('Origin',(-45.5737801669498,0.296025981608304,-58.67703805511));
#13322=CARTESIAN_POINT('',(-45.5737801669498,0.296025981608304,-58.67703805511));
#13323=CARTESIAN_POINT('Origin',(-37.5737801669498,0.296025981608304,-58.67703805511));
#13324=CARTESIAN_POINT('Origin',(-45.9737801669498,-1.30397401839151,-58.67703805511));
#13325=CARTESIAN_POINT('',(-45.9737801669498,0.296025981608494,-58.67703805511));
#13326=CARTESIAN_POINT('',(-45.9737801669498,-1.30397401839151,-58.67703805511));
#13327=CARTESIAN_POINT('Origin',(-53.9737801669498,-1.30397401839151,-58.67703805511));
#13328=CARTESIAN_POINT('',(-53.9737801669498,-1.30397401839151,-58.67703805511));
#13329=CARTESIAN_POINT('Origin',(-53.9737801669498,0.296025981608494,-58.67703805511));
#13330=CARTESIAN_POINT('',(-53.9737801669498,0.296025981608494,-58.67703805511));
#13331=CARTESIAN_POINT('Origin',(-45.9737801669498,0.296025981608494,-58.67703805511));
#13332=CARTESIAN_POINT('Origin',(54.8262198330496,0.696025981606212,-58.67703805511));
#13333=CARTESIAN_POINT('',(54.8262198330496,2.29602598160621,-58.67703805511));
#13334=CARTESIAN_POINT('',(54.8262198330496,0.696025981606212,-58.67703805511));
#13335=CARTESIAN_POINT('Origin',(46.8262198330495,0.696025981606212,-58.67703805511));
#13336=CARTESIAN_POINT('',(46.8262198330495,0.696025981606212,-58.67703805511));
#13337=CARTESIAN_POINT('Origin',(46.8262198330495,2.29602598160621,-58.67703805511));
#13338=CARTESIAN_POINT('',(46.8262198330495,2.29602598160621,-58.67703805511));
#13339=CARTESIAN_POINT('Origin',(54.8262198330496,2.29602598160621,-58.67703805511));
#13340=CARTESIAN_POINT('Origin',(46.4262198330495,0.696025981606402,-58.67703805511));
#13341=CARTESIAN_POINT('',(46.4262198330495,2.2960259816064,-58.67703805511));
#13342=CARTESIAN_POINT('',(46.4262198330495,0.696025981606402,-58.67703805511));
#13343=CARTESIAN_POINT('Origin',(38.4262198330495,0.696025981606402,-58.67703805511));
#13344=CARTESIAN_POINT('',(38.4262198330495,0.696025981606402,-58.67703805511));
#13345=CARTESIAN_POINT('Origin',(38.4262198330495,2.2960259816064,-58.67703805511));
#13346=CARTESIAN_POINT('',(38.4262198330495,2.2960259816064,-58.67703805511));
#13347=CARTESIAN_POINT('Origin',(46.4262198330495,2.2960259816064,-58.67703805511));
#13348=CARTESIAN_POINT('Origin',(38.0262198330495,0.696025981606593,-58.67703805511));
#13349=CARTESIAN_POINT('',(38.0262198330495,2.29602598160659,-58.67703805511));
#13350=CARTESIAN_POINT('',(38.0262198330495,0.696025981606593,-58.67703805511));
#13351=CARTESIAN_POINT('Origin',(30.0262198330495,0.696025981606593,-58.67703805511));
#13352=CARTESIAN_POINT('',(30.0262198330495,0.696025981606593,-58.67703805511));
#13353=CARTESIAN_POINT('Origin',(30.0262198330495,2.29602598160659,-58.67703805511));
#13354=CARTESIAN_POINT('',(30.0262198330495,2.29602598160659,-58.67703805511));
#13355=CARTESIAN_POINT('Origin',(38.0262198330495,2.29602598160659,-58.67703805511));
#13356=CARTESIAN_POINT('Origin',(29.6262198330495,0.696025981606783,-58.67703805511));
#13357=CARTESIAN_POINT('',(29.6262198330495,2.29602598160678,-58.67703805511));
#13358=CARTESIAN_POINT('',(29.6262198330495,0.696025981606783,-58.67703805511));
#13359=CARTESIAN_POINT('Origin',(21.6262198330495,0.696025981606783,-58.67703805511));
#13360=CARTESIAN_POINT('',(21.6262198330495,0.696025981606783,-58.67703805511));
#13361=CARTESIAN_POINT('Origin',(21.6262198330495,2.29602598160678,-58.67703805511));
#13362=CARTESIAN_POINT('',(21.6262198330495,2.29602598160678,-58.67703805511));
#13363=CARTESIAN_POINT('Origin',(29.6262198330495,2.29602598160678,-58.67703805511));
#13364=CARTESIAN_POINT('Origin',(21.2262198330495,0.696025981606973,-58.67703805511));
#13365=CARTESIAN_POINT('',(21.2262198330495,2.29602598160697,-58.67703805511));
#13366=CARTESIAN_POINT('',(21.2262198330495,0.696025981606973,-58.67703805511));
#13367=CARTESIAN_POINT('Origin',(13.2262198330495,0.696025981606973,-58.67703805511));
#13368=CARTESIAN_POINT('',(13.2262198330495,0.696025981606973,-58.67703805511));
#13369=CARTESIAN_POINT('Origin',(13.2262198330495,2.29602598160697,-58.67703805511));
#13370=CARTESIAN_POINT('',(13.2262198330495,2.29602598160697,-58.67703805511));
#13371=CARTESIAN_POINT('Origin',(21.2262198330495,2.29602598160697,-58.67703805511));
#13372=CARTESIAN_POINT('Origin',(12.8262198330495,0.696025981607163,-58.67703805511));
#13373=CARTESIAN_POINT('',(12.8262198330495,2.29602598160716,-58.67703805511));
#13374=CARTESIAN_POINT('',(12.8262198330495,0.696025981607163,-58.67703805511));
#13375=CARTESIAN_POINT('Origin',(4.82621983304955,0.696025981607163,-58.67703805511));
#13376=CARTESIAN_POINT('',(4.82621983304955,0.696025981607163,-58.67703805511));
#13377=CARTESIAN_POINT('Origin',(4.82621983304955,2.29602598160716,-58.67703805511));
#13378=CARTESIAN_POINT('',(4.82621983304955,2.29602598160716,-58.67703805511));
#13379=CARTESIAN_POINT('Origin',(12.8262198330495,2.29602598160716,-58.67703805511));
#13380=CARTESIAN_POINT('Origin',(4.42621983304954,0.696025981607353,-58.67703805511));
#13381=CARTESIAN_POINT('',(4.42621983304954,2.29602598160735,-58.67703805511));
#13382=CARTESIAN_POINT('',(4.42621983304954,0.696025981607353,-58.67703805511));
#13383=CARTESIAN_POINT('Origin',(-3.57378016695046,0.696025981607353,-58.67703805511));
#13384=CARTESIAN_POINT('',(-3.57378016695046,0.696025981607353,-58.67703805511));
#13385=CARTESIAN_POINT('Origin',(-3.57378016695046,2.29602598160735,-58.67703805511));
#13386=CARTESIAN_POINT('',(-3.57378016695046,2.29602598160735,-58.67703805511));
#13387=CARTESIAN_POINT('Origin',(4.42621983304954,2.29602598160735,-58.67703805511));
#13388=CARTESIAN_POINT('Origin',(-3.97378016695046,0.696025981607543,-58.67703805511));
#13389=CARTESIAN_POINT('',(-3.97378016695046,2.29602598160754,-58.67703805511));
#13390=CARTESIAN_POINT('',(-3.97378016695046,0.696025981607543,-58.67703805511));
#13391=CARTESIAN_POINT('Origin',(-11.9737801669505,0.696025981607543,-58.67703805511));
#13392=CARTESIAN_POINT('',(-11.9737801669505,0.696025981607543,-58.67703805511));
#13393=CARTESIAN_POINT('Origin',(-11.9737801669505,2.29602598160754,-58.67703805511));
#13394=CARTESIAN_POINT('',(-11.9737801669505,2.29602598160754,-58.67703805511));
#13395=CARTESIAN_POINT('Origin',(-3.97378016695046,2.29602598160754,-58.67703805511));
#13396=CARTESIAN_POINT('Origin',(-12.3737801669505,0.696025981607734,-58.67703805511));
#13397=CARTESIAN_POINT('',(-12.3737801669505,2.29602598160773,-58.67703805511));
#13398=CARTESIAN_POINT('',(-12.3737801669505,0.696025981607734,-58.67703805511));
#13399=CARTESIAN_POINT('Origin',(-20.3737801669505,0.696025981607734,-58.67703805511));
#13400=CARTESIAN_POINT('',(-20.3737801669505,0.696025981607734,-58.67703805511));
#13401=CARTESIAN_POINT('Origin',(-20.3737801669505,2.29602598160773,-58.67703805511));
#13402=CARTESIAN_POINT('',(-20.3737801669505,2.29602598160773,-58.67703805511));
#13403=CARTESIAN_POINT('Origin',(-12.3737801669505,2.29602598160773,-58.67703805511));
#13404=CARTESIAN_POINT('Origin',(-20.7737801669505,0.696025981607924,-58.67703805511));
#13405=CARTESIAN_POINT('',(-20.7737801669505,2.29602598160792,-58.67703805511));
#13406=CARTESIAN_POINT('',(-20.7737801669505,0.696025981607924,-58.67703805511));
#13407=CARTESIAN_POINT('Origin',(-28.7737801669505,0.696025981607924,-58.67703805511));
#13408=CARTESIAN_POINT('',(-28.7737801669505,0.696025981607924,-58.67703805511));
#13409=CARTESIAN_POINT('Origin',(-28.7737801669505,2.29602598160792,-58.67703805511));
#13410=CARTESIAN_POINT('',(-28.7737801669505,2.29602598160792,-58.67703805511));
#13411=CARTESIAN_POINT('Origin',(-20.7737801669505,2.29602598160792,-58.67703805511));
#13412=CARTESIAN_POINT('Origin',(-29.1737801669505,0.696025981608114,-58.67703805511));
#13413=CARTESIAN_POINT('',(-29.1737801669505,2.29602598160811,-58.67703805511));
#13414=CARTESIAN_POINT('',(-29.1737801669505,0.696025981608114,-58.67703805511));
#13415=CARTESIAN_POINT('Origin',(-37.1737801669505,0.696025981608114,-58.67703805511));
#13416=CARTESIAN_POINT('',(-37.1737801669505,0.696025981608114,-58.67703805511));
#13417=CARTESIAN_POINT('Origin',(-37.1737801669505,2.29602598160811,-58.67703805511));
#13418=CARTESIAN_POINT('',(-37.1737801669505,2.29602598160811,-58.67703805511));
#13419=CARTESIAN_POINT('Origin',(-29.1737801669505,2.29602598160811,-58.67703805511));
#13420=CARTESIAN_POINT('Origin',(-37.5737801669505,0.696025981608304,-58.67703805511));
#13421=CARTESIAN_POINT('',(-37.5737801669505,2.2960259816083,-58.67703805511));
#13422=CARTESIAN_POINT('',(-37.5737801669505,0.696025981608304,-58.67703805511));
#13423=CARTESIAN_POINT('Origin',(-45.5737801669505,0.696025981608304,-58.67703805511));
#13424=CARTESIAN_POINT('',(-45.5737801669505,0.696025981608304,-58.67703805511));
#13425=CARTESIAN_POINT('Origin',(-45.5737801669505,2.2960259816083,-58.67703805511));
#13426=CARTESIAN_POINT('',(-45.5737801669505,2.2960259816083,-58.67703805511));
#13427=CARTESIAN_POINT('Origin',(-37.5737801669505,2.2960259816083,-58.67703805511));
#13428=CARTESIAN_POINT('Origin',(-45.9737801669505,0.696025981608494,-58.67703805511));
#13429=CARTESIAN_POINT('',(-45.9737801669505,2.29602598160849,-58.67703805511));
#13430=CARTESIAN_POINT('',(-45.9737801669505,0.696025981608494,-58.67703805511));
#13431=CARTESIAN_POINT('Origin',(-53.9737801669505,0.696025981608494,-58.67703805511));
#13432=CARTESIAN_POINT('',(-53.9737801669505,0.696025981608494,-58.67703805511));
#13433=CARTESIAN_POINT('Origin',(-53.9737801669505,2.29602598160849,-58.67703805511));
#13434=CARTESIAN_POINT('',(-53.9737801669505,2.29602598160849,-58.67703805511));
#13435=CARTESIAN_POINT('Origin',(-45.9737801669505,2.29602598160849,-58.67703805511));
#13436=CARTESIAN_POINT('Origin',(54.8262198330489,2.69602598160621,-58.67703805511));
#13437=CARTESIAN_POINT('',(54.8262198330489,4.29602598160621,-58.67703805511));
#13438=CARTESIAN_POINT('',(54.8262198330489,2.69602598160621,-58.67703805511));
#13439=CARTESIAN_POINT('Origin',(46.8262198330489,2.69602598160621,-58.67703805511));
#13440=CARTESIAN_POINT('',(46.8262198330489,2.69602598160621,-58.67703805511));
#13441=CARTESIAN_POINT('Origin',(46.8262198330489,4.29602598160621,-58.67703805511));
#13442=CARTESIAN_POINT('',(46.8262198330489,4.29602598160621,-58.67703805511));
#13443=CARTESIAN_POINT('Origin',(54.8262198330489,4.29602598160621,-58.67703805511));
#13444=CARTESIAN_POINT('Origin',(46.4262198330489,2.6960259816064,-58.67703805511));
#13445=CARTESIAN_POINT('',(46.4262198330489,4.2960259816064,-58.67703805511));
#13446=CARTESIAN_POINT('',(46.4262198330489,2.6960259816064,-58.67703805511));
#13447=CARTESIAN_POINT('Origin',(38.4262198330489,2.6960259816064,-58.67703805511));
#13448=CARTESIAN_POINT('',(38.4262198330489,2.6960259816064,-58.67703805511));
#13449=CARTESIAN_POINT('Origin',(38.4262198330489,4.2960259816064,-58.67703805511));
#13450=CARTESIAN_POINT('',(38.4262198330489,4.2960259816064,-58.67703805511));
#13451=CARTESIAN_POINT('Origin',(46.4262198330489,4.2960259816064,-58.67703805511));
#13452=CARTESIAN_POINT('Origin',(38.0262198330489,2.69602598160659,-58.67703805511));
#13453=CARTESIAN_POINT('',(38.0262198330489,4.29602598160659,-58.67703805511));
#13454=CARTESIAN_POINT('',(38.0262198330489,2.69602598160659,-58.67703805511));
#13455=CARTESIAN_POINT('Origin',(30.0262198330489,2.69602598160659,-58.67703805511));
#13456=CARTESIAN_POINT('',(30.0262198330489,2.69602598160659,-58.67703805511));
#13457=CARTESIAN_POINT('Origin',(30.0262198330489,4.29602598160659,-58.67703805511));
#13458=CARTESIAN_POINT('',(30.0262198330489,4.29602598160659,-58.67703805511));
#13459=CARTESIAN_POINT('Origin',(38.0262198330489,4.29602598160659,-58.67703805511));
#13460=CARTESIAN_POINT('Origin',(29.6262198330489,2.69602598160678,-58.67703805511));
#13461=CARTESIAN_POINT('',(29.6262198330489,4.29602598160678,-58.67703805511));
#13462=CARTESIAN_POINT('',(29.6262198330489,2.69602598160678,-58.67703805511));
#13463=CARTESIAN_POINT('Origin',(21.6262198330489,2.69602598160678,-58.67703805511));
#13464=CARTESIAN_POINT('',(21.6262198330489,2.69602598160678,-58.67703805511));
#13465=CARTESIAN_POINT('Origin',(21.6262198330489,4.29602598160678,-58.67703805511));
#13466=CARTESIAN_POINT('',(21.6262198330489,4.29602598160678,-58.67703805511));
#13467=CARTESIAN_POINT('Origin',(29.6262198330489,4.29602598160678,-58.67703805511));
#13468=CARTESIAN_POINT('Origin',(21.2262198330489,2.69602598160697,-58.67703805511));
#13469=CARTESIAN_POINT('',(21.2262198330489,4.29602598160697,-58.67703805511));
#13470=CARTESIAN_POINT('',(21.2262198330489,2.69602598160697,-58.67703805511));
#13471=CARTESIAN_POINT('Origin',(13.2262198330489,2.69602598160697,-58.67703805511));
#13472=CARTESIAN_POINT('',(13.2262198330489,2.69602598160697,-58.67703805511));
#13473=CARTESIAN_POINT('Origin',(13.2262198330489,4.29602598160697,-58.67703805511));
#13474=CARTESIAN_POINT('',(13.2262198330489,4.29602598160697,-58.67703805511));
#13475=CARTESIAN_POINT('Origin',(21.2262198330489,4.29602598160697,-58.67703805511));
#13476=CARTESIAN_POINT('Origin',(12.8262198330489,2.69602598160716,-58.67703805511));
#13477=CARTESIAN_POINT('',(12.8262198330489,4.29602598160716,-58.67703805511));
#13478=CARTESIAN_POINT('',(12.8262198330489,2.69602598160716,-58.67703805511));
#13479=CARTESIAN_POINT('Origin',(4.82621983304888,2.69602598160716,-58.67703805511));
#13480=CARTESIAN_POINT('',(4.82621983304888,2.69602598160716,-58.67703805511));
#13481=CARTESIAN_POINT('Origin',(4.82621983304888,4.29602598160716,-58.67703805511));
#13482=CARTESIAN_POINT('',(4.82621983304888,4.29602598160716,-58.67703805511));
#13483=CARTESIAN_POINT('Origin',(12.8262198330489,4.29602598160716,-58.67703805511));
#13484=CARTESIAN_POINT('Origin',(4.42621983304888,2.69602598160735,-58.67703805511));
#13485=CARTESIAN_POINT('',(4.42621983304888,4.29602598160735,-58.67703805511));
#13486=CARTESIAN_POINT('',(4.42621983304888,2.69602598160735,-58.67703805511));
#13487=CARTESIAN_POINT('Origin',(-3.57378016695112,2.69602598160735,-58.67703805511));
#13488=CARTESIAN_POINT('',(-3.57378016695112,2.69602598160735,-58.67703805511));
#13489=CARTESIAN_POINT('Origin',(-3.57378016695112,4.29602598160735,-58.67703805511));
#13490=CARTESIAN_POINT('',(-3.57378016695112,4.29602598160735,-58.67703805511));
#13491=CARTESIAN_POINT('Origin',(4.42621983304888,4.29602598160735,-58.67703805511));
#13492=CARTESIAN_POINT('Origin',(-3.97378016695112,2.69602598160754,-58.67703805511));
#13493=CARTESIAN_POINT('',(-3.97378016695112,4.29602598160754,-58.67703805511));
#13494=CARTESIAN_POINT('',(-3.97378016695112,2.69602598160754,-58.67703805511));
#13495=CARTESIAN_POINT('Origin',(-11.9737801669511,2.69602598160754,-58.67703805511));
#13496=CARTESIAN_POINT('',(-11.9737801669511,2.69602598160754,-58.67703805511));
#13497=CARTESIAN_POINT('Origin',(-11.9737801669511,4.29602598160754,-58.67703805511));
#13498=CARTESIAN_POINT('',(-11.9737801669511,4.29602598160754,-58.67703805511));
#13499=CARTESIAN_POINT('Origin',(-3.97378016695112,4.29602598160754,-58.67703805511));
#13500=CARTESIAN_POINT('Origin',(-12.3737801669511,2.69602598160773,-58.67703805511));
#13501=CARTESIAN_POINT('',(-12.3737801669511,4.29602598160773,-58.67703805511));
#13502=CARTESIAN_POINT('',(-12.3737801669511,2.69602598160773,-58.67703805511));
#13503=CARTESIAN_POINT('Origin',(-20.3737801669511,2.69602598160773,-58.67703805511));
#13504=CARTESIAN_POINT('',(-20.3737801669511,2.69602598160773,-58.67703805511));
#13505=CARTESIAN_POINT('Origin',(-20.3737801669511,4.29602598160773,-58.67703805511));
#13506=CARTESIAN_POINT('',(-20.3737801669511,4.29602598160773,-58.67703805511));
#13507=CARTESIAN_POINT('Origin',(-12.3737801669511,4.29602598160773,-58.67703805511));
#13508=CARTESIAN_POINT('Origin',(-20.7737801669511,2.69602598160792,-58.67703805511));
#13509=CARTESIAN_POINT('',(-20.7737801669511,4.29602598160792,-58.67703805511));
#13510=CARTESIAN_POINT('',(-20.7737801669511,2.69602598160792,-58.67703805511));
#13511=CARTESIAN_POINT('Origin',(-28.7737801669511,2.69602598160792,-58.67703805511));
#13512=CARTESIAN_POINT('',(-28.7737801669511,2.69602598160792,-58.67703805511));
#13513=CARTESIAN_POINT('Origin',(-28.7737801669511,4.29602598160792,-58.67703805511));
#13514=CARTESIAN_POINT('',(-28.7737801669511,4.29602598160792,-58.67703805511));
#13515=CARTESIAN_POINT('Origin',(-20.7737801669511,4.29602598160792,-58.67703805511));
#13516=CARTESIAN_POINT('Origin',(-29.1737801669511,2.69602598160811,-58.67703805511));
#13517=CARTESIAN_POINT('',(-29.1737801669511,4.29602598160811,-58.67703805511));
#13518=CARTESIAN_POINT('',(-29.1737801669511,2.69602598160811,-58.67703805511));
#13519=CARTESIAN_POINT('Origin',(-37.1737801669511,2.69602598160811,-58.67703805511));
#13520=CARTESIAN_POINT('',(-37.1737801669511,2.69602598160811,-58.67703805511));
#13521=CARTESIAN_POINT('Origin',(-37.1737801669511,4.29602598160811,-58.67703805511));
#13522=CARTESIAN_POINT('',(-37.1737801669511,4.29602598160811,-58.67703805511));
#13523=CARTESIAN_POINT('Origin',(-29.1737801669511,4.29602598160811,-58.67703805511));
#13524=CARTESIAN_POINT('Origin',(-37.5737801669511,2.6960259816083,-58.67703805511));
#13525=CARTESIAN_POINT('',(-37.5737801669511,4.29602598160831,-58.67703805511));
#13526=CARTESIAN_POINT('',(-37.5737801669511,2.6960259816083,-58.67703805511));
#13527=CARTESIAN_POINT('Origin',(-45.5737801669511,2.6960259816083,-58.67703805511));
#13528=CARTESIAN_POINT('',(-45.5737801669511,2.6960259816083,-58.67703805511));
#13529=CARTESIAN_POINT('Origin',(-45.5737801669511,4.2960259816083,-58.67703805511));
#13530=CARTESIAN_POINT('',(-45.5737801669511,4.2960259816083,-58.67703805511));
#13531=CARTESIAN_POINT('Origin',(-37.5737801669511,4.2960259816083,-58.67703805511));
#13532=CARTESIAN_POINT('Origin',(-45.9737801669511,2.69602598160849,-58.67703805511));
#13533=CARTESIAN_POINT('',(-45.9737801669511,4.2960259816085,-58.67703805511));
#13534=CARTESIAN_POINT('',(-45.9737801669511,2.69602598160849,-58.67703805511));
#13535=CARTESIAN_POINT('Origin',(-53.9737801669511,2.69602598160849,-58.67703805511));
#13536=CARTESIAN_POINT('',(-53.9737801669511,2.69602598160849,-58.67703805511));
#13537=CARTESIAN_POINT('Origin',(-53.9737801669511,4.29602598160849,-58.67703805511));
#13538=CARTESIAN_POINT('',(-53.9737801669511,4.29602598160849,-58.67703805511));
#13539=CARTESIAN_POINT('Origin',(-45.9737801669511,4.29602598160849,-58.67703805511));
#13540=CARTESIAN_POINT('Origin',(54.8262198330482,4.69602598160621,-58.67703805511));
#13541=CARTESIAN_POINT('',(54.8262198330482,6.29602598160621,-58.67703805511));
#13542=CARTESIAN_POINT('',(54.8262198330482,4.69602598160621,-58.67703805511));
#13543=CARTESIAN_POINT('Origin',(46.8262198330482,4.69602598160621,-58.67703805511));
#13544=CARTESIAN_POINT('',(46.8262198330482,4.69602598160621,-58.67703805511));
#13545=CARTESIAN_POINT('Origin',(46.8262198330482,6.29602598160621,-58.67703805511));
#13546=CARTESIAN_POINT('',(46.8262198330482,6.29602598160621,-58.67703805511));
#13547=CARTESIAN_POINT('Origin',(54.8262198330482,6.29602598160621,-58.67703805511));
#13548=CARTESIAN_POINT('Origin',(46.4262198330482,4.6960259816064,-58.67703805511));
#13549=CARTESIAN_POINT('',(46.4262198330482,6.2960259816064,-58.67703805511));
#13550=CARTESIAN_POINT('',(46.4262198330482,4.6960259816064,-58.67703805511));
#13551=CARTESIAN_POINT('Origin',(38.4262198330482,4.6960259816064,-58.67703805511));
#13552=CARTESIAN_POINT('',(38.4262198330482,4.6960259816064,-58.67703805511));
#13553=CARTESIAN_POINT('Origin',(38.4262198330482,6.2960259816064,-58.67703805511));
#13554=CARTESIAN_POINT('',(38.4262198330482,6.2960259816064,-58.67703805511));
#13555=CARTESIAN_POINT('Origin',(46.4262198330482,6.2960259816064,-58.67703805511));
#13556=CARTESIAN_POINT('Origin',(38.0262198330482,4.69602598160659,-58.67703805511));
#13557=CARTESIAN_POINT('',(38.0262198330482,6.29602598160659,-58.67703805511));
#13558=CARTESIAN_POINT('',(38.0262198330482,4.69602598160659,-58.67703805511));
#13559=CARTESIAN_POINT('Origin',(30.0262198330482,4.69602598160659,-58.67703805511));
#13560=CARTESIAN_POINT('',(30.0262198330482,4.69602598160659,-58.67703805511));
#13561=CARTESIAN_POINT('Origin',(30.0262198330482,6.29602598160659,-58.67703805511));
#13562=CARTESIAN_POINT('',(30.0262198330482,6.29602598160659,-58.67703805511));
#13563=CARTESIAN_POINT('Origin',(38.0262198330482,6.29602598160659,-58.67703805511));
#13564=CARTESIAN_POINT('Origin',(29.6262198330482,4.69602598160678,-58.67703805511));
#13565=CARTESIAN_POINT('',(29.6262198330482,6.29602598160678,-58.67703805511));
#13566=CARTESIAN_POINT('',(29.6262198330482,4.69602598160678,-58.67703805511));
#13567=CARTESIAN_POINT('Origin',(21.6262198330482,4.69602598160678,-58.67703805511));
#13568=CARTESIAN_POINT('',(21.6262198330482,4.69602598160678,-58.67703805511));
#13569=CARTESIAN_POINT('Origin',(21.6262198330482,6.29602598160678,-58.67703805511));
#13570=CARTESIAN_POINT('',(21.6262198330482,6.29602598160678,-58.67703805511));
#13571=CARTESIAN_POINT('Origin',(29.6262198330482,6.29602598160678,-58.67703805511));
#13572=CARTESIAN_POINT('Origin',(21.2262198330482,4.69602598160697,-58.67703805511));
#13573=CARTESIAN_POINT('',(21.2262198330482,6.29602598160697,-58.67703805511));
#13574=CARTESIAN_POINT('',(21.2262198330482,4.69602598160697,-58.67703805511));
#13575=CARTESIAN_POINT('Origin',(13.2262198330482,4.69602598160697,-58.67703805511));
#13576=CARTESIAN_POINT('',(13.2262198330482,4.69602598160697,-58.67703805511));
#13577=CARTESIAN_POINT('Origin',(13.2262198330482,6.29602598160697,-58.67703805511));
#13578=CARTESIAN_POINT('',(13.2262198330482,6.29602598160697,-58.67703805511));
#13579=CARTESIAN_POINT('Origin',(21.2262198330482,6.29602598160697,-58.67703805511));
#13580=CARTESIAN_POINT('Origin',(12.8262198330482,4.69602598160716,-58.67703805511));
#13581=CARTESIAN_POINT('',(12.8262198330482,6.29602598160717,-58.67703805511));
#13582=CARTESIAN_POINT('',(12.8262198330482,4.69602598160716,-58.67703805511));
#13583=CARTESIAN_POINT('Origin',(4.82621983304822,4.69602598160716,-58.67703805511));
#13584=CARTESIAN_POINT('',(4.82621983304822,4.69602598160716,-58.67703805511));
#13585=CARTESIAN_POINT('Origin',(4.82621983304822,6.29602598160717,-58.67703805511));
#13586=CARTESIAN_POINT('',(4.82621983304822,6.29602598160717,-58.67703805511));
#13587=CARTESIAN_POINT('Origin',(12.8262198330482,6.29602598160717,-58.67703805511));
#13588=CARTESIAN_POINT('Origin',(4.42621983304822,4.69602598160735,-58.67703805511));
#13589=CARTESIAN_POINT('',(4.42621983304822,6.29602598160735,-58.67703805511));
#13590=CARTESIAN_POINT('',(4.42621983304822,4.69602598160735,-58.67703805511));
#13591=CARTESIAN_POINT('Origin',(-3.57378016695178,4.69602598160735,-58.67703805511));
#13592=CARTESIAN_POINT('',(-3.57378016695178,4.69602598160735,-58.67703805511));
#13593=CARTESIAN_POINT('Origin',(-3.57378016695178,6.29602598160735,-58.67703805511));
#13594=CARTESIAN_POINT('',(-3.57378016695178,6.29602598160735,-58.67703805511));
#13595=CARTESIAN_POINT('Origin',(4.42621983304822,6.29602598160735,-58.67703805511));
#13596=CARTESIAN_POINT('Origin',(-3.97378016695178,4.69602598160754,-58.67703805511));
#13597=CARTESIAN_POINT('',(-3.97378016695178,6.29602598160754,-58.67703805511));
#13598=CARTESIAN_POINT('',(-3.97378016695178,4.69602598160754,-58.67703805511));
#13599=CARTESIAN_POINT('Origin',(-11.9737801669518,4.69602598160754,-58.67703805511));
#13600=CARTESIAN_POINT('',(-11.9737801669518,4.69602598160754,-58.67703805511));
#13601=CARTESIAN_POINT('Origin',(-11.9737801669518,6.29602598160754,-58.67703805511));
#13602=CARTESIAN_POINT('',(-11.9737801669518,6.29602598160754,-58.67703805511));
#13603=CARTESIAN_POINT('Origin',(-3.97378016695178,6.29602598160754,-58.67703805511));
#13604=CARTESIAN_POINT('Origin',(-12.3737801669518,4.69602598160774,-58.67703805511));
#13605=CARTESIAN_POINT('',(-12.3737801669518,6.29602598160774,-58.67703805511));
#13606=CARTESIAN_POINT('',(-12.3737801669518,4.69602598160774,-58.67703805511));
#13607=CARTESIAN_POINT('Origin',(-20.3737801669518,4.69602598160774,-58.67703805511));
#13608=CARTESIAN_POINT('',(-20.3737801669518,4.69602598160774,-58.67703805511));
#13609=CARTESIAN_POINT('Origin',(-20.3737801669518,6.29602598160774,-58.67703805511));
#13610=CARTESIAN_POINT('',(-20.3737801669518,6.29602598160774,-58.67703805511));
#13611=CARTESIAN_POINT('Origin',(-12.3737801669518,6.29602598160774,-58.67703805511));
#13612=CARTESIAN_POINT('Origin',(-20.7737801669518,4.69602598160792,-58.67703805511));
#13613=CARTESIAN_POINT('',(-20.7737801669518,6.29602598160793,-58.67703805511));
#13614=CARTESIAN_POINT('',(-20.7737801669518,4.69602598160792,-58.67703805511));
#13615=CARTESIAN_POINT('Origin',(-28.7737801669518,4.69602598160792,-58.67703805511));
#13616=CARTESIAN_POINT('',(-28.7737801669518,4.69602598160792,-58.67703805511));
#13617=CARTESIAN_POINT('Origin',(-28.7737801669518,6.29602598160793,-58.67703805511));
#13618=CARTESIAN_POINT('',(-28.7737801669518,6.29602598160793,-58.67703805511));
#13619=CARTESIAN_POINT('Origin',(-20.7737801669518,6.29602598160793,-58.67703805511));
#13620=CARTESIAN_POINT('Origin',(-29.1737801669518,4.69602598160811,-58.67703805511));
#13621=CARTESIAN_POINT('',(-29.1737801669518,6.29602598160812,-58.67703805511));
#13622=CARTESIAN_POINT('',(-29.1737801669518,4.69602598160811,-58.67703805511));
#13623=CARTESIAN_POINT('Origin',(-37.1737801669518,4.69602598160811,-58.67703805511));
#13624=CARTESIAN_POINT('',(-37.1737801669518,4.69602598160811,-58.67703805511));
#13625=CARTESIAN_POINT('Origin',(-37.1737801669518,6.29602598160812,-58.67703805511));
#13626=CARTESIAN_POINT('',(-37.1737801669518,6.29602598160812,-58.67703805511));
#13627=CARTESIAN_POINT('Origin',(-29.1737801669518,6.29602598160812,-58.67703805511));
#13628=CARTESIAN_POINT('Origin',(-37.5737801669518,4.6960259816083,-58.67703805511));
#13629=CARTESIAN_POINT('',(-37.5737801669518,6.29602598160831,-58.67703805511));
#13630=CARTESIAN_POINT('',(-37.5737801669518,4.6960259816083,-58.67703805511));
#13631=CARTESIAN_POINT('Origin',(-45.5737801669518,4.6960259816083,-58.67703805511));
#13632=CARTESIAN_POINT('',(-45.5737801669518,4.6960259816083,-58.67703805511));
#13633=CARTESIAN_POINT('Origin',(-45.5737801669518,6.29602598160831,-58.67703805511));
#13634=CARTESIAN_POINT('',(-45.5737801669518,6.29602598160831,-58.67703805511));
#13635=CARTESIAN_POINT('Origin',(-37.5737801669518,6.29602598160831,-58.67703805511));
#13636=CARTESIAN_POINT('Origin',(-45.9737801669518,4.6960259816085,-58.67703805511));
#13637=CARTESIAN_POINT('',(-45.9737801669518,6.2960259816085,-58.67703805511));
#13638=CARTESIAN_POINT('',(-45.9737801669518,4.6960259816085,-58.67703805511));
#13639=CARTESIAN_POINT('Origin',(-53.9737801669518,4.6960259816085,-58.67703805511));
#13640=CARTESIAN_POINT('',(-53.9737801669518,4.6960259816085,-58.67703805511));
#13641=CARTESIAN_POINT('Origin',(-53.9737801669518,6.2960259816085,-58.67703805511));
#13642=CARTESIAN_POINT('',(-53.9737801669518,6.2960259816085,-58.67703805511));
#13643=CARTESIAN_POINT('Origin',(-45.9737801669518,6.2960259816085,-58.67703805511));
#13644=CARTESIAN_POINT('Origin',(4.42621983305021,-1.30397401839265,-58.67703805511));
#13645=CARTESIAN_POINT('',(4.42621983305021,0.296025981607353,-58.67703805511));
#13646=CARTESIAN_POINT('',(4.42621983305021,-1.30397401839265,-58.67703805511));
#13647=CARTESIAN_POINT('Origin',(-3.57378016694979,-1.30397401839265,-58.67703805511));
#13648=CARTESIAN_POINT('',(-3.57378016694979,-1.30397401839265,-58.67703805511));
#13649=CARTESIAN_POINT('Origin',(-3.57378016694979,0.296025981607353,-58.67703805511));
#13650=CARTESIAN_POINT('',(-3.57378016694979,0.296025981607353,-58.67703805511));
#13651=CARTESIAN_POINT('Origin',(4.42621983305021,0.296025981607353,-58.67703805511));
#13652=CARTESIAN_POINT('Origin',(60.3499999999999,-10.7260580085045,-56.4123491841556));
#13653=CARTESIAN_POINT('',(58.9711417766861,-10.7260580085045,-55.0334909608418));
#13654=CARTESIAN_POINT('Origin',(58.9711417766861,-10.7260580085045,-55.0334909608418));
#13655=CARTESIAN_POINT('Origin',(58.9711417766861,-10.7260580085045,-55.0334909608418));
#13656=CARTESIAN_POINT('',(58.971141776686,9.87397956133099,-55.0334909608418));
#13657=CARTESIAN_POINT('Origin',(60.3499999999999,-10.7260580085045,-56.4123491841556));
#13658=CARTESIAN_POINT('',(58.3999999999998,9.87397956133098,-56.4123491841556));
#13659=CARTESIAN_POINT('Origin',(58.3999999999999,-10.7260580085045,-58.67703805511));
#13660=CARTESIAN_POINT('Origin',(-56.3999999999999,7.37042617051184,-58.67703805511));
#13661=UNCERTAINTY_MEASURE_WITH_UNIT(LENGTH_MEASURE(0.01),#13665,
'DISTANCE_ACCURACY_VALUE',
'Maximum model space distance between geometric entities at asserted c
onnectivities');
#13662=UNCERTAINTY_MEASURE_WITH_UNIT(LENGTH_MEASURE(0.01),#13665,
'DISTANCE_ACCURACY_VALUE',
'Maximum model space distance between geometric entities at asserted c
onnectivities');
#13663=(
GEOMETRIC_REPRESENTATION_CONTEXT(3)
GLOBAL_UNCERTAINTY_ASSIGNED_CONTEXT((#13661))
GLOBAL_UNIT_ASSIGNED_CONTEXT((#13665,#13667,#13668))
REPRESENTATION_CONTEXT('','3D')
);
#13664=(
GEOMETRIC_REPRESENTATION_CONTEXT(3)
GLOBAL_UNCERTAINTY_ASSIGNED_CONTEXT((#13662))
GLOBAL_UNIT_ASSIGNED_CONTEXT((#13665,#13667,#13668))
REPRESENTATION_CONTEXT('','3D')
);
#13665=(
LENGTH_UNIT()
NAMED_UNIT(*)
SI_UNIT(.MILLI.,.METRE.)
);
#13666=(
LENGTH_UNIT()
NAMED_UNIT(*)
SI_UNIT($,.METRE.)
);
#13667=(
NAMED_UNIT(*)
PLANE_ANGLE_UNIT()
SI_UNIT($,.RADIAN.)
);
#13668=(
NAMED_UNIT(*)
SI_UNIT($,.STERADIAN.)
SOLID_ANGLE_UNIT()
);
#13669=SHAPE_DEFINITION_REPRESENTATION(#13670,#13671);
#13670=PRODUCT_DEFINITION_SHAPE('',$,#13673);
#13671=SHAPE_REPRESENTATION('',(#8797),#13663);
#13672=PRODUCT_DEFINITION_CONTEXT('part definition',#13677,'design');
#13673=PRODUCT_DEFINITION('[E]Door (180,0,0)','[E]Door (180,0,0)',#13674,
#13672);
#13674=PRODUCT_DEFINITION_FORMATION('',$,#13679);
#13675=PRODUCT_RELATED_PRODUCT_CATEGORY('[E]Door (180,0,0)',
'[E]Door (180,0,0)',(#13679));
#13676=APPLICATION_PROTOCOL_DEFINITION('international standard',
'ap242_managed_model_based_3d_engineering',2011,#13677);
#13677=APPLICATION_CONTEXT('Managed model based 3d engineering');
#13678=PRODUCT_CONTEXT('part definition',#13677,'mechanical');
#13679=PRODUCT('[E]Door (180,0,0)','[E]Door (180,0,0)',$,(#13678));
#13680=PRESENTATION_STYLE_ASSIGNMENT((#13682));
#13681=PRESENTATION_STYLE_ASSIGNMENT((#13683));
#13682=SURFACE_STYLE_USAGE(.BOTH.,#13684);
#13683=SURFACE_STYLE_USAGE(.BOTH.,#13685);
#13684=SURFACE_SIDE_STYLE('',(#13686));
#13685=SURFACE_SIDE_STYLE('',(#13687));
#13686=SURFACE_STYLE_FILL_AREA(#13688);
#13687=SURFACE_STYLE_FILL_AREA(#13689);
#13688=FILL_AREA_STYLE('Steel - Satin',(#13690));
#13689=FILL_AREA_STYLE('Polymaker Polylite ABS Turqois',(#13691));
#13690=FILL_AREA_STYLE_COLOUR('Steel - Satin',#13692);
#13691=FILL_AREA_STYLE_COLOUR('Polymaker Polylite ABS Turqois',#13693);
#13692=COLOUR_RGB('Steel - Satin',0.627450980392157,0.627450980392157,0.627450980392157);
#13693=COLOUR_RGB('Polymaker Polylite ABS Turqois',0.250980392156863,0.741176470588235,
0.796078431372549);
ENDSEC;
END-ISO-10303-21;
